termo,codigo_cnae,descricao_cnae,secao,divisao,grupo,classe,tipo,relevancia,data_criacao
Cultivo de arroz,0111301,,A,01,,,nome_oficial,100,
Cultivo,0111301,,A,01,,,produto,85,
Cultivo,0111301,,A,01,,,produto,85,
Arroz,0111301,,A,01,,,atividade,85,
Arroz,0111301,,A,01,,,atividade,85,
Cultivo de arroz,0111301,,A,01,,,palavra_chave,90,
Cultivo de milho,0111302,,A,01,,,nome_oficial,100,
Cultivo,0111302,,A,01,,,produto,85,
Cultivo,0111302,,A,01,,,produto,85,
Milho,0111302,,A,01,,,atividade,85,
Milho,0111302,,A,01,,,atividade,85,
Cultivo de milho,0111302,,A,01,,,palavra_chave,90,
Cultivo de trigo,0111303,,A,01,,,nome_oficial,100,
Cultivo,0111303,,A,01,,,produto,85,
Cultivo,0111303,,A,01,,,produto,85,
Trigo,0111303,,A,01,,,atividade,85,
Trigo,0111303,,A,01,,,atividade,85,
Cultivo de trigo,0111303,,A,01,,,palavra_chave,90,
Cultivo de outros cereais não especificados anteriormente,0111399,,A,01,,,nome_oficial,100,
Cultivo,0111399,,A,01,,,produto,85,
Cultivo,0111399,,A,01,,,produto,85,
Outros,0111399,,A,01,,,atividade,85,
Outros,0111399,,A,01,,,atividade,85,
Cereais,0111399,,A,01,,,atividade,85,
Cereais,0111399,,A,01,,,atividade,85,
Especificados,0111399,,A,01,,,atividade,85,
Especificados,0111399,,A,01,,,atividade,85,
Cultivo de outros cereais não especificados anteriormente,0111399,,A,01,,,palavra_chave,90,
Cultivo de algodão herbáceo,0112101,,A,01,,,nome_oficial,100,
Cultivo,0112101,,A,01,,,produto,85,
Cultivo,0112101,,A,01,,,produto,85,
Algodão,0112101,,A,01,,,atividade,85,
Algodao,0112101,,A,01,,,atividade,85,
Herbáceo,0112101,,A,01,,,atividade,85,
Herbaceo,0112101,,A,01,,,atividade,85,
Cultivo de algodão herbáceo,0112101,,A,01,,,palavra_chave,90,
Cultivo de juta,0112102,,A,01,,,nome_oficial,100,
Cultivo,0112102,,A,01,,,produto,85,
Cultivo,0112102,,A,01,,,produto,85,
Juta,0112102,,A,01,,,atividade,85,
Juta,0112102,,A,01,,,atividade,85,
Cultivo de juta,0112102,,A,01,,,palavra_chave,90,
Cultivo de outras fibras de lavoura temporária não especificadas anteriormente,0112199,,A,01,,,nome_oficial,100,
Cultivo,0112199,,A,01,,,produto,85,
Cultivo,0112199,,A,01,,,produto,85,
Outras,0112199,,A,01,,,atividade,85,
Outras,0112199,,A,01,,,atividade,85,
Fibras,0112199,,A,01,,,atividade,85,
Fibras,0112199,,A,01,,,atividade,85,
Lavoura,0112199,,A,01,,,atividade,85,
Lavoura,0112199,,A,01,,,atividade,85,
Temporária,0112199,,A,01,,,atividade,85,
Temporaria,0112199,,A,01,,,atividade,85,
Cultivo de outras fibras de lavoura temporária não especificadas anteriormente,0112199,,A,01,,,palavra_chave,90,
Cultivo de cana-de-açúcar,0113000,,A,01,,,nome_oficial,100,
Cultivo,0113000,,A,01,,,produto,85,
Cultivo,0113000,,A,01,,,produto,85,
Cana,0113000,,A,01,,,atividade,85,
Cana,0113000,,A,01,,,atividade,85,
Açúcar,0113000,,A,01,,,atividade,85,
Acucar,0113000,,A,01,,,atividade,85,
Cultivo de cana-de-açúcar,0113000,,A,01,,,palavra_chave,90,
Cultivo de fumo,0114800,,A,01,,,nome_oficial,100,
Cultivo,0114800,,A,01,,,produto,85,
Cultivo,0114800,,A,01,,,produto,85,
Fumo,0114800,,A,01,,,atividade,85,
Fumo,0114800,,A,01,,,atividade,85,
Cultivo de fumo,0114800,,A,01,,,palavra_chave,90,
Cultivo de soja,0115600,,A,01,,,nome_oficial,100,
Cultivo,0115600,,A,01,,,produto,85,
Cultivo,0115600,,A,01,,,produto,85,
Soja,0115600,,A,01,,,atividade,85,
Soja,0115600,,A,01,,,atividade,85,
Cultivo de soja,0115600,,A,01,,,palavra_chave,90,
Cultivo de amendoim,0116401,,A,01,,,nome_oficial,100,
Cultivo,0116401,,A,01,,,produto,85,
Cultivo,0116401,,A,01,,,produto,85,
Amendoim,0116401,,A,01,,,atividade,85,
Amendoim,0116401,,A,01,,,atividade,85,
Cultivo de amendoim,0116401,,A,01,,,palavra_chave,90,
Cultivo de girassol,0116402,,A,01,,,nome_oficial,100,
Cultivo,0116402,,A,01,,,produto,85,
Cultivo,0116402,,A,01,,,produto,85,
Girassol,0116402,,A,01,,,atividade,85,
Girassol,0116402,,A,01,,,atividade,85,
Cultivo de girassol,0116402,,A,01,,,palavra_chave,90,
Cultivo de mamona,0116403,,A,01,,,nome_oficial,100,
Cultivo,0116403,,A,01,,,produto,85,
Cultivo,0116403,,A,01,,,produto,85,
Mamona,0116403,,A,01,,,atividade,85,
Mamona,0116403,,A,01,,,atividade,85,
Cultivo de mamona,0116403,,A,01,,,palavra_chave,90,
Cultivo de outras oleaginosas de lavoura temporária não especificadas anteriormente,0116499,,A,01,,,nome_oficial,100,
Cultivo,0116499,,A,01,,,produto,85,
Cultivo,0116499,,A,01,,,produto,85,
Outras,0116499,,A,01,,,atividade,85,
Outras,0116499,,A,01,,,atividade,85,
Oleaginosas,0116499,,A,01,,,atividade,85,
Oleaginosas,0116499,,A,01,,,atividade,85,
Lavoura,0116499,,A,01,,,atividade,85,
Lavoura,0116499,,A,01,,,atividade,85,
Temporária,0116499,,A,01,,,atividade,85,
Temporaria,0116499,,A,01,,,atividade,85,
Cultivo de outras oleaginosas de lavoura temporária não especificadas anteriormente,0116499,,A,01,,,palavra_chave,90,
Cultivo de abacaxi,0119901,,A,01,,,nome_oficial,100,
Cultivo,0119901,,A,01,,,produto,85,
Cultivo,0119901,,A,01,,,produto,85,
Abacaxi,0119901,,A,01,,,atividade,85,
Abacaxi,0119901,,A,01,,,atividade,85,
Cultivo de abacaxi,0119901,,A,01,,,palavra_chave,90,
Cultivo de alho,0119902,,A,01,,,nome_oficial,100,
Cultivo,0119902,,A,01,,,produto,85,
Cultivo,0119902,,A,01,,,produto,85,
Alho,0119902,,A,01,,,atividade,85,
Alho,0119902,,A,01,,,atividade,85,
Cultivo de alho,0119902,,A,01,,,palavra_chave,90,
Cultivo de batata-inglesa,0119903,,A,01,,,nome_oficial,100,
Cultivo,0119903,,A,01,,,produto,85,
Cultivo,0119903,,A,01,,,produto,85,
Batata,0119903,,A,01,,,atividade,85,
Batata,0119903,,A,01,,,atividade,85,
Inglesa,0119903,,A,01,,,atividade,85,
Inglesa,0119903,,A,01,,,atividade,85,
Cultivo de batata-inglesa,0119903,,A,01,,,palavra_chave,90,
Cultivo de cebola,0119904,,A,01,,,nome_oficial,100,
Cultivo,0119904,,A,01,,,produto,85,
Cultivo,0119904,,A,01,,,produto,85,
Cebola,0119904,,A,01,,,atividade,85,
Cebola,0119904,,A,01,,,atividade,85,
Cultivo de cebola,0119904,,A,01,,,palavra_chave,90,
Cultivo de feijão,0119905,,A,01,,,nome_oficial,100,
Cultivo,0119905,,A,01,,,produto,85,
Cultivo,0119905,,A,01,,,produto,85,
Feijão,0119905,,A,01,,,atividade,85,
Feijao,0119905,,A,01,,,atividade,85,
Cultivo de feijão,0119905,,A,01,,,palavra_chave,90,
Cultivo de mandioca,0119906,,A,01,,,nome_oficial,100,
Cultivo,0119906,,A,01,,,produto,85,
Cultivo,0119906,,A,01,,,produto,85,
Mandioca,0119906,,A,01,,,atividade,85,
Mandioca,0119906,,A,01,,,atividade,85,
Cultivo de mandioca,0119906,,A,01,,,palavra_chave,90,
Cultivo de melão,0119907,,A,01,,,nome_oficial,100,
Cultivo,0119907,,A,01,,,produto,85,
Cultivo,0119907,,A,01,,,produto,85,
Melão,0119907,,A,01,,,atividade,85,
Melao,0119907,,A,01,,,atividade,85,
Cultivo de melão,0119907,,A,01,,,palavra_chave,90,
Cultivo de melancia,0119908,,A,01,,,nome_oficial,100,
Cultivo,0119908,,A,01,,,produto,85,
Cultivo,0119908,,A,01,,,produto,85,
Melancia,0119908,,A,01,,,atividade,85,
Melancia,0119908,,A,01,,,atividade,85,
Cultivo de melancia,0119908,,A,01,,,palavra_chave,90,
Cultivo de tomate rasteiro,0119909,,A,01,,,nome_oficial,100,
Cultivo,0119909,,A,01,,,produto,85,
Cultivo,0119909,,A,01,,,produto,85,
Tomate,0119909,,A,01,,,atividade,85,
Tomate,0119909,,A,01,,,atividade,85,
Rasteiro,0119909,,A,01,,,atividade,85,
Rasteiro,0119909,,A,01,,,atividade,85,
Cultivo de tomate rasteiro,0119909,,A,01,,,palavra_chave,90,
Cultivo de outras plantas de lavoura temporária não especificadas anteriormente,0119999,,A,01,,,nome_oficial,100,
Cultivo,0119999,,A,01,,,produto,85,
Cultivo,0119999,,A,01,,,produto,85,
Outras,0119999,,A,01,,,atividade,85,
Outras,0119999,,A,01,,,atividade,85,
Plantas,0119999,,A,01,,,atividade,85,
Plantas,0119999,,A,01,,,atividade,85,
Lavoura,0119999,,A,01,,,atividade,85,
Lavoura,0119999,,A,01,,,atividade,85,
Temporária,0119999,,A,01,,,atividade,85,
Temporaria,0119999,,A,01,,,atividade,85,
Cultivo de outras plantas de lavoura temporária não especificadas anteriormente,0119999,,A,01,,,palavra_chave,90,
"Horticultura, exceto morango",0121101,,A,01,,,nome_oficial,100,
Horticultura,0121101,,A,01,,,produto,85,
Horticultura,0121101,,A,01,,,produto,85,
Morango,0121101,,A,01,,,atividade,85,
Morango,0121101,,A,01,,,atividade,85,
"Horticultura, exceto morango",0121101,,A,01,,,palavra_chave,90,
Cultivo de morango,0121102,,A,01,,,nome_oficial,100,
Cultivo,0121102,,A,01,,,produto,85,
Cultivo,0121102,,A,01,,,produto,85,
Morango,0121102,,A,01,,,atividade,85,
Morango,0121102,,A,01,,,atividade,85,
Cultivo de morango,0121102,,A,01,,,palavra_chave,90,
Cultivo de flores e plantas ornamentais,0122900,,A,01,,,nome_oficial,100,
Cultivo,0122900,,A,01,,,produto,85,
Cultivo,0122900,,A,01,,,produto,85,
Flores,0122900,,A,01,,,atividade,85,
Flores,0122900,,A,01,,,atividade,85,
Plantas,0122900,,A,01,,,atividade,85,
Plantas,0122900,,A,01,,,atividade,85,
Ornamentais,0122900,,A,01,,,atividade,85,
Ornamentais,0122900,,A,01,,,atividade,85,
Cultivo de flores e plantas ornamentais,0122900,,A,01,,,palavra_chave,90,
Cultivo de laranja,0131800,,A,01,,,nome_oficial,100,
Cultivo,0131800,,A,01,,,produto,85,
Cultivo,0131800,,A,01,,,produto,85,
Laranja,0131800,,A,01,,,atividade,85,
Laranja,0131800,,A,01,,,atividade,85,
Cultivo de laranja,0131800,,A,01,,,palavra_chave,90,
Cultivo de uva,0132600,,A,01,,,nome_oficial,100,
Cultivo,0132600,,A,01,,,produto,85,
Cultivo,0132600,,A,01,,,produto,85,
Uva,0132600,,A,01,,,atividade,85,
Uva,0132600,,A,01,,,atividade,85,
Cultivo de uva,0132600,,A,01,,,palavra_chave,90,
Cultivo de açaí,0133401,,A,01,,,nome_oficial,100,
Cultivo,0133401,,A,01,,,produto,85,
Cultivo,0133401,,A,01,,,produto,85,
Açaí,0133401,,A,01,,,atividade,85,
Acai,0133401,,A,01,,,atividade,85,
Cultivo de açaí,0133401,,A,01,,,palavra_chave,90,
Cultivo de banana,0133402,,A,01,,,nome_oficial,100,
Cultivo,0133402,,A,01,,,produto,85,
Cultivo,0133402,,A,01,,,produto,85,
Banana,0133402,,A,01,,,atividade,85,
Banana,0133402,,A,01,,,atividade,85,
Cultivo de banana,0133402,,A,01,,,palavra_chave,90,
Cultivo de caju,0133403,,A,01,,,nome_oficial,100,
Cultivo,0133403,,A,01,,,produto,85,
Cultivo,0133403,,A,01,,,produto,85,
Caju,0133403,,A,01,,,atividade,85,
Caju,0133403,,A,01,,,atividade,85,
Cultivo de caju,0133403,,A,01,,,palavra_chave,90,
"Cultivo de cítricos, exceto laranja",0133404,,A,01,,,nome_oficial,100,
Cultivo,0133404,,A,01,,,produto,85,
Cultivo,0133404,,A,01,,,produto,85,
Cítricos,0133404,,A,01,,,atividade,85,
Citricos,0133404,,A,01,,,atividade,85,
Laranja,0133404,,A,01,,,atividade,85,
Laranja,0133404,,A,01,,,atividade,85,
"Cultivo de cítricos, exceto laranja",0133404,,A,01,,,palavra_chave,90,
Cultivo de coco-da-baía,0133405,,A,01,,,nome_oficial,100,
Cultivo,0133405,,A,01,,,produto,85,
Cultivo,0133405,,A,01,,,produto,85,
Coco,0133405,,A,01,,,atividade,85,
Coco,0133405,,A,01,,,atividade,85,
Baía,0133405,,A,01,,,atividade,85,
Baia,0133405,,A,01,,,atividade,85,
Cultivo de coco-da-baía,0133405,,A,01,,,palavra_chave,90,
Cultivo de guaraná,0133406,,A,01,,,nome_oficial,100,
Cultivo,0133406,,A,01,,,produto,85,
Cultivo,0133406,,A,01,,,produto,85,
Guaraná,0133406,,A,01,,,atividade,85,
Guarana,0133406,,A,01,,,atividade,85,
Cultivo de guaraná,0133406,,A,01,,,palavra_chave,90,
Cultivo de maçã,0133407,,A,01,,,nome_oficial,100,
Cultivo,0133407,,A,01,,,produto,85,
Cultivo,0133407,,A,01,,,produto,85,
Maçã,0133407,,A,01,,,atividade,85,
Maca,0133407,,A,01,,,atividade,85,
Cultivo de maçã,0133407,,A,01,,,palavra_chave,90,
Cultivo de mamão,0133408,,A,01,,,nome_oficial,100,
Cultivo,0133408,,A,01,,,produto,85,
Cultivo,0133408,,A,01,,,produto,85,
Mamão,0133408,,A,01,,,atividade,85,
Mamao,0133408,,A,01,,,atividade,85,
Cultivo de mamão,0133408,,A,01,,,palavra_chave,90,
Cultivo de maracujá,0133409,,A,01,,,nome_oficial,100,
Cultivo,0133409,,A,01,,,produto,85,
Cultivo,0133409,,A,01,,,produto,85,
Maracujá,0133409,,A,01,,,atividade,85,
Maracuja,0133409,,A,01,,,atividade,85,
Cultivo de maracujá,0133409,,A,01,,,palavra_chave,90,
Cultivo de manga,0133410,,A,01,,,nome_oficial,100,
Cultivo,0133410,,A,01,,,produto,85,
Cultivo,0133410,,A,01,,,produto,85,
Manga,0133410,,A,01,,,atividade,85,
Manga,0133410,,A,01,,,atividade,85,
Cultivo de manga,0133410,,A,01,,,palavra_chave,90,
Cultivo de pêssego,0133411,,A,01,,,nome_oficial,100,
Cultivo,0133411,,A,01,,,produto,85,
Cultivo,0133411,,A,01,,,produto,85,
Pêssego,0133411,,A,01,,,atividade,85,
Pessego,0133411,,A,01,,,atividade,85,
Cultivo de pêssego,0133411,,A,01,,,palavra_chave,90,
Cultivo de frutas de lavoura permanente não especificadas anteriormente,0133499,,A,01,,,nome_oficial,100,
Cultivo,0133499,,A,01,,,produto,85,
Cultivo,0133499,,A,01,,,produto,85,
Frutas,0133499,,A,01,,,atividade,85,
Frutas,0133499,,A,01,,,atividade,85,
Lavoura,0133499,,A,01,,,atividade,85,
Lavoura,0133499,,A,01,,,atividade,85,
Permanente,0133499,,A,01,,,atividade,85,
Permanente,0133499,,A,01,,,atividade,85,
Cultivo de frutas de lavoura permanente não especificadas anteriormente,0133499,,A,01,,,palavra_chave,90,
Cultivo de café,0134200,,A,01,,,nome_oficial,100,
Cultivo,0134200,,A,01,,,produto,85,
Cultivo,0134200,,A,01,,,produto,85,
Café,0134200,,A,01,,,atividade,85,
Cafe,0134200,,A,01,,,atividade,85,
Cultivo de café,0134200,,A,01,,,palavra_chave,90,
Cultivo de cacau,0135100,,A,01,,,nome_oficial,100,
Cultivo,0135100,,A,01,,,produto,85,
Cultivo,0135100,,A,01,,,produto,85,
Cacau,0135100,,A,01,,,atividade,85,
Cacau,0135100,,A,01,,,atividade,85,
Cultivo de cacau,0135100,,A,01,,,palavra_chave,90,
Cultivo de chá-da-índia,0139301,,A,01,,,nome_oficial,100,
Cultivo,0139301,,A,01,,,produto,85,
Cultivo,0139301,,A,01,,,produto,85,
Chá,0139301,,A,01,,,atividade,85,
Cha,0139301,,A,01,,,atividade,85,
Índia,0139301,,A,01,,,atividade,85,
India,0139301,,A,01,,,atividade,85,
Cultivo de chá-da-índia,0139301,,A,01,,,palavra_chave,90,
Cultivo de erva-mate,0139302,,A,01,,,nome_oficial,100,
Cultivo,0139302,,A,01,,,produto,85,
Cultivo,0139302,,A,01,,,produto,85,
Erva,0139302,,A,01,,,atividade,85,
Erva,0139302,,A,01,,,atividade,85,
Mate,0139302,,A,01,,,atividade,85,
Mate,0139302,,A,01,,,atividade,85,
Cultivo de erva-mate,0139302,,A,01,,,palavra_chave,90,
Cultivo de pimenta-do-reino,0139303,,A,01,,,nome_oficial,100,
Cultivo,0139303,,A,01,,,produto,85,
Cultivo,0139303,,A,01,,,produto,85,
Pimenta,0139303,,A,01,,,atividade,85,
Pimenta,0139303,,A,01,,,atividade,85,
Reino,0139303,,A,01,,,atividade,85,
Reino,0139303,,A,01,,,atividade,85,
Cultivo de pimenta-do-reino,0139303,,A,01,,,palavra_chave,90,
"Cultivo de plantas para condimento, exceto pimenta-do-reino",0139304,,A,01,,,nome_oficial,100,
Cultivo,0139304,,A,01,,,produto,85,
Cultivo,0139304,,A,01,,,produto,85,
Plantas,0139304,,A,01,,,atividade,85,
Plantas,0139304,,A,01,,,atividade,85,
Condimento,0139304,,A,01,,,atividade,85,
Condimento,0139304,,A,01,,,atividade,85,
Pimenta,0139304,,A,01,,,atividade,85,
Pimenta,0139304,,A,01,,,atividade,85,
Reino,0139304,,A,01,,,atividade,85,
Reino,0139304,,A,01,,,atividade,85,
"Cultivo de plantas para condimento, exceto pimenta-do-reino",0139304,,A,01,,,palavra_chave,90,
Cultivo de dendê,0139305,,A,01,,,nome_oficial,100,
Cultivo,0139305,,A,01,,,produto,85,
Cultivo,0139305,,A,01,,,produto,85,
Dendê,0139305,,A,01,,,atividade,85,
Dende,0139305,,A,01,,,atividade,85,
Cultivo de dendê,0139305,,A,01,,,palavra_chave,90,
Cultivo de seringueira,0139306,,A,01,,,nome_oficial,100,
Cultivo,0139306,,A,01,,,produto,85,
Cultivo,0139306,,A,01,,,produto,85,
Seringueira,0139306,,A,01,,,atividade,85,
Seringueira,0139306,,A,01,,,atividade,85,
Cultivo de seringueira,0139306,,A,01,,,palavra_chave,90,
Cultivo de outras plantas de lavoura permanente não especificadas anteriormente,0139399,,A,01,,,nome_oficial,100,
Cultivo,0139399,,A,01,,,produto,85,
Cultivo,0139399,,A,01,,,produto,85,
Outras,0139399,,A,01,,,atividade,85,
Outras,0139399,,A,01,,,atividade,85,
Plantas,0139399,,A,01,,,atividade,85,
Plantas,0139399,,A,01,,,atividade,85,
Lavoura,0139399,,A,01,,,atividade,85,
Lavoura,0139399,,A,01,,,atividade,85,
Permanente,0139399,,A,01,,,atividade,85,
Permanente,0139399,,A,01,,,atividade,85,
Cultivo de outras plantas de lavoura permanente não especificadas anteriormente,0139399,,A,01,,,palavra_chave,90,
"Produção de sementes certificadas, exceto de forrageiras para pasto",0141501,,A,01,,,nome_oficial,100,
Sementes,0141501,,A,01,,,atividade,85,
Sementes,0141501,,A,01,,,atividade,85,
Certificadas,0141501,,A,01,,,atividade,85,
Certificadas,0141501,,A,01,,,atividade,85,
Forrageiras,0141501,,A,01,,,atividade,85,
Forrageiras,0141501,,A,01,,,atividade,85,
Pasto,0141501,,A,01,,,atividade,85,
Pasto,0141501,,A,01,,,atividade,85,
"Produção de sementes certificadas, exceto de forrageiras para pasto",0141501,,A,01,,,palavra_chave,90,
Produção de sementes certificadas de forrageiras para formação de pasto,0141502,,A,01,,,nome_oficial,100,
Sementes,0141502,,A,01,,,atividade,85,
Sementes,0141502,,A,01,,,atividade,85,
Certificadas,0141502,,A,01,,,atividade,85,
Certificadas,0141502,,A,01,,,atividade,85,
Forrageiras,0141502,,A,01,,,atividade,85,
Forrageiras,0141502,,A,01,,,atividade,85,
Formação,0141502,,A,01,,,atividade,85,
Formacao,0141502,,A,01,,,atividade,85,
Pasto,0141502,,A,01,,,atividade,85,
Pasto,0141502,,A,01,,,atividade,85,
Produção de sementes certificadas de forrageiras para formação de pasto,0141502,,A,01,,,palavra_chave,90,
"Produção de mudas e outras formas de propagação vegetal, certificadas",0142300,,A,01,,,nome_oficial,100,
Mudas,0142300,,A,01,,,atividade,85,
Mudas,0142300,,A,01,,,atividade,85,
Outras,0142300,,A,01,,,atividade,85,
Outras,0142300,,A,01,,,atividade,85,
Formas,0142300,,A,01,,,atividade,85,
Formas,0142300,,A,01,,,atividade,85,
Propagação,0142300,,A,01,,,atividade,85,
Propagacao,0142300,,A,01,,,atividade,85,
Vegetal,0142300,,A,01,,,atividade,85,
Vegetal,0142300,,A,01,,,atividade,85,
Certificadas,0142300,,A,01,,,atividade,85,
Certificadas,0142300,,A,01,,,atividade,85,
"Produção de mudas e outras formas de propagação vegetal, certificadas",0142300,,A,01,,,palavra_chave,90,
Criação de bovinos para corte,0151201,,A,01,,,nome_oficial,100,
Criação,0151201,,A,01,,,atividade,85,
Criacao,0151201,,A,01,,,atividade,85,
Bovinos,0151201,,A,01,,,atividade,85,
Bovinos,0151201,,A,01,,,atividade,85,
Corte,0151201,,A,01,,,atividade,85,
Corte,0151201,,A,01,,,atividade,85,
Criação de bovinos para corte,0151201,,A,01,,,palavra_chave,90,
Criação de bovinos para leite,0151202,,A,01,,,nome_oficial,100,
Criação,0151202,,A,01,,,atividade,85,
Criacao,0151202,,A,01,,,atividade,85,
Bovinos,0151202,,A,01,,,atividade,85,
Bovinos,0151202,,A,01,,,atividade,85,
Leite,0151202,,A,01,,,atividade,85,
Leite,0151202,,A,01,,,atividade,85,
Criação de bovinos para leite,0151202,,A,01,,,palavra_chave,90,
"Criação de bovinos, exceto para corte e leite",0151203,,A,01,,,nome_oficial,100,
Criação,0151203,,A,01,,,atividade,85,
Criacao,0151203,,A,01,,,atividade,85,
Bovinos,0151203,,A,01,,,atividade,85,
Bovinos,0151203,,A,01,,,atividade,85,
Corte,0151203,,A,01,,,atividade,85,
Corte,0151203,,A,01,,,atividade,85,
Leite,0151203,,A,01,,,atividade,85,
Leite,0151203,,A,01,,,atividade,85,
"Criação de bovinos, exceto para corte e leite",0151203,,A,01,,,palavra_chave,90,
Criação de bufalinos,0152101,,A,01,,,nome_oficial,100,
Criação,0152101,,A,01,,,atividade,85,
Criacao,0152101,,A,01,,,atividade,85,
Bufalinos,0152101,,A,01,,,atividade,85,
Bufalinos,0152101,,A,01,,,atividade,85,
Criação de bufalinos,0152101,,A,01,,,palavra_chave,90,
Criação de eqüinos,0152102,,A,01,,,nome_oficial,100,
Criação,0152102,,A,01,,,atividade,85,
Criacao,0152102,,A,01,,,atividade,85,
Eqüinos,0152102,,A,01,,,atividade,85,
Equinos,0152102,,A,01,,,atividade,85,
Criação de eqüinos,0152102,,A,01,,,palavra_chave,90,
Criação de asininos e muares,0152103,,A,01,,,nome_oficial,100,
Criação,0152103,,A,01,,,atividade,85,
Criacao,0152103,,A,01,,,atividade,85,
Asininos,0152103,,A,01,,,atividade,85,
Asininos,0152103,,A,01,,,atividade,85,
Muares,0152103,,A,01,,,atividade,85,
Muares,0152103,,A,01,,,atividade,85,
Criação de asininos e muares,0152103,,A,01,,,palavra_chave,90,
Criação de caprinos,0153901,,A,01,,,nome_oficial,100,
Criação,0153901,,A,01,,,atividade,85,
Criacao,0153901,,A,01,,,atividade,85,
Caprinos,0153901,,A,01,,,atividade,85,
Caprinos,0153901,,A,01,,,atividade,85,
Criação de caprinos,0153901,,A,01,,,palavra_chave,90,
"Criação de ovinos, inclusive para produção de lã",0153902,,A,01,,,nome_oficial,100,
Criação,0153902,,A,01,,,atividade,85,
Criacao,0153902,,A,01,,,atividade,85,
Ovinos,0153902,,A,01,,,atividade,85,
Ovinos,0153902,,A,01,,,atividade,85,
Inclusive,0153902,,A,01,,,atividade,85,
Inclusive,0153902,,A,01,,,atividade,85,
"Criação de ovinos, inclusive para produção de lã",0153902,,A,01,,,palavra_chave,90,
Criação de suínos,0154700,,A,01,,,nome_oficial,100,
Criação,0154700,,A,01,,,atividade,85,
Criacao,0154700,,A,01,,,atividade,85,
Suínos,0154700,,A,01,,,atividade,85,
Suinos,0154700,,A,01,,,atividade,85,
Criação de suínos,0154700,,A,01,,,palavra_chave,90,
Criação de frangos para corte,0155501,,A,01,,,nome_oficial,100,
Criação,0155501,,A,01,,,atividade,85,
Criacao,0155501,,A,01,,,atividade,85,
Frangos,0155501,,A,01,,,atividade,85,
Frangos,0155501,,A,01,,,atividade,85,
Corte,0155501,,A,01,,,atividade,85,
Corte,0155501,,A,01,,,atividade,85,
Criação de frangos para corte,0155501,,A,01,,,palavra_chave,90,
Produção de pintos de um dia,0155502,,A,01,,,nome_oficial,100,
Pintos,0155502,,A,01,,,atividade,85,
Pintos,0155502,,A,01,,,atividade,85,
Dia,0155502,,A,01,,,atividade,85,
Dia,0155502,,A,01,,,atividade,85,
Produção de pintos de um dia,0155502,,A,01,,,palavra_chave,90,
"Criação de outros galináceos, exceto para corte",0155503,,A,01,,,nome_oficial,100,
Criação,0155503,,A,01,,,atividade,85,
Criacao,0155503,,A,01,,,atividade,85,
Outros,0155503,,A,01,,,atividade,85,
Outros,0155503,,A,01,,,atividade,85,
Galináceos,0155503,,A,01,,,atividade,85,
Galinaceos,0155503,,A,01,,,atividade,85,
Corte,0155503,,A,01,,,atividade,85,
Corte,0155503,,A,01,,,atividade,85,
"Criação de outros galináceos, exceto para corte",0155503,,A,01,,,palavra_chave,90,
"Criação de aves, exceto galináceos",0155504,,A,01,,,nome_oficial,100,
Criação,0155504,,A,01,,,atividade,85,
Criacao,0155504,,A,01,,,atividade,85,
Aves,0155504,,A,01,,,atividade,85,
Aves,0155504,,A,01,,,atividade,85,
Galináceos,0155504,,A,01,,,atividade,85,
Galinaceos,0155504,,A,01,,,atividade,85,
"Criação de aves, exceto galináceos",0155504,,A,01,,,palavra_chave,90,
Produção de ovos,0155505,,A,01,,,nome_oficial,100,
Ovos,0155505,,A,01,,,atividade,85,
Ovos,0155505,,A,01,,,atividade,85,
Produção de ovos,0155505,,A,01,,,palavra_chave,90,
Apicultura,0159801,,A,01,,,nome_oficial,100,
Apicultura,0159801,,A,01,,,produto,85,
Apicultura,0159801,,A,01,,,produto,85,
Apicultura,0159801,,A,01,,,palavra_chave,90,
Criação de animais de estimação,0159802,,A,01,,,nome_oficial,100,
Criação,0159802,,A,01,,,atividade,85,
Criacao,0159802,,A,01,,,atividade,85,
Animais,0159802,,A,01,,,atividade,85,
Animais,0159802,,A,01,,,atividade,85,
Estimação,0159802,,A,01,,,atividade,85,
Estimacao,0159802,,A,01,,,atividade,85,
Criação de animais de estimação,0159802,,A,01,,,palavra_chave,90,
Criação de escargô,0159803,,A,01,,,nome_oficial,100,
Criação,0159803,,A,01,,,atividade,85,
Criacao,0159803,,A,01,,,atividade,85,
Escargô,0159803,,A,01,,,atividade,85,
Escargo,0159803,,A,01,,,atividade,85,
Criação de escargô,0159803,,A,01,,,palavra_chave,90,
Criação de bicho-da-seda,0159804,,A,01,,,nome_oficial,100,
Criação,0159804,,A,01,,,atividade,85,
Criacao,0159804,,A,01,,,atividade,85,
Bicho,0159804,,A,01,,,atividade,85,
Bicho,0159804,,A,01,,,atividade,85,
Seda,0159804,,A,01,,,atividade,85,
Seda,0159804,,A,01,,,atividade,85,
Criação de bicho-da-seda,0159804,,A,01,,,palavra_chave,90,
Criação de outros animais não especificados anteriormente,0159899,,A,01,,,nome_oficial,100,
Criação,0159899,,A,01,,,atividade,85,
Criacao,0159899,,A,01,,,atividade,85,
Outros,0159899,,A,01,,,atividade,85,
Outros,0159899,,A,01,,,atividade,85,
Animais,0159899,,A,01,,,atividade,85,
Animais,0159899,,A,01,,,atividade,85,
Especificados,0159899,,A,01,,,atividade,85,
Especificados,0159899,,A,01,,,atividade,85,
Criação de outros animais não especificados anteriormente,0159899,,A,01,,,palavra_chave,90,
Serviço de pulverização e controle de pragas agrícolas,0161001,,A,01,,,nome_oficial,100,
Pulverização,0161001,,A,01,,,atividade,85,
Pulverizacao,0161001,,A,01,,,atividade,85,
Controle,0161001,,A,01,,,atividade,85,
Controle,0161001,,A,01,,,atividade,85,
Pragas,0161001,,A,01,,,atividade,85,
Pragas,0161001,,A,01,,,atividade,85,
Agrícolas,0161001,,A,01,,,atividade,85,
Agricolas,0161001,,A,01,,,atividade,85,
Serviço de pulverização e controle de pragas agrícolas,0161001,,A,01,,,palavra_chave,90,
Serviço de poda de árvores para lavouras,0161002,,A,01,,,nome_oficial,100,
Poda,0161002,,A,01,,,atividade,85,
Poda,0161002,,A,01,,,atividade,85,
Árvores,0161002,,A,01,,,atividade,85,
Arvores,0161002,,A,01,,,atividade,85,
Lavouras,0161002,,A,01,,,atividade,85,
Lavouras,0161002,,A,01,,,atividade,85,
Serviço de poda de árvores para lavouras,0161002,,A,01,,,palavra_chave,90,
"Serviço de preparação de terreno, cultivo e colheita",0161003,,A,01,,,nome_oficial,100,
Preparação,0161003,,A,01,,,atividade,85,
Preparacao,0161003,,A,01,,,atividade,85,
Terreno,0161003,,A,01,,,atividade,85,
Terreno,0161003,,A,01,,,atividade,85,
Cultivo,0161003,,A,01,,,produto,85,
Cultivo,0161003,,A,01,,,produto,85,
Colheita,0161003,,A,01,,,atividade,85,
Colheita,0161003,,A,01,,,atividade,85,
"Serviço de preparação de terreno, cultivo e colheita",0161003,,A,01,,,palavra_chave,90,
Atividades de apoio à agricultura não especificadas anteriormente,0161099,,A,01,,,nome_oficial,100,
Apoio,0161099,,A,01,,,atividade,85,
Apoio,0161099,,A,01,,,atividade,85,
Agricultura,0161099,,A,01,,,produto,85,
Agricultura,0161099,,A,01,,,produto,85,
Atividades de apoio à agricultura não especificadas anteriormente,0161099,,A,01,,,palavra_chave,90,
Serviço de inseminação artificial em animais,0162801,,A,01,,,nome_oficial,100,
Inseminação,0162801,,A,01,,,atividade,85,
Inseminacao,0162801,,A,01,,,atividade,85,
Artificial,0162801,,A,01,,,atividade,85,
Artificial,0162801,,A,01,,,atividade,85,
Animais,0162801,,A,01,,,atividade,85,
Animais,0162801,,A,01,,,atividade,85,
Serviço de inseminação artificial em animais,0162801,,A,01,,,palavra_chave,90,
Serviço de tosquiamento de ovinos,0162802,,A,01,,,nome_oficial,100,
Tosquiamento,0162802,,A,01,,,atividade,85,
Tosquiamento,0162802,,A,01,,,atividade,85,
Ovinos,0162802,,A,01,,,atividade,85,
Ovinos,0162802,,A,01,,,atividade,85,
Serviço de tosquiamento de ovinos,0162802,,A,01,,,palavra_chave,90,
Serviço de manejo de animais,0162803,,A,01,,,nome_oficial,100,
Manejo,0162803,,A,01,,,atividade,85,
Manejo,0162803,,A,01,,,atividade,85,
Animais,0162803,,A,01,,,atividade,85,
Animais,0162803,,A,01,,,atividade,85,
Serviço de manejo de animais,0162803,,A,01,,,palavra_chave,90,
Atividades de apoio à pecuária não especificadas anteriormente,0162899,,A,01,,,nome_oficial,100,
Apoio,0162899,,A,01,,,atividade,85,
Apoio,0162899,,A,01,,,atividade,85,
Pecuária,0162899,,A,01,,,atividade,85,
Pecuaria,0162899,,A,01,,,atividade,85,
Atividades de apoio à pecuária não especificadas anteriormente,0162899,,A,01,,,palavra_chave,90,
Atividades de pós-colheita,0163600,,A,01,,,nome_oficial,100,
Pós,0163600,,A,01,,,atividade,85,
Pos,0163600,,A,01,,,atividade,85,
Colheita,0163600,,A,01,,,atividade,85,
Colheita,0163600,,A,01,,,atividade,85,
Atividades de pós-colheita,0163600,,A,01,,,palavra_chave,90,
Caça e serviços relacionados,0170900,,A,01,,,nome_oficial,100,
Caça,0170900,,A,01,,,atividade,85,
Caca,0170900,,A,01,,,atividade,85,
Relacionados,0170900,,A,01,,,atividade,85,
Relacionados,0170900,,A,01,,,atividade,85,
Caça e serviços relacionados,0170900,,A,01,,,palavra_chave,90,
Cultivo de eucalipto,0210101,,A,02,,,nome_oficial,100,
Cultivo,0210101,,A,02,,,produto,85,
Cultivo,0210101,,A,02,,,produto,85,
Eucalipto,0210101,,A,02,,,atividade,85,
Eucalipto,0210101,,A,02,,,atividade,85,
Cultivo de eucalipto,0210101,,A,02,,,palavra_chave,90,
Cultivo de acácia-negra,0210102,,A,02,,,nome_oficial,100,
Cultivo,0210102,,A,02,,,produto,85,
Cultivo,0210102,,A,02,,,produto,85,
Acácia,0210102,,A,02,,,atividade,85,
Acacia,0210102,,A,02,,,atividade,85,
Negra,0210102,,A,02,,,atividade,85,
Negra,0210102,,A,02,,,atividade,85,
Cultivo de acácia-negra,0210102,,A,02,,,palavra_chave,90,
Cultivo de pinus,0210103,,A,02,,,nome_oficial,100,
Cultivo,0210103,,A,02,,,produto,85,
Cultivo,0210103,,A,02,,,produto,85,
Pinus,0210103,,A,02,,,atividade,85,
Pinus,0210103,,A,02,,,atividade,85,
Cultivo de pinus,0210103,,A,02,,,palavra_chave,90,
Cultivo de teca,0210104,,A,02,,,nome_oficial,100,
Cultivo,0210104,,A,02,,,produto,85,
Cultivo,0210104,,A,02,,,produto,85,
Teca,0210104,,A,02,,,atividade,85,
Teca,0210104,,A,02,,,atividade,85,
Cultivo de teca,0210104,,A,02,,,palavra_chave,90,
"Cultivo de espécies madeireiras, exceto eucalipto, acácia-negra, pinus e teca",0210105,,A,02,,,nome_oficial,100,
Cultivo,0210105,,A,02,,,produto,85,
Cultivo,0210105,,A,02,,,produto,85,
Espécies,0210105,,A,02,,,atividade,85,
Especies,0210105,,A,02,,,atividade,85,
Madeireiras,0210105,,A,02,,,atividade,85,
Madeireiras,0210105,,A,02,,,atividade,85,
Eucalipto,0210105,,A,02,,,atividade,85,
Eucalipto,0210105,,A,02,,,atividade,85,
Acácia,0210105,,A,02,,,atividade,85,
Acacia,0210105,,A,02,,,atividade,85,
Negra,0210105,,A,02,,,atividade,85,
Negra,0210105,,A,02,,,atividade,85,
Pinus,0210105,,A,02,,,atividade,85,
Pinus,0210105,,A,02,,,atividade,85,
Teca,0210105,,A,02,,,atividade,85,
Teca,0210105,,A,02,,,atividade,85,
"Cultivo de espécies madeireiras, exceto eucalipto, acácia-negra, pinus e teca",0210105,,A,02,,,palavra_chave,90,
Cultivo de mudas em viveiros florestais,0210106,,A,02,,,nome_oficial,100,
Cultivo,0210106,,A,02,,,produto,85,
Cultivo,0210106,,A,02,,,produto,85,
Mudas,0210106,,A,02,,,atividade,85,
Mudas,0210106,,A,02,,,atividade,85,
Viveiros,0210106,,A,02,,,atividade,85,
Viveiros,0210106,,A,02,,,atividade,85,
Florestais,0210106,,A,02,,,atividade,85,
Florestais,0210106,,A,02,,,atividade,85,
Cultivo de mudas em viveiros florestais,0210106,,A,02,,,palavra_chave,90,
Extração de madeira em florestas plantadas,0210107,,A,02,,,nome_oficial,100,
Extração,0210107,,A,02,,,atividade,85,
Extracao,0210107,,A,02,,,atividade,85,
Madeira,0210107,,A,02,,,atividade,85,
Madeira,0210107,,A,02,,,atividade,85,
Florestas,0210107,,A,02,,,atividade,85,
Florestas,0210107,,A,02,,,atividade,85,
Plantadas,0210107,,A,02,,,atividade,85,
Plantadas,0210107,,A,02,,,atividade,85,
Extração de madeira em florestas plantadas,0210107,,A,02,,,palavra_chave,90,
Produção de carvão vegetal - florestas plantadas,0210108,,A,02,,,nome_oficial,100,
Carvão,0210108,,A,02,,,atividade,85,
Carvao,0210108,,A,02,,,atividade,85,
Vegetal,0210108,,A,02,,,atividade,85,
Vegetal,0210108,,A,02,,,atividade,85,
Florestas,0210108,,A,02,,,atividade,85,
Florestas,0210108,,A,02,,,atividade,85,
Plantadas,0210108,,A,02,,,atividade,85,
Plantadas,0210108,,A,02,,,atividade,85,
Produção de carvão vegetal - florestas plantadas,0210108,,A,02,,,palavra_chave,90,
Produção de casca de acácia-negra - florestas plantadas,0210109,,A,02,,,nome_oficial,100,
Casca,0210109,,A,02,,,atividade,85,
Casca,0210109,,A,02,,,atividade,85,
Acácia,0210109,,A,02,,,atividade,85,
Acacia,0210109,,A,02,,,atividade,85,
Negra,0210109,,A,02,,,atividade,85,
Negra,0210109,,A,02,,,atividade,85,
Florestas,0210109,,A,02,,,atividade,85,
Florestas,0210109,,A,02,,,atividade,85,
Plantadas,0210109,,A,02,,,atividade,85,
Plantadas,0210109,,A,02,,,atividade,85,
Produção de casca de acácia-negra - florestas plantadas,0210109,,A,02,,,palavra_chave,90,
Produção de produtos não-madeireiros não especificados anteriormente em florestas plantadas,0210199,,A,02,,,nome_oficial,100,
Produtos,0210199,,A,02,,,atividade,85,
Produtos,0210199,,A,02,,,atividade,85,
Madeireiros,0210199,,A,02,,,atividade,85,
Madeireiros,0210199,,A,02,,,atividade,85,
Especificados,0210199,,A,02,,,atividade,85,
Especificados,0210199,,A,02,,,atividade,85,
Florestas,0210199,,A,02,,,atividade,85,
Florestas,0210199,,A,02,,,atividade,85,
Plantadas,0210199,,A,02,,,atividade,85,
Plantadas,0210199,,A,02,,,atividade,85,
Produção de produtos não-madeireiros não especificados anteriormente em florestas plantadas,0210199,,A,02,,,palavra_chave,90,
Extração de madeira em florestas nativas,0220901,,A,02,,,nome_oficial,100,
Extração,0220901,,A,02,,,atividade,85,
Extracao,0220901,,A,02,,,atividade,85,
Madeira,0220901,,A,02,,,atividade,85,
Madeira,0220901,,A,02,,,atividade,85,
Florestas,0220901,,A,02,,,atividade,85,
Florestas,0220901,,A,02,,,atividade,85,
Nativas,0220901,,A,02,,,atividade,85,
Nativas,0220901,,A,02,,,atividade,85,
Extração de madeira em florestas nativas,0220901,,A,02,,,palavra_chave,90,
Produção de carvão vegetal - florestas nativas,0220902,,A,02,,,nome_oficial,100,
Carvão,0220902,,A,02,,,atividade,85,
Carvao,0220902,,A,02,,,atividade,85,
Vegetal,0220902,,A,02,,,atividade,85,
Vegetal,0220902,,A,02,,,atividade,85,
Florestas,0220902,,A,02,,,atividade,85,
Florestas,0220902,,A,02,,,atividade,85,
Nativas,0220902,,A,02,,,atividade,85,
Nativas,0220902,,A,02,,,atividade,85,
Produção de carvão vegetal - florestas nativas,0220902,,A,02,,,palavra_chave,90,
Coleta de castanha-do-pará em florestas nativas,0220903,,A,02,,,nome_oficial,100,
Coleta,0220903,,A,02,,,atividade,85,
Coleta,0220903,,A,02,,,atividade,85,
Castanha,0220903,,A,02,,,atividade,85,
Castanha,0220903,,A,02,,,atividade,85,
Pará,0220903,,A,02,,,atividade,85,
Para,0220903,,A,02,,,atividade,85,
Florestas,0220903,,A,02,,,atividade,85,
Florestas,0220903,,A,02,,,atividade,85,
Nativas,0220903,,A,02,,,atividade,85,
Nativas,0220903,,A,02,,,atividade,85,
Coleta de castanha-do-pará em florestas nativas,0220903,,A,02,,,palavra_chave,90,
Coleta de látex em florestas nativas,0220904,,A,02,,,nome_oficial,100,
Coleta,0220904,,A,02,,,atividade,85,
Coleta,0220904,,A,02,,,atividade,85,
Látex,0220904,,A,02,,,atividade,85,
Latex,0220904,,A,02,,,atividade,85,
Florestas,0220904,,A,02,,,atividade,85,
Florestas,0220904,,A,02,,,atividade,85,
Nativas,0220904,,A,02,,,atividade,85,
Nativas,0220904,,A,02,,,atividade,85,
Coleta de látex em florestas nativas,0220904,,A,02,,,palavra_chave,90,
Coleta de palmito em florestas nativas,0220905,,A,02,,,nome_oficial,100,
Coleta,0220905,,A,02,,,atividade,85,
Coleta,0220905,,A,02,,,atividade,85,
Palmito,0220905,,A,02,,,atividade,85,
Palmito,0220905,,A,02,,,atividade,85,
Florestas,0220905,,A,02,,,atividade,85,
Florestas,0220905,,A,02,,,atividade,85,
Nativas,0220905,,A,02,,,atividade,85,
Nativas,0220905,,A,02,,,atividade,85,
Coleta de palmito em florestas nativas,0220905,,A,02,,,palavra_chave,90,
Conservação de florestas nativas,0220906,,A,02,,,nome_oficial,100,
Conservação,0220906,,A,02,,,atividade,85,
Conservacao,0220906,,A,02,,,atividade,85,
Florestas,0220906,,A,02,,,atividade,85,
Florestas,0220906,,A,02,,,atividade,85,
Nativas,0220906,,A,02,,,atividade,85,
Nativas,0220906,,A,02,,,atividade,85,
Conservação de florestas nativas,0220906,,A,02,,,palavra_chave,90,
Coleta de produtos não-madeireiros não especificados anteriormente em florestas nativas,0220999,,A,02,,,nome_oficial,100,
Coleta,0220999,,A,02,,,atividade,85,
Coleta,0220999,,A,02,,,atividade,85,
Produtos,0220999,,A,02,,,atividade,85,
Produtos,0220999,,A,02,,,atividade,85,
Madeireiros,0220999,,A,02,,,atividade,85,
Madeireiros,0220999,,A,02,,,atividade,85,
Especificados,0220999,,A,02,,,atividade,85,
Especificados,0220999,,A,02,,,atividade,85,
Florestas,0220999,,A,02,,,atividade,85,
Florestas,0220999,,A,02,,,atividade,85,
Nativas,0220999,,A,02,,,atividade,85,
Nativas,0220999,,A,02,,,atividade,85,
Coleta de produtos não-madeireiros não especificados anteriormente em florestas nativas,0220999,,A,02,,,palavra_chave,90,
Atividades de apoio à produção florestal,0230600,,A,02,,,nome_oficial,100,
Apoio,0230600,,A,02,,,atividade,85,
Apoio,0230600,,A,02,,,atividade,85,
Florestal,0230600,,A,02,,,atividade,85,
Florestal,0230600,,A,02,,,atividade,85,
Atividades de apoio à produção florestal,0230600,,A,02,,,palavra_chave,90,
Pesca de peixes em água salgada,0311601,,A,03,,,nome_oficial,100,
Pesca,0311601,,A,03,,,atividade,85,
Pesca,0311601,,A,03,,,atividade,85,
Peixes,0311601,,A,03,,,atividade,85,
Peixes,0311601,,A,03,,,atividade,85,
Água,0311601,,A,03,,,atividade,85,
Agua,0311601,,A,03,,,atividade,85,
Salgada,0311601,,A,03,,,atividade,85,
Salgada,0311601,,A,03,,,atividade,85,
Pesca de peixes em água salgada,0311601,,A,03,,,palavra_chave,90,
Pesca de crustáceos e moluscos em água salgada,0311602,,A,03,,,nome_oficial,100,
Pesca,0311602,,A,03,,,atividade,85,
Pesca,0311602,,A,03,,,atividade,85,
Crustáceos,0311602,,A,03,,,atividade,85,
Crustaceos,0311602,,A,03,,,atividade,85,
Moluscos,0311602,,A,03,,,atividade,85,
Moluscos,0311602,,A,03,,,atividade,85,
Água,0311602,,A,03,,,atividade,85,
Agua,0311602,,A,03,,,atividade,85,
Salgada,0311602,,A,03,,,atividade,85,
Salgada,0311602,,A,03,,,atividade,85,
Pesca de crustáceos e moluscos em água salgada,0311602,,A,03,,,palavra_chave,90,
Coleta de outros produtos marinhos,0311603,,A,03,,,nome_oficial,100,
Coleta,0311603,,A,03,,,atividade,85,
Coleta,0311603,,A,03,,,atividade,85,
Outros,0311603,,A,03,,,atividade,85,
Outros,0311603,,A,03,,,atividade,85,
Produtos,0311603,,A,03,,,atividade,85,
Produtos,0311603,,A,03,,,atividade,85,
Marinhos,0311603,,A,03,,,atividade,85,
Marinhos,0311603,,A,03,,,atividade,85,
Coleta de outros produtos marinhos,0311603,,A,03,,,palavra_chave,90,
Atividades de apoio à pesca em água salgada,0311604,,A,03,,,nome_oficial,100,
Apoio,0311604,,A,03,,,atividade,85,
Apoio,0311604,,A,03,,,atividade,85,
Pesca,0311604,,A,03,,,atividade,85,
Pesca,0311604,,A,03,,,atividade,85,
Água,0311604,,A,03,,,atividade,85,
Agua,0311604,,A,03,,,atividade,85,
Salgada,0311604,,A,03,,,atividade,85,
Salgada,0311604,,A,03,,,atividade,85,
Atividades de apoio à pesca em água salgada,0311604,,A,03,,,palavra_chave,90,
Pesca de peixes em água doce,0312401,,A,03,,,nome_oficial,100,
Pesca,0312401,,A,03,,,atividade,85,
Pesca,0312401,,A,03,,,atividade,85,
Peixes,0312401,,A,03,,,atividade,85,
Peixes,0312401,,A,03,,,atividade,85,
Água,0312401,,A,03,,,atividade,85,
Agua,0312401,,A,03,,,atividade,85,
Doce,0312401,,A,03,,,atividade,85,
Doce,0312401,,A,03,,,atividade,85,
Pesca de peixes em água doce,0312401,,A,03,,,palavra_chave,90,
Pesca de crustáceos e moluscos em água doce,0312402,,A,03,,,nome_oficial,100,
Pesca,0312402,,A,03,,,atividade,85,
Pesca,0312402,,A,03,,,atividade,85,
Crustáceos,0312402,,A,03,,,atividade,85,
Crustaceos,0312402,,A,03,,,atividade,85,
Moluscos,0312402,,A,03,,,atividade,85,
Moluscos,0312402,,A,03,,,atividade,85,
Água,0312402,,A,03,,,atividade,85,
Agua,0312402,,A,03,,,atividade,85,
Doce,0312402,,A,03,,,atividade,85,
Doce,0312402,,A,03,,,atividade,85,
Pesca de crustáceos e moluscos em água doce,0312402,,A,03,,,palavra_chave,90,
Coleta de outros produtos aquáticos de água doce,0312403,,A,03,,,nome_oficial,100,
Coleta,0312403,,A,03,,,atividade,85,
Coleta,0312403,,A,03,,,atividade,85,
Outros,0312403,,A,03,,,atividade,85,
Outros,0312403,,A,03,,,atividade,85,
Produtos,0312403,,A,03,,,atividade,85,
Produtos,0312403,,A,03,,,atividade,85,
Aquáticos,0312403,,A,03,,,atividade,85,
Aquaticos,0312403,,A,03,,,atividade,85,
Água,0312403,,A,03,,,atividade,85,
Agua,0312403,,A,03,,,atividade,85,
Doce,0312403,,A,03,,,atividade,85,
Doce,0312403,,A,03,,,atividade,85,
Coleta de outros produtos aquáticos de água doce,0312403,,A,03,,,palavra_chave,90,
Atividades de apoio à pesca em água doce,0312404,,A,03,,,nome_oficial,100,
Apoio,0312404,,A,03,,,atividade,85,
Apoio,0312404,,A,03,,,atividade,85,
Pesca,0312404,,A,03,,,atividade,85,
Pesca,0312404,,A,03,,,atividade,85,
Água,0312404,,A,03,,,atividade,85,
Agua,0312404,,A,03,,,atividade,85,
Doce,0312404,,A,03,,,atividade,85,
Doce,0312404,,A,03,,,atividade,85,
Atividades de apoio à pesca em água doce,0312404,,A,03,,,palavra_chave,90,
Criação de peixes em água salgada e salobra,0321301,,A,03,,,nome_oficial,100,
Criação,0321301,,A,03,,,atividade,85,
Criacao,0321301,,A,03,,,atividade,85,
Peixes,0321301,,A,03,,,atividade,85,
Peixes,0321301,,A,03,,,atividade,85,
Água,0321301,,A,03,,,atividade,85,
Agua,0321301,,A,03,,,atividade,85,
Salgada,0321301,,A,03,,,atividade,85,
Salgada,0321301,,A,03,,,atividade,85,
Salobra,0321301,,A,03,,,atividade,85,
Salobra,0321301,,A,03,,,atividade,85,
Criação de peixes em água salgada e salobra,0321301,,A,03,,,palavra_chave,90,
Criação de camarões em água salgada e salobra,0321302,,A,03,,,nome_oficial,100,
Criação,0321302,,A,03,,,atividade,85,
Criacao,0321302,,A,03,,,atividade,85,
Camarões,0321302,,A,03,,,atividade,85,
Camaroes,0321302,,A,03,,,atividade,85,
Água,0321302,,A,03,,,atividade,85,
Agua,0321302,,A,03,,,atividade,85,
Salgada,0321302,,A,03,,,atividade,85,
Salgada,0321302,,A,03,,,atividade,85,
Salobra,0321302,,A,03,,,atividade,85,
Salobra,0321302,,A,03,,,atividade,85,
Criação de camarões em água salgada e salobra,0321302,,A,03,,,palavra_chave,90,
Criação de ostras e mexilhões em água salgada e salobra,0321303,,A,03,,,nome_oficial,100,
Criação,0321303,,A,03,,,atividade,85,
Criacao,0321303,,A,03,,,atividade,85,
Ostras,0321303,,A,03,,,atividade,85,
Ostras,0321303,,A,03,,,atividade,85,
Mexilhões,0321303,,A,03,,,atividade,85,
Mexilhoes,0321303,,A,03,,,atividade,85,
Água,0321303,,A,03,,,atividade,85,
Agua,0321303,,A,03,,,atividade,85,
Salgada,0321303,,A,03,,,atividade,85,
Salgada,0321303,,A,03,,,atividade,85,
Salobra,0321303,,A,03,,,atividade,85,
Salobra,0321303,,A,03,,,atividade,85,
Criação de ostras e mexilhões em água salgada e salobra,0321303,,A,03,,,palavra_chave,90,
Criação de peixes ornamentais em água salgada e salobra,0321304,,A,03,,,nome_oficial,100,
Criação,0321304,,A,03,,,atividade,85,
Criacao,0321304,,A,03,,,atividade,85,
Peixes,0321304,,A,03,,,atividade,85,
Peixes,0321304,,A,03,,,atividade,85,
Ornamentais,0321304,,A,03,,,atividade,85,
Ornamentais,0321304,,A,03,,,atividade,85,
Água,0321304,,A,03,,,atividade,85,
Agua,0321304,,A,03,,,atividade,85,
Salgada,0321304,,A,03,,,atividade,85,
Salgada,0321304,,A,03,,,atividade,85,
Salobra,0321304,,A,03,,,atividade,85,
Salobra,0321304,,A,03,,,atividade,85,
Criação de peixes ornamentais em água salgada e salobra,0321304,,A,03,,,palavra_chave,90,
Atividades de apoio à aqüicultura em água salgada e salobra,0321305,,A,03,,,nome_oficial,100,
Apoio,0321305,,A,03,,,atividade,85,
Apoio,0321305,,A,03,,,atividade,85,
Aqüicultura,0321305,,A,03,,,produto,85,
Aquicultura,0321305,,A,03,,,produto,85,
Água,0321305,,A,03,,,atividade,85,
Agua,0321305,,A,03,,,atividade,85,
Salgada,0321305,,A,03,,,atividade,85,
Salgada,0321305,,A,03,,,atividade,85,
Salobra,0321305,,A,03,,,atividade,85,
Salobra,0321305,,A,03,,,atividade,85,
Atividades de apoio à aqüicultura em água salgada e salobra,0321305,,A,03,,,palavra_chave,90,
Cultivos e semicultivos da aqüicultura em água salgada e salobra não especificados anteriormente,0321399,,A,03,,,nome_oficial,100,
Cultivos,0321399,,A,03,,,produto,85,
Cultivos,0321399,,A,03,,,produto,85,
Semicultivos,0321399,,A,03,,,produto,85,
Semicultivos,0321399,,A,03,,,produto,85,
Aqüicultura,0321399,,A,03,,,produto,85,
Aquicultura,0321399,,A,03,,,produto,85,
Água,0321399,,A,03,,,atividade,85,
Agua,0321399,,A,03,,,atividade,85,
Salgada,0321399,,A,03,,,atividade,85,
Salgada,0321399,,A,03,,,atividade,85,
Salobra,0321399,,A,03,,,atividade,85,
Salobra,0321399,,A,03,,,atividade,85,
Especificados,0321399,,A,03,,,atividade,85,
Especificados,0321399,,A,03,,,atividade,85,
Cultivos e semicultivos da aqüicultura em água salgada e salobra não especificados anteriormente,0321399,,A,03,,,palavra_chave,90,
Criação de peixes em água doce,0322101,,A,03,,,nome_oficial,100,
Criação,0322101,,A,03,,,atividade,85,
Criacao,0322101,,A,03,,,atividade,85,
Peixes,0322101,,A,03,,,atividade,85,
Peixes,0322101,,A,03,,,atividade,85,
Água,0322101,,A,03,,,atividade,85,
Agua,0322101,,A,03,,,atividade,85,
Doce,0322101,,A,03,,,atividade,85,
Doce,0322101,,A,03,,,atividade,85,
Criação de peixes em água doce,0322101,,A,03,,,palavra_chave,90,
Criação de camarões em água doce,0322102,,A,03,,,nome_oficial,100,
Criação,0322102,,A,03,,,atividade,85,
Criacao,0322102,,A,03,,,atividade,85,
Camarões,0322102,,A,03,,,atividade,85,
Camaroes,0322102,,A,03,,,atividade,85,
Água,0322102,,A,03,,,atividade,85,
Agua,0322102,,A,03,,,atividade,85,
Doce,0322102,,A,03,,,atividade,85,
Doce,0322102,,A,03,,,atividade,85,
Criação de camarões em água doce,0322102,,A,03,,,palavra_chave,90,
Criação de ostras e mexilhões em água doce,0322103,,A,03,,,nome_oficial,100,
Criação,0322103,,A,03,,,atividade,85,
Criacao,0322103,,A,03,,,atividade,85,
Ostras,0322103,,A,03,,,atividade,85,
Ostras,0322103,,A,03,,,atividade,85,
Mexilhões,0322103,,A,03,,,atividade,85,
Mexilhoes,0322103,,A,03,,,atividade,85,
Água,0322103,,A,03,,,atividade,85,
Agua,0322103,,A,03,,,atividade,85,
Doce,0322103,,A,03,,,atividade,85,
Doce,0322103,,A,03,,,atividade,85,
Criação de ostras e mexilhões em água doce,0322103,,A,03,,,palavra_chave,90,
Criação de peixes ornamentais em água doce,0322104,,A,03,,,nome_oficial,100,
Criação,0322104,,A,03,,,atividade,85,
Criacao,0322104,,A,03,,,atividade,85,
Peixes,0322104,,A,03,,,atividade,85,
Peixes,0322104,,A,03,,,atividade,85,
Ornamentais,0322104,,A,03,,,atividade,85,
Ornamentais,0322104,,A,03,,,atividade,85,
Água,0322104,,A,03,,,atividade,85,
Agua,0322104,,A,03,,,atividade,85,
Doce,0322104,,A,03,,,atividade,85,
Doce,0322104,,A,03,,,atividade,85,
Criação de peixes ornamentais em água doce,0322104,,A,03,,,palavra_chave,90,
Ranicultura,0322105,,A,03,,,nome_oficial,100,
Ranicultura,0322105,,A,03,,,produto,85,
Ranicultura,0322105,,A,03,,,produto,85,
Ranicultura,0322105,,A,03,,,palavra_chave,90,
Criação de jacaré,0322106,,A,03,,,nome_oficial,100,
Criação,0322106,,A,03,,,atividade,85,
Criacao,0322106,,A,03,,,atividade,85,
Jacaré,0322106,,A,03,,,atividade,85,
Jacare,0322106,,A,03,,,atividade,85,
Criação de jacaré,0322106,,A,03,,,palavra_chave,90,
Atividades de apoio à aqüicultura em água doce,0322107,,A,03,,,nome_oficial,100,
Apoio,0322107,,A,03,,,atividade,85,
Apoio,0322107,,A,03,,,atividade,85,
Aqüicultura,0322107,,A,03,,,produto,85,
Aquicultura,0322107,,A,03,,,produto,85,
Água,0322107,,A,03,,,atividade,85,
Agua,0322107,,A,03,,,atividade,85,
Doce,0322107,,A,03,,,atividade,85,
Doce,0322107,,A,03,,,atividade,85,
Atividades de apoio à aqüicultura em água doce,0322107,,A,03,,,palavra_chave,90,
Cultivos e semicultivos da aqüicultura em água doce não especificados anteriormente,0322199,,A,03,,,nome_oficial,100,
Cultivos,0322199,,A,03,,,produto,85,
Cultivos,0322199,,A,03,,,produto,85,
Semicultivos,0322199,,A,03,,,produto,85,
Semicultivos,0322199,,A,03,,,produto,85,
Aqüicultura,0322199,,A,03,,,produto,85,
Aquicultura,0322199,,A,03,,,produto,85,
Água,0322199,,A,03,,,atividade,85,
Agua,0322199,,A,03,,,atividade,85,
Doce,0322199,,A,03,,,atividade,85,
Doce,0322199,,A,03,,,atividade,85,
Especificados,0322199,,A,03,,,atividade,85,
Especificados,0322199,,A,03,,,atividade,85,
Cultivos e semicultivos da aqüicultura em água doce não especificados anteriormente,0322199,,A,03,,,palavra_chave,90,
Extração de carvão mineral,0500301,,B,05,,,nome_oficial,100,
Extração,0500301,,B,05,,,atividade,85,
Extracao,0500301,,B,05,,,atividade,85,
Carvão,0500301,,B,05,,,atividade,85,
Carvao,0500301,,B,05,,,atividade,85,
Mineral,0500301,,B,05,,,atividade,85,
Mineral,0500301,,B,05,,,atividade,85,
Extração de carvão mineral,0500301,,B,05,,,palavra_chave,90,
Beneficiamento de carvão mineral,0500302,,B,05,,,nome_oficial,100,
Beneficiamento,0500302,,B,05,,,atividade,85,
Beneficiamento,0500302,,B,05,,,atividade,85,
Carvão,0500302,,B,05,,,atividade,85,
Carvao,0500302,,B,05,,,atividade,85,
Mineral,0500302,,B,05,,,atividade,85,
Mineral,0500302,,B,05,,,atividade,85,
Beneficiamento de carvão mineral,0500302,,B,05,,,palavra_chave,90,
Extração de petróleo e gás natural,0600001,,B,06,,,nome_oficial,100,
Extração,0600001,,B,06,,,atividade,85,
Extracao,0600001,,B,06,,,atividade,85,
Petróleo,0600001,,B,06,,,atividade,85,
Petroleo,0600001,,B,06,,,atividade,85,
Gás,0600001,,B,06,,,atividade,85,
Gas,0600001,,B,06,,,atividade,85,
Natural,0600001,,B,06,,,atividade,85,
Natural,0600001,,B,06,,,atividade,85,
Extração de petróleo e gás natural,0600001,,B,06,,,palavra_chave,90,
Extração de minério de ferro,0710301,,B,07,,,nome_oficial,100,
Extração,0710301,,B,07,,,atividade,85,
Extracao,0710301,,B,07,,,atividade,85,
Minério,0710301,,B,07,,,atividade,85,
Minerio,0710301,,B,07,,,atividade,85,
Ferro,0710301,,B,07,,,atividade,85,
Ferro,0710301,,B,07,,,atividade,85,
Extração de minério de ferro,0710301,,B,07,,,palavra_chave,90,
"Pelotização, sinterização e outros beneficiamentos de minério de ferro",0710302,,B,07,,,nome_oficial,100,
Pelotização,0710302,,B,07,,,atividade,85,
Pelotizacao,0710302,,B,07,,,atividade,85,
Sinterização,0710302,,B,07,,,atividade,85,
Sinterizacao,0710302,,B,07,,,atividade,85,
Outros,0710302,,B,07,,,atividade,85,
Outros,0710302,,B,07,,,atividade,85,
Beneficiamentos,0710302,,B,07,,,atividade,85,
Beneficiamentos,0710302,,B,07,,,atividade,85,
Minério,0710302,,B,07,,,atividade,85,
Minerio,0710302,,B,07,,,atividade,85,
Ferro,0710302,,B,07,,,atividade,85,
Ferro,0710302,,B,07,,,atividade,85,
"Pelotização, sinterização e outros beneficiamentos de minério de ferro",0710302,,B,07,,,palavra_chave,90,
Extração de minério de alumínio,0721901,,B,07,,,nome_oficial,100,
Extração,0721901,,B,07,,,atividade,85,
Extracao,0721901,,B,07,,,atividade,85,
Minério,0721901,,B,07,,,atividade,85,
Minerio,0721901,,B,07,,,atividade,85,
Alumínio,0721901,,B,07,,,atividade,85,
Aluminio,0721901,,B,07,,,atividade,85,
Extração de minério de alumínio,0721901,,B,07,,,palavra_chave,90,
Beneficiamento de minério de alumínio,0721902,,B,07,,,nome_oficial,100,
Beneficiamento,0721902,,B,07,,,atividade,85,
Beneficiamento,0721902,,B,07,,,atividade,85,
Minério,0721902,,B,07,,,atividade,85,
Minerio,0721902,,B,07,,,atividade,85,
Alumínio,0721902,,B,07,,,atividade,85,
Aluminio,0721902,,B,07,,,atividade,85,
Beneficiamento de minério de alumínio,0721902,,B,07,,,palavra_chave,90,
Extração de minério de estanho,0722701,,B,07,,,nome_oficial,100,
Extração,0722701,,B,07,,,atividade,85,
Extracao,0722701,,B,07,,,atividade,85,
Minério,0722701,,B,07,,,atividade,85,
Minerio,0722701,,B,07,,,atividade,85,
Estanho,0722701,,B,07,,,atividade,85,
Estanho,0722701,,B,07,,,atividade,85,
Extração de minério de estanho,0722701,,B,07,,,palavra_chave,90,
Beneficiamento de minério de estanho,0722702,,B,07,,,nome_oficial,100,
Beneficiamento,0722702,,B,07,,,atividade,85,
Beneficiamento,0722702,,B,07,,,atividade,85,
Minério,0722702,,B,07,,,atividade,85,
Minerio,0722702,,B,07,,,atividade,85,
Estanho,0722702,,B,07,,,atividade,85,
Estanho,0722702,,B,07,,,atividade,85,
Beneficiamento de minério de estanho,0722702,,B,07,,,palavra_chave,90,
Extração de minério de manganês,0723501,,B,07,,,nome_oficial,100,
Extração,0723501,,B,07,,,atividade,85,
Extracao,0723501,,B,07,,,atividade,85,
Minério,0723501,,B,07,,,atividade,85,
Minerio,0723501,,B,07,,,atividade,85,
Manganês,0723501,,B,07,,,atividade,85,
Manganes,0723501,,B,07,,,atividade,85,
Extração de minério de manganês,0723501,,B,07,,,palavra_chave,90,
Beneficiamento de minério de manganês,0723502,,B,07,,,nome_oficial,100,
Beneficiamento,0723502,,B,07,,,atividade,85,
Beneficiamento,0723502,,B,07,,,atividade,85,
Minério,0723502,,B,07,,,atividade,85,
Minerio,0723502,,B,07,,,atividade,85,
Manganês,0723502,,B,07,,,atividade,85,
Manganes,0723502,,B,07,,,atividade,85,
Beneficiamento de minério de manganês,0723502,,B,07,,,palavra_chave,90,
Extração de ardósia e beneficiamento associado,0810001,,B,08,,,nome_oficial,100,
Extração,0810001,,B,08,,,atividade,85,
Extracao,0810001,,B,08,,,atividade,85,
Ardósia,0810001,,B,08,,,atividade,85,
Ardosia,0810001,,B,08,,,atividade,85,
Beneficiamento,0810001,,B,08,,,atividade,85,
Beneficiamento,0810001,,B,08,,,atividade,85,
Associado,0810001,,B,08,,,atividade,85,
Associado,0810001,,B,08,,,atividade,85,
Extração de ardósia e beneficiamento associado,0810001,,B,08,,,palavra_chave,90,
Extração de granito e beneficiamento associado,0810002,,B,08,,,nome_oficial,100,
Extração,0810002,,B,08,,,atividade,85,
Extracao,0810002,,B,08,,,atividade,85,
Granito,0810002,,B,08,,,atividade,85,
Granito,0810002,,B,08,,,atividade,85,
Beneficiamento,0810002,,B,08,,,atividade,85,
Beneficiamento,0810002,,B,08,,,atividade,85,
Associado,0810002,,B,08,,,atividade,85,
Associado,0810002,,B,08,,,atividade,85,
Extração de granito e beneficiamento associado,0810002,,B,08,,,palavra_chave,90,
Extração de mármore e beneficiamento associado,0810003,,B,08,,,nome_oficial,100,
Extração,0810003,,B,08,,,atividade,85,
Extracao,0810003,,B,08,,,atividade,85,
Mármore,0810003,,B,08,,,atividade,85,
Marmore,0810003,,B,08,,,atividade,85,
Beneficiamento,0810003,,B,08,,,atividade,85,
Beneficiamento,0810003,,B,08,,,atividade,85,
Associado,0810003,,B,08,,,atividade,85,
Associado,0810003,,B,08,,,atividade,85,
Extração de mármore e beneficiamento associado,0810003,,B,08,,,palavra_chave,90,
Extração de calcário e dolomito e beneficiamento associado,0810004,,B,08,,,nome_oficial,100,
Extração,0810004,,B,08,,,atividade,85,
Extracao,0810004,,B,08,,,atividade,85,
Calcário,0810004,,B,08,,,atividade,85,
Calcario,0810004,,B,08,,,atividade,85,
Dolomito,0810004,,B,08,,,atividade,85,
Dolomito,0810004,,B,08,,,atividade,85,
Beneficiamento,0810004,,B,08,,,atividade,85,
Beneficiamento,0810004,,B,08,,,atividade,85,
Associado,0810004,,B,08,,,atividade,85,
Associado,0810004,,B,08,,,atividade,85,
Extração de calcário e dolomito e beneficiamento associado,0810004,,B,08,,,palavra_chave,90,
Extração de gesso e caulim,0810005,,B,08,,,nome_oficial,100,
Extração,0810005,,B,08,,,atividade,85,
Extracao,0810005,,B,08,,,atividade,85,
Gesso,0810005,,B,08,,,atividade,85,
Gesso,0810005,,B,08,,,atividade,85,
Caulim,0810005,,B,08,,,atividade,85,
Caulim,0810005,,B,08,,,atividade,85,
Extração de gesso e caulim,0810005,,B,08,,,palavra_chave,90,
"Extração de areia, cascalho ou pedregulho e beneficiamento associado",0810006,,B,08,,,nome_oficial,100,
Extração,0810006,,B,08,,,atividade,85,
Extracao,0810006,,B,08,,,atividade,85,
Areia,0810006,,B,08,,,atividade,85,
Areia,0810006,,B,08,,,atividade,85,
Cascalho,0810006,,B,08,,,atividade,85,
Cascalho,0810006,,B,08,,,atividade,85,
Pedregulho,0810006,,B,08,,,atividade,85,
Pedregulho,0810006,,B,08,,,atividade,85,
Beneficiamento,0810006,,B,08,,,atividade,85,
Beneficiamento,0810006,,B,08,,,atividade,85,
Associado,0810006,,B,08,,,atividade,85,
Associado,0810006,,B,08,,,atividade,85,
"Extração de areia, cascalho ou pedregulho e beneficiamento associado",0810006,,B,08,,,palavra_chave,90,
Extração de argila e beneficiamento associado,0810007,,B,08,,,nome_oficial,100,
Extração,0810007,,B,08,,,atividade,85,
Extracao,0810007,,B,08,,,atividade,85,
Argila,0810007,,B,08,,,atividade,85,
Argila,0810007,,B,08,,,atividade,85,
Beneficiamento,0810007,,B,08,,,atividade,85,
Beneficiamento,0810007,,B,08,,,atividade,85,
Associado,0810007,,B,08,,,atividade,85,
Associado,0810007,,B,08,,,atividade,85,
Extração de argila e beneficiamento associado,0810007,,B,08,,,palavra_chave,90,
Extração de saibro e beneficiamento associado,0810008,,B,08,,,nome_oficial,100,
Extração,0810008,,B,08,,,atividade,85,
Extracao,0810008,,B,08,,,atividade,85,
Saibro,0810008,,B,08,,,atividade,85,
Saibro,0810008,,B,08,,,atividade,85,
Beneficiamento,0810008,,B,08,,,atividade,85,
Beneficiamento,0810008,,B,08,,,atividade,85,
Associado,0810008,,B,08,,,atividade,85,
Associado,0810008,,B,08,,,atividade,85,
Extração de saibro e beneficiamento associado,0810008,,B,08,,,palavra_chave,90,
Extração de basalto e beneficiamento associado,0810009,,B,08,,,nome_oficial,100,
Extração,0810009,,B,08,,,atividade,85,
Extracao,0810009,,B,08,,,atividade,85,
Basalto,0810009,,B,08,,,atividade,85,
Basalto,0810009,,B,08,,,atividade,85,
Beneficiamento,0810009,,B,08,,,atividade,85,
Beneficiamento,0810009,,B,08,,,atividade,85,
Associado,0810009,,B,08,,,atividade,85,
Associado,0810009,,B,08,,,atividade,85,
Extração de basalto e beneficiamento associado,0810009,,B,08,,,palavra_chave,90,
Extração de brita e beneficiamento associado,0810010,,B,08,,,nome_oficial,100,
Extração,0810010,,B,08,,,atividade,85,
Extracao,0810010,,B,08,,,atividade,85,
Brita,0810010,,B,08,,,atividade,85,
Brita,0810010,,B,08,,,atividade,85,
Beneficiamento,0810010,,B,08,,,atividade,85,
Beneficiamento,0810010,,B,08,,,atividade,85,
Associado,0810010,,B,08,,,atividade,85,
Associado,0810010,,B,08,,,atividade,85,
Extração de brita e beneficiamento associado,0810010,,B,08,,,palavra_chave,90,
Extração e britamento de pedras e outros materiais para construção e beneficiamento associado,0810099,,B,08,,,nome_oficial,100,
Extração,0810099,,B,08,,,atividade,85,
Extracao,0810099,,B,08,,,atividade,85,
Britamento,0810099,,B,08,,,atividade,85,
Britamento,0810099,,B,08,,,atividade,85,
Pedras,0810099,,B,08,,,atividade,85,
Pedras,0810099,,B,08,,,atividade,85,
Outros,0810099,,B,08,,,atividade,85,
Outros,0810099,,B,08,,,atividade,85,
Materiais,0810099,,B,08,,,atividade,85,
Materiais,0810099,,B,08,,,atividade,85,
Construção,0810099,,B,08,,,atividade,85,
Construcao,0810099,,B,08,,,atividade,85,
Beneficiamento,0810099,,B,08,,,atividade,85,
Beneficiamento,0810099,,B,08,,,atividade,85,
Associado,0810099,,B,08,,,atividade,85,
Associado,0810099,,B,08,,,atividade,85,
Extração e britamento de pedras e outros materiais para construção e beneficiamento associado,0810099,,B,08,,,palavra_chave,90,
"Extração de minerais para fabricação de adubos, fertilizantes e outros produtos químicos",0891600,,B,08,,,nome_oficial,100,
Extração,0891600,,B,08,,,atividade,85,
Extracao,0891600,,B,08,,,atividade,85,
Minerais,0891600,,B,08,,,atividade,85,
Minerais,0891600,,B,08,,,atividade,85,
Adubos,0891600,,B,08,,,atividade,85,
Adubos,0891600,,B,08,,,atividade,85,
Fertilizantes,0891600,,B,08,,,atividade,85,
Fertilizantes,0891600,,B,08,,,atividade,85,
Outros,0891600,,B,08,,,atividade,85,
Outros,0891600,,B,08,,,atividade,85,
Produtos,0891600,,B,08,,,atividade,85,
Produtos,0891600,,B,08,,,atividade,85,
Químicos,0891600,,B,08,,,atividade,85,
Quimicos,0891600,,B,08,,,atividade,85,
"Extração de minerais para fabricação de adubos, fertilizantes e outros produtos químicos",0891600,,B,08,,,palavra_chave,90,
Extração de sal marinho,0892401,,B,08,,,nome_oficial,100,
Extração,0892401,,B,08,,,atividade,85,
Extracao,0892401,,B,08,,,atividade,85,
Sal,0892401,,B,08,,,atividade,85,
Sal,0892401,,B,08,,,atividade,85,
Marinho,0892401,,B,08,,,atividade,85,
Marinho,0892401,,B,08,,,atividade,85,
Extração de sal marinho,0892401,,B,08,,,palavra_chave,90,
Refino de sal marinho,0892402,,B,08,,,nome_oficial,100,
Refino,0892402,,B,08,,,atividade,85,
Refino,0892402,,B,08,,,atividade,85,
Sal,0892402,,B,08,,,atividade,85,
Sal,0892402,,B,08,,,atividade,85,
Marinho,0892402,,B,08,,,atividade,85,
Marinho,0892402,,B,08,,,atividade,85,
Refino de sal marinho,0892402,,B,08,,,palavra_chave,90,
Extração de sal-gema,0892403,,B,08,,,nome_oficial,100,
Extração,0892403,,B,08,,,atividade,85,
Extracao,0892403,,B,08,,,atividade,85,
Sal,0892403,,B,08,,,atividade,85,
Sal,0892403,,B,08,,,atividade,85,
Gema,0892403,,B,08,,,atividade,85,
Gema,0892403,,B,08,,,atividade,85,
Extração de sal-gema,0892403,,B,08,,,palavra_chave,90,
Extração de gemas (pedras preciosas e semipreciosas),0893200,,B,08,,,nome_oficial,100,
Extração,0893200,,B,08,,,atividade,85,
Extracao,0893200,,B,08,,,atividade,85,
Gemas,0893200,,B,08,,,atividade,85,
Gemas,0893200,,B,08,,,atividade,85,
Pedras,0893200,,B,08,,,atividade,85,
Pedras,0893200,,B,08,,,atividade,85,
Preciosas,0893200,,B,08,,,atividade,85,
Preciosas,0893200,,B,08,,,atividade,85,
Semipreciosas,0893200,,B,08,,,atividade,85,
Semipreciosas,0893200,,B,08,,,atividade,85,
Extração de gemas (pedras preciosas e semipreciosas),0893200,,B,08,,,palavra_chave,90,
Extração de grafita,0899101,,B,08,,,nome_oficial,100,
Extração,0899101,,B,08,,,atividade,85,
Extracao,0899101,,B,08,,,atividade,85,
Grafita,0899101,,B,08,,,atividade,85,
Grafita,0899101,,B,08,,,atividade,85,
Extração de grafita,0899101,,B,08,,,palavra_chave,90,
Extração de quartzo,0899102,,B,08,,,nome_oficial,100,
Extração,0899102,,B,08,,,atividade,85,
Extracao,0899102,,B,08,,,atividade,85,
Quartzo,0899102,,B,08,,,atividade,85,
Quartzo,0899102,,B,08,,,atividade,85,
Extração de quartzo,0899102,,B,08,,,palavra_chave,90,
Extração de amianto,0899103,,B,08,,,nome_oficial,100,
Extração,0899103,,B,08,,,atividade,85,
Extracao,0899103,,B,08,,,atividade,85,
Amianto,0899103,,B,08,,,atividade,85,
Amianto,0899103,,B,08,,,atividade,85,
Extração de amianto,0899103,,B,08,,,palavra_chave,90,
Extração de outros minerais não-metálicos não especificados anteriormente,0899199,,B,08,,,nome_oficial,100,
Extração,0899199,,B,08,,,atividade,85,
Extracao,0899199,,B,08,,,atividade,85,
Outros,0899199,,B,08,,,atividade,85,
Outros,0899199,,B,08,,,atividade,85,
Minerais,0899199,,B,08,,,atividade,85,
Minerais,0899199,,B,08,,,atividade,85,
Metálicos,0899199,,B,08,,,atividade,85,
Metalicos,0899199,,B,08,,,atividade,85,
Especificados,0899199,,B,08,,,atividade,85,
Especificados,0899199,,B,08,,,atividade,85,
Extração de outros minerais não-metálicos não especificados anteriormente,0899199,,B,08,,,palavra_chave,90,
Atividades de apoio à extração de petróleo e gás natural,0910600,,B,09,,,nome_oficial,100,
Apoio,0910600,,B,09,,,atividade,85,
Apoio,0910600,,B,09,,,atividade,85,
Extração,0910600,,B,09,,,atividade,85,
Extracao,0910600,,B,09,,,atividade,85,
Petróleo,0910600,,B,09,,,atividade,85,
Petroleo,0910600,,B,09,,,atividade,85,
Gás,0910600,,B,09,,,atividade,85,
Gas,0910600,,B,09,,,atividade,85,
Natural,0910600,,B,09,,,atividade,85,
Natural,0910600,,B,09,,,atividade,85,
Atividades de apoio à extração de petróleo e gás natural,0910600,,B,09,,,palavra_chave,90,
Atividades de apoio à extração de minério de ferro,0990401,,B,09,,,nome_oficial,100,
Apoio,0990401,,B,09,,,atividade,85,
Apoio,0990401,,B,09,,,atividade,85,
Extração,0990401,,B,09,,,atividade,85,
Extracao,0990401,,B,09,,,atividade,85,
Minério,0990401,,B,09,,,atividade,85,
Minerio,0990401,,B,09,,,atividade,85,
Ferro,0990401,,B,09,,,atividade,85,
Ferro,0990401,,B,09,,,atividade,85,
Atividades de apoio à extração de minério de ferro,0990401,,B,09,,,palavra_chave,90,
Frigorífico - abate de bovinos,1011201,,C,10,,,nome_oficial,100,
Frigorífico,1011201,,C,10,,,atividade,85,
Frigorifico,1011201,,C,10,,,atividade,85,
Abate,1011201,,C,10,,,atividade,85,
Abate,1011201,,C,10,,,atividade,85,
Bovinos,1011201,,C,10,,,atividade,85,
Bovinos,1011201,,C,10,,,atividade,85,
Frigorífico - abate de bovinos,1011201,,C,10,,,palavra_chave,90,
Frigorífico - abate de eqüinos,1011202,,C,10,,,nome_oficial,100,
Frigorífico,1011202,,C,10,,,atividade,85,
Frigorifico,1011202,,C,10,,,atividade,85,
Abate,1011202,,C,10,,,atividade,85,
Abate,1011202,,C,10,,,atividade,85,
Eqüinos,1011202,,C,10,,,atividade,85,
Equinos,1011202,,C,10,,,atividade,85,
Frigorífico - abate de eqüinos,1011202,,C,10,,,palavra_chave,90,
Frigorífico - abate de ovinos e caprinos,1011203,,C,10,,,nome_oficial,100,
Frigorífico,1011203,,C,10,,,atividade,85,
Frigorifico,1011203,,C,10,,,atividade,85,
Abate,1011203,,C,10,,,atividade,85,
Abate,1011203,,C,10,,,atividade,85,
Ovinos,1011203,,C,10,,,atividade,85,
Ovinos,1011203,,C,10,,,atividade,85,
Caprinos,1011203,,C,10,,,atividade,85,
Caprinos,1011203,,C,10,,,atividade,85,
Frigorífico - abate de ovinos e caprinos,1011203,,C,10,,,palavra_chave,90,
Frigorífico - abate de bufalinos,1011204,,C,10,,,nome_oficial,100,
Frigorífico,1011204,,C,10,,,atividade,85,
Frigorifico,1011204,,C,10,,,atividade,85,
Abate,1011204,,C,10,,,atividade,85,
Abate,1011204,,C,10,,,atividade,85,
Bufalinos,1011204,,C,10,,,atividade,85,
Bufalinos,1011204,,C,10,,,atividade,85,
Frigorífico - abate de bufalinos,1011204,,C,10,,,palavra_chave,90,
Matadouro - abate de reses sob contrato - exceto abate de suínos,1011205,,C,10,,,nome_oficial,100,
Matadouro,1011205,,C,10,,,atividade,85,
Matadouro,1011205,,C,10,,,atividade,85,
Abate,1011205,,C,10,,,atividade,85,
Abate,1011205,,C,10,,,atividade,85,
Reses,1011205,,C,10,,,atividade,85,
Reses,1011205,,C,10,,,atividade,85,
Sob,1011205,,C,10,,,atividade,85,
Sob,1011205,,C,10,,,atividade,85,
Contrato,1011205,,C,10,,,atividade,85,
Contrato,1011205,,C,10,,,atividade,85,
Suínos,1011205,,C,10,,,atividade,85,
Suinos,1011205,,C,10,,,atividade,85,
Matadouro - abate de reses sob contrato - exceto abate de suínos,1011205,,C,10,,,palavra_chave,90,
Abate de aves,1012101,,C,10,,,nome_oficial,100,
Abate,1012101,,C,10,,,atividade,85,
Abate,1012101,,C,10,,,atividade,85,
Aves,1012101,,C,10,,,atividade,85,
Aves,1012101,,C,10,,,atividade,85,
Abate de aves,1012101,,C,10,,,palavra_chave,90,
Abate de pequenos animais,1012102,,C,10,,,nome_oficial,100,
Abate,1012102,,C,10,,,atividade,85,
Abate,1012102,,C,10,,,atividade,85,
Pequenos,1012102,,C,10,,,atividade,85,
Pequenos,1012102,,C,10,,,atividade,85,
Animais,1012102,,C,10,,,atividade,85,
Animais,1012102,,C,10,,,atividade,85,
Abate de pequenos animais,1012102,,C,10,,,palavra_chave,90,
Frigorífico - abate de suínos,1012103,,C,10,,,nome_oficial,100,
Frigorífico,1012103,,C,10,,,atividade,85,
Frigorifico,1012103,,C,10,,,atividade,85,
Abate,1012103,,C,10,,,atividade,85,
Abate,1012103,,C,10,,,atividade,85,
Suínos,1012103,,C,10,,,atividade,85,
Suinos,1012103,,C,10,,,atividade,85,
Frigorífico - abate de suínos,1012103,,C,10,,,palavra_chave,90,
Matadouro - abate de suínos sob contrato,1012104,,C,10,,,nome_oficial,100,
Matadouro,1012104,,C,10,,,atividade,85,
Matadouro,1012104,,C,10,,,atividade,85,
Abate,1012104,,C,10,,,atividade,85,
Abate,1012104,,C,10,,,atividade,85,
Suínos,1012104,,C,10,,,atividade,85,
Suinos,1012104,,C,10,,,atividade,85,
Sob,1012104,,C,10,,,atividade,85,
Sob,1012104,,C,10,,,atividade,85,
Contrato,1012104,,C,10,,,atividade,85,
Contrato,1012104,,C,10,,,atividade,85,
Matadouro - abate de suínos sob contrato,1012104,,C,10,,,palavra_chave,90,
Fabricação de produtos de carne,1013901,,C,10,,,nome_oficial,100,
Produtos,1013901,,C,10,,,atividade,85,
Produtos,1013901,,C,10,,,atividade,85,
Carne,1013901,,C,10,,,atividade,85,
Carne,1013901,,C,10,,,atividade,85,
Fabricação de produtos de carne,1013901,,C,10,,,palavra_chave,90,
Preparação de produtos de carne,1013902,,C,10,,,nome_oficial,100,
Preparação,1013902,,C,10,,,atividade,85,
Preparacao,1013902,,C,10,,,atividade,85,
Produtos,1013902,,C,10,,,atividade,85,
Produtos,1013902,,C,10,,,atividade,85,
Carne,1013902,,C,10,,,atividade,85,
Carne,1013902,,C,10,,,atividade,85,
Preparação de produtos de carne,1013902,,C,10,,,palavra_chave,90,
Processamento industrial do pescado,1020101,,C,10,,,nome_oficial,100,
Processamento,1020101,,C,10,,,atividade,85,
Processamento,1020101,,C,10,,,atividade,85,
Industrial,1020101,,C,10,,,atividade,85,
Industrial,1020101,,C,10,,,atividade,85,
Pescado,1020101,,C,10,,,atividade,85,
Pescado,1020101,,C,10,,,atividade,85,
Processamento industrial do pescado,1020101,,C,10,,,palavra_chave,90,
Preparação de pescado,1020102,,C,10,,,nome_oficial,100,
Preparação,1020102,,C,10,,,atividade,85,
Preparacao,1020102,,C,10,,,atividade,85,
Pescado,1020102,,C,10,,,atividade,85,
Pescado,1020102,,C,10,,,atividade,85,
Preparação de pescado,1020102,,C,10,,,palavra_chave,90,
Fabricação de conservas de peixes,1020103,,C,10,,,nome_oficial,100,
Conservas,1020103,,C,10,,,atividade,85,
Conservas,1020103,,C,10,,,atividade,85,
Peixes,1020103,,C,10,,,atividade,85,
Peixes,1020103,,C,10,,,atividade,85,
Fabricação de conservas de peixes,1020103,,C,10,,,palavra_chave,90,
Fabricação de conservas de frutas,1031700,,C,10,,,nome_oficial,100,
Conservas,1031700,,C,10,,,atividade,85,
Conservas,1031700,,C,10,,,atividade,85,
Frutas,1031700,,C,10,,,atividade,85,
Frutas,1031700,,C,10,,,atividade,85,
Fabricação de conservas de frutas,1031700,,C,10,,,palavra_chave,90,
Fabricação de conservas de palmito,1032501,,C,10,,,nome_oficial,100,
Conservas,1032501,,C,10,,,atividade,85,
Conservas,1032501,,C,10,,,atividade,85,
Palmito,1032501,,C,10,,,atividade,85,
Palmito,1032501,,C,10,,,atividade,85,
Fabricação de conservas de palmito,1032501,,C,10,,,palavra_chave,90,
"Fabricação de conservas de legumes e outros vegetais, exceto palmito",1032599,,C,10,,,nome_oficial,100,
Conservas,1032599,,C,10,,,atividade,85,
Conservas,1032599,,C,10,,,atividade,85,
Legumes,1032599,,C,10,,,atividade,85,
Legumes,1032599,,C,10,,,atividade,85,
Outros,1032599,,C,10,,,atividade,85,
Outros,1032599,,C,10,,,atividade,85,
Vegetais,1032599,,C,10,,,atividade,85,
Vegetais,1032599,,C,10,,,atividade,85,
Palmito,1032599,,C,10,,,atividade,85,
Palmito,1032599,,C,10,,,atividade,85,
"Fabricação de conservas de legumes e outros vegetais, exceto palmito",1032599,,C,10,,,palavra_chave,90,
"Fabricação de sucos concentrados de frutas, hortaliças e legumes",1033301,,C,10,,,nome_oficial,100,
Sucos,1033301,,C,10,,,atividade,85,
Sucos,1033301,,C,10,,,atividade,85,
Concentrados,1033301,,C,10,,,atividade,85,
Concentrados,1033301,,C,10,,,atividade,85,
Frutas,1033301,,C,10,,,atividade,85,
Frutas,1033301,,C,10,,,atividade,85,
Hortaliças,1033301,,C,10,,,atividade,85,
Hortalicas,1033301,,C,10,,,atividade,85,
Legumes,1033301,,C,10,,,atividade,85,
Legumes,1033301,,C,10,,,atividade,85,
"Fabricação de sucos concentrados de frutas, hortaliças e legumes",1033301,,C,10,,,palavra_chave,90,
"Fabricação de sucos de frutas, hortaliças e legumes, exceto concentrados",1033302,,C,10,,,nome_oficial,100,
Sucos,1033302,,C,10,,,atividade,85,
Sucos,1033302,,C,10,,,atividade,85,
Frutas,1033302,,C,10,,,atividade,85,
Frutas,1033302,,C,10,,,atividade,85,
Hortaliças,1033302,,C,10,,,atividade,85,
Hortalicas,1033302,,C,10,,,atividade,85,
Legumes,1033302,,C,10,,,atividade,85,
Legumes,1033302,,C,10,,,atividade,85,
Concentrados,1033302,,C,10,,,atividade,85,
Concentrados,1033302,,C,10,,,atividade,85,
"Fabricação de sucos de frutas, hortaliças e legumes, exceto concentrados",1033302,,C,10,,,palavra_chave,90,
"Fabricação de óleos vegetais em bruto, exceto óleo de milho",1041400,,C,10,,,nome_oficial,100,
Óleos,1041400,,C,10,,,atividade,85,
Oleos,1041400,,C,10,,,atividade,85,
Vegetais,1041400,,C,10,,,atividade,85,
Vegetais,1041400,,C,10,,,atividade,85,
Bruto,1041400,,C,10,,,atividade,85,
Bruto,1041400,,C,10,,,atividade,85,
Óleo,1041400,,C,10,,,atividade,85,
Oleo,1041400,,C,10,,,atividade,85,
Milho,1041400,,C,10,,,atividade,85,
Milho,1041400,,C,10,,,atividade,85,
"Fabricação de óleos vegetais em bruto, exceto óleo de milho",1041400,,C,10,,,palavra_chave,90,
"Fabricação de óleos vegetais refinados, exceto óleo de milho",1042200,,C,10,,,nome_oficial,100,
Óleos,1042200,,C,10,,,atividade,85,
Oleos,1042200,,C,10,,,atividade,85,
Vegetais,1042200,,C,10,,,atividade,85,
Vegetais,1042200,,C,10,,,atividade,85,
Refinados,1042200,,C,10,,,atividade,85,
Refinados,1042200,,C,10,,,atividade,85,
Óleo,1042200,,C,10,,,atividade,85,
Oleo,1042200,,C,10,,,atividade,85,
Milho,1042200,,C,10,,,atividade,85,
Milho,1042200,,C,10,,,atividade,85,
"Fabricação de óleos vegetais refinados, exceto óleo de milho",1042200,,C,10,,,palavra_chave,90,
Fabricação de margarina e outras gorduras vegetais e de óleos não-comestíveis de animais,1043100,,C,10,,,nome_oficial,100,
Margarina,1043100,,C,10,,,atividade,85,
Margarina,1043100,,C,10,,,atividade,85,
Outras,1043100,,C,10,,,atividade,85,
Outras,1043100,,C,10,,,atividade,85,
Gorduras,1043100,,C,10,,,atividade,85,
Gorduras,1043100,,C,10,,,atividade,85,
Vegetais,1043100,,C,10,,,atividade,85,
Vegetais,1043100,,C,10,,,atividade,85,
Óleos,1043100,,C,10,,,atividade,85,
Oleos,1043100,,C,10,,,atividade,85,
Comestíveis,1043100,,C,10,,,atividade,85,
Comestiveis,1043100,,C,10,,,atividade,85,
Animais,1043100,,C,10,,,atividade,85,
Animais,1043100,,C,10,,,atividade,85,
Fabricação de margarina e outras gorduras vegetais e de óleos não-comestíveis de animais,1043100,,C,10,,,palavra_chave,90,
Preparação do leite,1051100,,C,10,,,nome_oficial,100,
Preparação,1051100,,C,10,,,atividade,85,
Preparacao,1051100,,C,10,,,atividade,85,
Leite,1051100,,C,10,,,atividade,85,
Leite,1051100,,C,10,,,atividade,85,
Preparação do leite,1051100,,C,10,,,palavra_chave,90,
Fabricação de laticínios,1052000,,C,10,,,nome_oficial,100,
Laticínios,1052000,,C,10,,,atividade,85,
Laticinios,1052000,,C,10,,,atividade,85,
Fabricação de laticínios,1052000,,C,10,,,palavra_chave,90,
Fabricação de sorvetes e outros gelados comestíveis,1053800,,C,10,,,nome_oficial,100,
Sorvetes,1053800,,C,10,,,atividade,85,
Sorvetes,1053800,,C,10,,,atividade,85,
Outros,1053800,,C,10,,,atividade,85,
Outros,1053800,,C,10,,,atividade,85,
Gelados,1053800,,C,10,,,atividade,85,
Gelados,1053800,,C,10,,,atividade,85,
Comestíveis,1053800,,C,10,,,atividade,85,
Comestiveis,1053800,,C,10,,,atividade,85,
Fabricação de sorvetes e outros gelados comestíveis,1053800,,C,10,,,palavra_chave,90,
Beneficiamento de arroz,1061901,,C,10,,,nome_oficial,100,
Beneficiamento,1061901,,C,10,,,atividade,85,
Beneficiamento,1061901,,C,10,,,atividade,85,
Arroz,1061901,,C,10,,,atividade,85,
Arroz,1061901,,C,10,,,atividade,85,
Beneficiamento de arroz,1061901,,C,10,,,palavra_chave,90,
Fabricação de produtos do arroz,1061902,,C,10,,,nome_oficial,100,
Produtos,1061902,,C,10,,,atividade,85,
Produtos,1061902,,C,10,,,atividade,85,
Arroz,1061902,,C,10,,,atividade,85,
Arroz,1061902,,C,10,,,atividade,85,
Fabricação de produtos do arroz,1061902,,C,10,,,palavra_chave,90,
Moagem de trigo e fabricação de derivados,1062700,,C,10,,,nome_oficial,100,
Moagem,1062700,,C,10,,,atividade,85,
Moagem,1062700,,C,10,,,atividade,85,
Trigo,1062700,,C,10,,,atividade,85,
Trigo,1062700,,C,10,,,atividade,85,
Derivados,1062700,,C,10,,,atividade,85,
Derivados,1062700,,C,10,,,atividade,85,
Moagem de trigo e fabricação de derivados,1062700,,C,10,,,palavra_chave,90,
Fabricação de farinha de mandioca e derivados,1063500,,C,10,,,nome_oficial,100,
Farinha,1063500,,C,10,,,atividade,85,
Farinha,1063500,,C,10,,,atividade,85,
Mandioca,1063500,,C,10,,,atividade,85,
Mandioca,1063500,,C,10,,,atividade,85,
Derivados,1063500,,C,10,,,atividade,85,
Derivados,1063500,,C,10,,,atividade,85,
Fabricação de farinha de mandioca e derivados,1063500,,C,10,,,palavra_chave,90,
"Fabricação de farinha de milho e derivados, exceto óleos de milho",1064300,,C,10,,,nome_oficial,100,
Farinha,1064300,,C,10,,,atividade,85,
Farinha,1064300,,C,10,,,atividade,85,
Milho,1064300,,C,10,,,atividade,85,
Milho,1064300,,C,10,,,atividade,85,
Derivados,1064300,,C,10,,,atividade,85,
Derivados,1064300,,C,10,,,atividade,85,
Óleos,1064300,,C,10,,,atividade,85,
Oleos,1064300,,C,10,,,atividade,85,
"Fabricação de farinha de milho e derivados, exceto óleos de milho",1064300,,C,10,,,palavra_chave,90,
Fabricação de amidos e féculas de vegetais,1065101,,C,10,,,nome_oficial,100,
Amidos,1065101,,C,10,,,atividade,85,
Amidos,1065101,,C,10,,,atividade,85,
Féculas,1065101,,C,10,,,atividade,85,
Feculas,1065101,,C,10,,,atividade,85,
Vegetais,1065101,,C,10,,,atividade,85,
Vegetais,1065101,,C,10,,,atividade,85,
Fabricação de amidos e féculas de vegetais,1065101,,C,10,,,palavra_chave,90,
Fabricação de óleo de milho em bruto,1065102,,C,10,,,nome_oficial,100,
Óleo,1065102,,C,10,,,atividade,85,
Oleo,1065102,,C,10,,,atividade,85,
Milho,1065102,,C,10,,,atividade,85,
Milho,1065102,,C,10,,,atividade,85,
Bruto,1065102,,C,10,,,atividade,85,
Bruto,1065102,,C,10,,,atividade,85,
Fabricação de óleo de milho em bruto,1065102,,C,10,,,palavra_chave,90,
Fabricação de óleo de milho refinado,1065103,,C,10,,,nome_oficial,100,
Óleo,1065103,,C,10,,,atividade,85,
Oleo,1065103,,C,10,,,atividade,85,
Milho,1065103,,C,10,,,atividade,85,
Milho,1065103,,C,10,,,atividade,85,
Refinado,1065103,,C,10,,,atividade,85,
Refinado,1065103,,C,10,,,atividade,85,
Fabricação de óleo de milho refinado,1065103,,C,10,,,palavra_chave,90,
Fabricação de açúcar em bruto,1071600,,C,10,,,nome_oficial,100,
Açúcar,1071600,,C,10,,,atividade,85,
Acucar,1071600,,C,10,,,atividade,85,
Bruto,1071600,,C,10,,,atividade,85,
Bruto,1071600,,C,10,,,atividade,85,
Fabricação de açúcar em bruto,1071600,,C,10,,,palavra_chave,90,
Fabricação de açúcar de cana refinado,1072401,,C,10,,,nome_oficial,100,
Açúcar,1072401,,C,10,,,atividade,85,
Acucar,1072401,,C,10,,,atividade,85,
Cana,1072401,,C,10,,,atividade,85,
Cana,1072401,,C,10,,,atividade,85,
Refinado,1072401,,C,10,,,atividade,85,
Refinado,1072401,,C,10,,,atividade,85,
Fabricação de açúcar de cana refinado,1072401,,C,10,,,palavra_chave,90,
Fabricação de açúcar de cereais (dextrose) e de beterraba,1072402,,C,10,,,nome_oficial,100,
Açúcar,1072402,,C,10,,,atividade,85,
Acucar,1072402,,C,10,,,atividade,85,
Cereais,1072402,,C,10,,,atividade,85,
Cereais,1072402,,C,10,,,atividade,85,
Dextrose,1072402,,C,10,,,atividade,85,
Dextrose,1072402,,C,10,,,atividade,85,
Beterraba,1072402,,C,10,,,atividade,85,
Beterraba,1072402,,C,10,,,atividade,85,
Fabricação de açúcar de cereais (dextrose) e de beterraba,1072402,,C,10,,,palavra_chave,90,
Beneficiamento de café,1081301,,C,10,,,nome_oficial,100,
Beneficiamento,1081301,,C,10,,,atividade,85,
Beneficiamento,1081301,,C,10,,,atividade,85,
Café,1081301,,C,10,,,atividade,85,
Cafe,1081301,,C,10,,,atividade,85,
Beneficiamento de café,1081301,,C,10,,,palavra_chave,90,
Torrefação e moagem de café,1081302,,C,10,,,nome_oficial,100,
Torrefação,1081302,,C,10,,,atividade,85,
Torrefacao,1081302,,C,10,,,atividade,85,
Moagem,1081302,,C,10,,,atividade,85,
Moagem,1081302,,C,10,,,atividade,85,
Café,1081302,,C,10,,,atividade,85,
Cafe,1081302,,C,10,,,atividade,85,
Torrefação e moagem de café,1081302,,C,10,,,palavra_chave,90,
Fabricação de produtos à base de café,1082100,,C,10,,,nome_oficial,100,
Produtos,1082100,,C,10,,,atividade,85,
Produtos,1082100,,C,10,,,atividade,85,
Base,1082100,,C,10,,,atividade,85,
Base,1082100,,C,10,,,atividade,85,
Café,1082100,,C,10,,,atividade,85,
Cafe,1082100,,C,10,,,atividade,85,
Fabricação de produtos à base de café,1082100,,C,10,,,palavra_chave,90,
Fabricação de produtos de panificação,1091100,,C,10,,,nome_oficial,100,
Produtos,1091100,,C,10,,,atividade,85,
Produtos,1091100,,C,10,,,atividade,85,
Panificação,1091100,,C,10,,,atividade,85,
Panificacao,1091100,,C,10,,,atividade,85,
Fabricação de produtos de panificação,1091100,,C,10,,,palavra_chave,90,
Fabricação de produtos de panificação industrial,1091101,,C,10,,,nome_oficial,100,
Produtos,1091101,,C,10,,,atividade,85,
Produtos,1091101,,C,10,,,atividade,85,
Panificação,1091101,,C,10,,,atividade,85,
Panificacao,1091101,,C,10,,,atividade,85,
Industrial,1091101,,C,10,,,atividade,85,
Industrial,1091101,,C,10,,,atividade,85,
Fabricação de produtos de panificação industrial,1091101,,C,10,,,palavra_chave,90,
Fabricação de produtos de padaria e confeitaria com predominância de produção própria,1091102,,C,10,,,nome_oficial,100,
Produtos,1091102,,C,10,,,atividade,85,
Produtos,1091102,,C,10,,,atividade,85,
Padaria,1091102,,C,10,,,atividade,85,
Padaria,1091102,,C,10,,,atividade,85,
Confeitaria,1091102,,C,10,,,atividade,85,
Confeitaria,1091102,,C,10,,,atividade,85,
Predominância,1091102,,C,10,,,atividade,85,
Predominancia,1091102,,C,10,,,atividade,85,
Própria,1091102,,C,10,,,atividade,85,
Propria,1091102,,C,10,,,atividade,85,
Fabricação de produtos de padaria e confeitaria com predominância de produção própria,1091102,,C,10,,,palavra_chave,90,
Fabricação de biscoitos e bolachas,1092900,,C,10,,,nome_oficial,100,
Biscoitos,1092900,,C,10,,,atividade,85,
Biscoitos,1092900,,C,10,,,atividade,85,
Bolachas,1092900,,C,10,,,atividade,85,
Bolachas,1092900,,C,10,,,atividade,85,
Fabricação de biscoitos e bolachas,1092900,,C,10,,,palavra_chave,90,
Fabricação de produtos derivados do cacau e de chocolates,1093701,,C,10,,,nome_oficial,100,
Produtos,1093701,,C,10,,,atividade,85,
Produtos,1093701,,C,10,,,atividade,85,
Derivados,1093701,,C,10,,,atividade,85,
Derivados,1093701,,C,10,,,atividade,85,
Cacau,1093701,,C,10,,,atividade,85,
Cacau,1093701,,C,10,,,atividade,85,
Chocolates,1093701,,C,10,,,atividade,85,
Chocolates,1093701,,C,10,,,atividade,85,
Fabricação de produtos derivados do cacau e de chocolates,1093701,,C,10,,,palavra_chave,90,
"Fabricação de frutas cristalizadas, balas e semelhantes",1093702,,C,10,,,nome_oficial,100,
Frutas,1093702,,C,10,,,atividade,85,
Frutas,1093702,,C,10,,,atividade,85,
Cristalizadas,1093702,,C,10,,,atividade,85,
Cristalizadas,1093702,,C,10,,,atividade,85,
Balas,1093702,,C,10,,,atividade,85,
Balas,1093702,,C,10,,,atividade,85,
Semelhantes,1093702,,C,10,,,atividade,85,
Semelhantes,1093702,,C,10,,,atividade,85,
"Fabricação de frutas cristalizadas, balas e semelhantes",1093702,,C,10,,,palavra_chave,90,
Fabricação de massas alimentícias,1094500,,C,10,,,nome_oficial,100,
Massas,1094500,,C,10,,,atividade,85,
Massas,1094500,,C,10,,,atividade,85,
Alimentícias,1094500,,C,10,,,atividade,85,
Alimenticias,1094500,,C,10,,,atividade,85,
Fabricação de massas alimentícias,1094500,,C,10,,,palavra_chave,90,
"Fabricação de especiarias, molhos, temperos e condimentos",1095300,,C,10,,,nome_oficial,100,
Especiarias,1095300,,C,10,,,atividade,85,
Especiarias,1095300,,C,10,,,atividade,85,
Molhos,1095300,,C,10,,,atividade,85,
Molhos,1095300,,C,10,,,atividade,85,
Temperos,1095300,,C,10,,,atividade,85,
Temperos,1095300,,C,10,,,atividade,85,
Condimentos,1095300,,C,10,,,atividade,85,
Condimentos,1095300,,C,10,,,atividade,85,
"Fabricação de especiarias, molhos, temperos e condimentos",1095300,,C,10,,,palavra_chave,90,
Fabricação de alimentos e pratos prontos,1096100,,C,10,,,nome_oficial,100,
Alimentos,1096100,,C,10,,,atividade,85,
Alimentos,1096100,,C,10,,,atividade,85,
Pratos,1096100,,C,10,,,atividade,85,
Pratos,1096100,,C,10,,,atividade,85,
Prontos,1096100,,C,10,,,atividade,85,
Prontos,1096100,,C,10,,,atividade,85,
Fabricação de alimentos e pratos prontos,1096100,,C,10,,,palavra_chave,90,
Fabricação de vinagres,1099601,,C,10,,,nome_oficial,100,
Vinagres,1099601,,C,10,,,atividade,85,
Vinagres,1099601,,C,10,,,atividade,85,
Fabricação de vinagres,1099601,,C,10,,,palavra_chave,90,
Fabricação de pós alimentícios,1099602,,C,10,,,nome_oficial,100,
Pós,1099602,,C,10,,,atividade,85,
Pos,1099602,,C,10,,,atividade,85,
Alimentícios,1099602,,C,10,,,atividade,85,
Alimenticios,1099602,,C,10,,,atividade,85,
Fabricação de pós alimentícios,1099602,,C,10,,,palavra_chave,90,
Fabricação de fermentos e leveduras,1099603,,C,10,,,nome_oficial,100,
Fermentos,1099603,,C,10,,,atividade,85,
Fermentos,1099603,,C,10,,,atividade,85,
Leveduras,1099603,,C,10,,,atividade,85,
Leveduras,1099603,,C,10,,,atividade,85,
Fabricação de fermentos e leveduras,1099603,,C,10,,,palavra_chave,90,
Fabricação de gelo comum,1099604,,C,10,,,nome_oficial,100,
Gelo,1099604,,C,10,,,atividade,85,
Gelo,1099604,,C,10,,,atividade,85,
Comum,1099604,,C,10,,,atividade,85,
Comum,1099604,,C,10,,,atividade,85,
Fabricação de gelo comum,1099604,,C,10,,,palavra_chave,90,
"Fabricação de produtos para infusão (chá, mate, etc.)",1099605,,C,10,,,nome_oficial,100,
Produtos,1099605,,C,10,,,atividade,85,
Produtos,1099605,,C,10,,,atividade,85,
Infusão,1099605,,C,10,,,atividade,85,
Infusao,1099605,,C,10,,,atividade,85,
Chá,1099605,,C,10,,,atividade,85,
Cha,1099605,,C,10,,,atividade,85,
Mate,1099605,,C,10,,,atividade,85,
Mate,1099605,,C,10,,,atividade,85,
Etc,1099605,,C,10,,,atividade,85,
Etc,1099605,,C,10,,,atividade,85,
"Fabricação de produtos para infusão (chá, mate, etc.)",1099605,,C,10,,,palavra_chave,90,
Fabricação de adoçantes naturais e artificiais,1099606,,C,10,,,nome_oficial,100,
Adoçantes,1099606,,C,10,,,atividade,85,
Adocantes,1099606,,C,10,,,atividade,85,
Naturais,1099606,,C,10,,,atividade,85,
Naturais,1099606,,C,10,,,atividade,85,
Artificiais,1099606,,C,10,,,atividade,85,
Artificiais,1099606,,C,10,,,atividade,85,
Fabricação de adoçantes naturais e artificiais,1099606,,C,10,,,palavra_chave,90,
Fabricação de alimentos dietéticos e complementos alimentares,1099607,,C,10,,,nome_oficial,100,
Alimentos,1099607,,C,10,,,atividade,85,
Alimentos,1099607,,C,10,,,atividade,85,
Dietéticos,1099607,,C,10,,,atividade,85,
Dieteticos,1099607,,C,10,,,atividade,85,
Complementos,1099607,,C,10,,,atividade,85,
Complementos,1099607,,C,10,,,atividade,85,
Alimentares,1099607,,C,10,,,atividade,85,
Alimentares,1099607,,C,10,,,atividade,85,
Fabricação de alimentos dietéticos e complementos alimentares,1099607,,C,10,,,palavra_chave,90,
Fabricação de outros produtos alimentícios não especificados anteriormente,1099699,,C,10,,,nome_oficial,100,
Outros,1099699,,C,10,,,atividade,85,
Outros,1099699,,C,10,,,atividade,85,
Produtos,1099699,,C,10,,,atividade,85,
Produtos,1099699,,C,10,,,atividade,85,
Alimentícios,1099699,,C,10,,,atividade,85,
Alimenticios,1099699,,C,10,,,atividade,85,
Especificados,1099699,,C,10,,,atividade,85,
Especificados,1099699,,C,10,,,atividade,85,
Fabricação de outros produtos alimentícios não especificados anteriormente,1099699,,C,10,,,palavra_chave,90,
Fabricação de aguardente de cana-de-açúcar,1111901,,C,11,,,nome_oficial,100,
Aguardente,1111901,,C,11,,,atividade,85,
Aguardente,1111901,,C,11,,,atividade,85,
Cana,1111901,,C,11,,,atividade,85,
Cana,1111901,,C,11,,,atividade,85,
Açúcar,1111901,,C,11,,,atividade,85,
Acucar,1111901,,C,11,,,atividade,85,
Fabricação de aguardente de cana-de-açúcar,1111901,,C,11,,,palavra_chave,90,
Fabricação de outras aguardentes e bebidas destiladas,1111902,,C,11,,,nome_oficial,100,
Outras,1111902,,C,11,,,atividade,85,
Outras,1111902,,C,11,,,atividade,85,
Aguardentes,1111902,,C,11,,,atividade,85,
Aguardentes,1111902,,C,11,,,atividade,85,
Bebidas,1111902,,C,11,,,atividade,85,
Bebidas,1111902,,C,11,,,atividade,85,
Destiladas,1111902,,C,11,,,atividade,85,
Destiladas,1111902,,C,11,,,atividade,85,
Fabricação de outras aguardentes e bebidas destiladas,1111902,,C,11,,,palavra_chave,90,
Fabricação de vinho,1112700,,C,11,,,nome_oficial,100,
Vinho,1112700,,C,11,,,atividade,85,
Vinho,1112700,,C,11,,,atividade,85,
Fabricação de vinho,1112700,,C,11,,,palavra_chave,90,
"Fabricação de malte, inclusive malte uísque",1113501,,C,11,,,nome_oficial,100,
Malte,1113501,,C,11,,,atividade,85,
Malte,1113501,,C,11,,,atividade,85,
Inclusive,1113501,,C,11,,,atividade,85,
Inclusive,1113501,,C,11,,,atividade,85,
Uísque,1113501,,C,11,,,atividade,85,
Uisque,1113501,,C,11,,,atividade,85,
"Fabricação de malte, inclusive malte uísque",1113501,,C,11,,,palavra_chave,90,
Fabricação de cervejas e chopes,1113502,,C,11,,,nome_oficial,100,
Cervejas,1113502,,C,11,,,atividade,85,
Cervejas,1113502,,C,11,,,atividade,85,
Chopes,1113502,,C,11,,,atividade,85,
Chopes,1113502,,C,11,,,atividade,85,
Fabricação de cervejas e chopes,1113502,,C,11,,,palavra_chave,90,
Fabricação de águas envasadas,1121601,,C,11,,,nome_oficial,100,
Águas,1121601,,C,11,,,atividade,85,
Aguas,1121601,,C,11,,,atividade,85,
Envasadas,1121601,,C,11,,,atividade,85,
Envasadas,1121601,,C,11,,,atividade,85,
Fabricação de águas envasadas,1121601,,C,11,,,palavra_chave,90,
Fabricação de refrigerantes,1121602,,C,11,,,nome_oficial,100,
Refrigerantes,1121602,,C,11,,,atividade,85,
Refrigerantes,1121602,,C,11,,,atividade,85,
Fabricação de refrigerantes,1121602,,C,11,,,palavra_chave,90,
"Fabricação de refrescos, xaropes e pós para refrescos, exceto refrigerantes",1121603,,C,11,,,nome_oficial,100,
Refrescos,1121603,,C,11,,,atividade,85,
Refrescos,1121603,,C,11,,,atividade,85,
Xaropes,1121603,,C,11,,,atividade,85,
Xaropes,1121603,,C,11,,,atividade,85,
Pós,1121603,,C,11,,,atividade,85,
Pos,1121603,,C,11,,,atividade,85,
Refrigerantes,1121603,,C,11,,,atividade,85,
Refrigerantes,1121603,,C,11,,,atividade,85,
"Fabricação de refrescos, xaropes e pós para refrescos, exceto refrigerantes",1121603,,C,11,,,palavra_chave,90,
Fabricação de chá mate e outros chás prontos para consumo,1122401,,C,11,,,nome_oficial,100,
Chá,1122401,,C,11,,,atividade,85,
Cha,1122401,,C,11,,,atividade,85,
Mate,1122401,,C,11,,,atividade,85,
Mate,1122401,,C,11,,,atividade,85,
Outros,1122401,,C,11,,,atividade,85,
Outros,1122401,,C,11,,,atividade,85,
Chás,1122401,,C,11,,,atividade,85,
Chas,1122401,,C,11,,,atividade,85,
Prontos,1122401,,C,11,,,atividade,85,
Prontos,1122401,,C,11,,,atividade,85,
Consumo,1122401,,C,11,,,atividade,85,
Consumo,1122401,,C,11,,,atividade,85,
Fabricação de chá mate e outros chás prontos para consumo,1122401,,C,11,,,palavra_chave,90,
"Fabricação de refrescos, xaropes e pós para refrescos, exceto refrigerantes",1122402,,C,11,,,nome_oficial,100,
Refrescos,1122402,,C,11,,,atividade,85,
Refrescos,1122402,,C,11,,,atividade,85,
Xaropes,1122402,,C,11,,,atividade,85,
Xaropes,1122402,,C,11,,,atividade,85,
Pós,1122402,,C,11,,,atividade,85,
Pos,1122402,,C,11,,,atividade,85,
Refrigerantes,1122402,,C,11,,,atividade,85,
Refrigerantes,1122402,,C,11,,,atividade,85,
"Fabricação de refrescos, xaropes e pós para refrescos, exceto refrigerantes",1122402,,C,11,,,palavra_chave,90,
Fabricação de bebidas isotônicas,1122403,,C,11,,,nome_oficial,100,
Bebidas,1122403,,C,11,,,atividade,85,
Bebidas,1122403,,C,11,,,atividade,85,
Isotônicas,1122403,,C,11,,,atividade,85,
Isotonicas,1122403,,C,11,,,atividade,85,
Fabricação de bebidas isotônicas,1122403,,C,11,,,palavra_chave,90,
Fabricação de bebidas energéticas,1122404,,C,11,,,nome_oficial,100,
Bebidas,1122404,,C,11,,,atividade,85,
Bebidas,1122404,,C,11,,,atividade,85,
Energéticas,1122404,,C,11,,,atividade,85,
Energeticas,1122404,,C,11,,,atividade,85,
Fabricação de bebidas energéticas,1122404,,C,11,,,palavra_chave,90,
Fabricação de outras bebidas não-alcoólicas não especificadas anteriormente,1122499,,C,11,,,nome_oficial,100,
Outras,1122499,,C,11,,,atividade,85,
Outras,1122499,,C,11,,,atividade,85,
Bebidas,1122499,,C,11,,,atividade,85,
Bebidas,1122499,,C,11,,,atividade,85,
Alcoólicas,1122499,,C,11,,,atividade,85,
Alcoolicas,1122499,,C,11,,,atividade,85,
Fabricação de outras bebidas não-alcoólicas não especificadas anteriormente,1122499,,C,11,,,palavra_chave,90,
Processamento industrial do fumo,1210700,,C,12,,,nome_oficial,100,
Processamento,1210700,,C,12,,,atividade,85,
Processamento,1210700,,C,12,,,atividade,85,
Industrial,1210700,,C,12,,,atividade,85,
Industrial,1210700,,C,12,,,atividade,85,
Fumo,1210700,,C,12,,,atividade,85,
Fumo,1210700,,C,12,,,atividade,85,
Processamento industrial do fumo,1210700,,C,12,,,palavra_chave,90,
Fabricação de cigarros,1220401,,C,12,,,nome_oficial,100,
Cigarros,1220401,,C,12,,,atividade,85,
Cigarros,1220401,,C,12,,,atividade,85,
Fabricação de cigarros,1220401,,C,12,,,palavra_chave,90,
Fabricação de cigarrilhas e charutos,1220402,,C,12,,,nome_oficial,100,
Cigarrilhas,1220402,,C,12,,,atividade,85,
Cigarrilhas,1220402,,C,12,,,atividade,85,
Charutos,1220402,,C,12,,,atividade,85,
Charutos,1220402,,C,12,,,atividade,85,
Fabricação de cigarrilhas e charutos,1220402,,C,12,,,palavra_chave,90,
Fabricação de filtros para cigarros,1220403,,C,12,,,nome_oficial,100,
Filtros,1220403,,C,12,,,atividade,85,
Filtros,1220403,,C,12,,,atividade,85,
Cigarros,1220403,,C,12,,,atividade,85,
Cigarros,1220403,,C,12,,,atividade,85,
Fabricação de filtros para cigarros,1220403,,C,12,,,palavra_chave,90,
Preparação e fiação de fibras de algodão,1311100,,C,13,,,nome_oficial,100,
Preparação,1311100,,C,13,,,atividade,85,
Preparacao,1311100,,C,13,,,atividade,85,
Fiação,1311100,,C,13,,,atividade,85,
Fiacao,1311100,,C,13,,,atividade,85,
Fibras,1311100,,C,13,,,atividade,85,
Fibras,1311100,,C,13,,,atividade,85,
Algodão,1311100,,C,13,,,atividade,85,
Algodao,1311100,,C,13,,,atividade,85,
Preparação e fiação de fibras de algodão,1311100,,C,13,,,palavra_chave,90,
"Preparação e fiação de fibras têxteis naturais, exceto algodão",1312000,,C,13,,,nome_oficial,100,
Preparação,1312000,,C,13,,,atividade,85,
Preparacao,1312000,,C,13,,,atividade,85,
Fiação,1312000,,C,13,,,atividade,85,
Fiacao,1312000,,C,13,,,atividade,85,
Fibras,1312000,,C,13,,,atividade,85,
Fibras,1312000,,C,13,,,atividade,85,
Têxteis,1312000,,C,13,,,atividade,85,
Texteis,1312000,,C,13,,,atividade,85,
Naturais,1312000,,C,13,,,atividade,85,
Naturais,1312000,,C,13,,,atividade,85,
Algodão,1312000,,C,13,,,atividade,85,
Algodao,1312000,,C,13,,,atividade,85,
"Preparação e fiação de fibras têxteis naturais, exceto algodão",1312000,,C,13,,,palavra_chave,90,
Fiação de fibras artificiais e sintéticas,1313800,,C,13,,,nome_oficial,100,
Fiação,1313800,,C,13,,,atividade,85,
Fiacao,1313800,,C,13,,,atividade,85,
Fibras,1313800,,C,13,,,atividade,85,
Fibras,1313800,,C,13,,,atividade,85,
Artificiais,1313800,,C,13,,,atividade,85,
Artificiais,1313800,,C,13,,,atividade,85,
Sintéticas,1313800,,C,13,,,atividade,85,
Sinteticas,1313800,,C,13,,,atividade,85,
Fiação de fibras artificiais e sintéticas,1313800,,C,13,,,palavra_chave,90,
Fabricação de linhas para costurar e bordar,1314600,,C,13,,,nome_oficial,100,
Linhas,1314600,,C,13,,,atividade,85,
Linhas,1314600,,C,13,,,atividade,85,
Costurar,1314600,,C,13,,,atividade,85,
Costurar,1314600,,C,13,,,atividade,85,
Bordar,1314600,,C,13,,,atividade,85,
Bordar,1314600,,C,13,,,atividade,85,
Fabricação de linhas para costurar e bordar,1314600,,C,13,,,palavra_chave,90,
Tecelagem de fios de algodão,1321900,,C,13,,,nome_oficial,100,
Tecelagem,1321900,,C,13,,,atividade,85,
Tecelagem,1321900,,C,13,,,atividade,85,
Fios,1321900,,C,13,,,atividade,85,
Fios,1321900,,C,13,,,atividade,85,
Algodão,1321900,,C,13,,,atividade,85,
Algodao,1321900,,C,13,,,atividade,85,
Tecelagem de fios de algodão,1321900,,C,13,,,palavra_chave,90,
"Tecelagem de fios de fibras têxteis naturais, exceto algodão",1322700,,C,13,,,nome_oficial,100,
Tecelagem,1322700,,C,13,,,atividade,85,
Tecelagem,1322700,,C,13,,,atividade,85,
Fios,1322700,,C,13,,,atividade,85,
Fios,1322700,,C,13,,,atividade,85,
Fibras,1322700,,C,13,,,atividade,85,
Fibras,1322700,,C,13,,,atividade,85,
Têxteis,1322700,,C,13,,,atividade,85,
Texteis,1322700,,C,13,,,atividade,85,
Naturais,1322700,,C,13,,,atividade,85,
Naturais,1322700,,C,13,,,atividade,85,
Algodão,1322700,,C,13,,,atividade,85,
Algodao,1322700,,C,13,,,atividade,85,
"Tecelagem de fios de fibras têxteis naturais, exceto algodão",1322700,,C,13,,,palavra_chave,90,
Tecelagem de fios de fibras artificiais e sintéticas,1323500,,C,13,,,nome_oficial,100,
Tecelagem,1323500,,C,13,,,atividade,85,
Tecelagem,1323500,,C,13,,,atividade,85,
Fios,1323500,,C,13,,,atividade,85,
Fios,1323500,,C,13,,,atividade,85,
Fibras,1323500,,C,13,,,atividade,85,
Fibras,1323500,,C,13,,,atividade,85,
Artificiais,1323500,,C,13,,,atividade,85,
Artificiais,1323500,,C,13,,,atividade,85,
Sintéticas,1323500,,C,13,,,atividade,85,
Sinteticas,1323500,,C,13,,,atividade,85,
Tecelagem de fios de fibras artificiais e sintéticas,1323500,,C,13,,,palavra_chave,90,
Fabricação de tecidos de malha,1330800,,C,13,,,nome_oficial,100,
Tecidos,1330800,,C,13,,,atividade,85,
Tecidos,1330800,,C,13,,,atividade,85,
Malha,1330800,,C,13,,,atividade,85,
Malha,1330800,,C,13,,,atividade,85,
Fabricação de tecidos de malha,1330800,,C,13,,,palavra_chave,90,
"Estamparia e texturização em fios, tecidos, artefatos têxteis e peças do vestuário",1340501,,C,13,,,nome_oficial,100,
Estamparia,1340501,,C,13,,,atividade,85,
Estamparia,1340501,,C,13,,,atividade,85,
Texturização,1340501,,C,13,,,atividade,85,
Texturizacao,1340501,,C,13,,,atividade,85,
Fios,1340501,,C,13,,,atividade,85,
Fios,1340501,,C,13,,,atividade,85,
Tecidos,1340501,,C,13,,,atividade,85,
Tecidos,1340501,,C,13,,,atividade,85,
Artefatos,1340501,,C,13,,,atividade,85,
Artefatos,1340501,,C,13,,,atividade,85,
Têxteis,1340501,,C,13,,,atividade,85,
Texteis,1340501,,C,13,,,atividade,85,
Peças,1340501,,C,13,,,atividade,85,
Pecas,1340501,,C,13,,,atividade,85,
Vestuário,1340501,,C,13,,,atividade,85,
Vestuario,1340501,,C,13,,,atividade,85,
"Estamparia e texturização em fios, tecidos, artefatos têxteis e peças do vestuário",1340501,,C,13,,,palavra_chave,90,
"Alvejamento, tingimento e torção em fios, tecidos, artefatos têxteis e peças do vestuário",1340502,,C,13,,,nome_oficial,100,
Alvejamento,1340502,,C,13,,,atividade,85,
Alvejamento,1340502,,C,13,,,atividade,85,
Tingimento,1340502,,C,13,,,atividade,85,
Tingimento,1340502,,C,13,,,atividade,85,
Torção,1340502,,C,13,,,atividade,85,
Torcao,1340502,,C,13,,,atividade,85,
Fios,1340502,,C,13,,,atividade,85,
Fios,1340502,,C,13,,,atividade,85,
Tecidos,1340502,,C,13,,,atividade,85,
Tecidos,1340502,,C,13,,,atividade,85,
Artefatos,1340502,,C,13,,,atividade,85,
Artefatos,1340502,,C,13,,,atividade,85,
Têxteis,1340502,,C,13,,,atividade,85,
Texteis,1340502,,C,13,,,atividade,85,
Peças,1340502,,C,13,,,atividade,85,
Pecas,1340502,,C,13,,,atividade,85,
"Alvejamento, tingimento e torção em fios, tecidos, artefatos têxteis e peças do vestuário",1340502,,C,13,,,palavra_chave,90,
"Outros serviços de acabamento em fios, tecidos, artefatos têxteis e peças do vestuário",1340599,,C,13,,,nome_oficial,100,
Outros,1340599,,C,13,,,atividade,85,
Outros,1340599,,C,13,,,atividade,85,
Acabamento,1340599,,C,13,,,atividade,85,
Acabamento,1340599,,C,13,,,atividade,85,
Fios,1340599,,C,13,,,atividade,85,
Fios,1340599,,C,13,,,atividade,85,
Tecidos,1340599,,C,13,,,atividade,85,
Tecidos,1340599,,C,13,,,atividade,85,
Artefatos,1340599,,C,13,,,atividade,85,
Artefatos,1340599,,C,13,,,atividade,85,
Têxteis,1340599,,C,13,,,atividade,85,
Texteis,1340599,,C,13,,,atividade,85,
Peças,1340599,,C,13,,,atividade,85,
Pecas,1340599,,C,13,,,atividade,85,
Vestuário,1340599,,C,13,,,atividade,85,
Vestuario,1340599,,C,13,,,atividade,85,
"Outros serviços de acabamento em fios, tecidos, artefatos têxteis e peças do vestuário",1340599,,C,13,,,palavra_chave,90,
Fabricação de artefatos têxteis para uso doméstico,1351100,,C,13,,,nome_oficial,100,
Artefatos,1351100,,C,13,,,atividade,85,
Artefatos,1351100,,C,13,,,atividade,85,
Têxteis,1351100,,C,13,,,atividade,85,
Texteis,1351100,,C,13,,,atividade,85,
Uso,1351100,,C,13,,,atividade,85,
Uso,1351100,,C,13,,,atividade,85,
Doméstico,1351100,,C,13,,,atividade,85,
Domestico,1351100,,C,13,,,atividade,85,
Fabricação de artefatos têxteis para uso doméstico,1351100,,C,13,,,palavra_chave,90,
Fabricação de artefatos de tapeçaria,1352900,,C,13,,,nome_oficial,100,
Artefatos,1352900,,C,13,,,atividade,85,
Artefatos,1352900,,C,13,,,atividade,85,
Tapeçaria,1352900,,C,13,,,atividade,85,
Tapecaria,1352900,,C,13,,,atividade,85,
Fabricação de artefatos de tapeçaria,1352900,,C,13,,,palavra_chave,90,
Fabricação de artefatos de cordoaria,1353700,,C,13,,,nome_oficial,100,
Artefatos,1353700,,C,13,,,atividade,85,
Artefatos,1353700,,C,13,,,atividade,85,
Cordoaria,1353700,,C,13,,,atividade,85,
Cordoaria,1353700,,C,13,,,atividade,85,
Fabricação de artefatos de cordoaria,1353700,,C,13,,,palavra_chave,90,
"Fabricação de tecidos especiais, inclusive artefatos",1354500,,C,13,,,nome_oficial,100,
Tecidos,1354500,,C,13,,,atividade,85,
Tecidos,1354500,,C,13,,,atividade,85,
Especiais,1354500,,C,13,,,atividade,85,
Especiais,1354500,,C,13,,,atividade,85,
Inclusive,1354500,,C,13,,,atividade,85,
Inclusive,1354500,,C,13,,,atividade,85,
Artefatos,1354500,,C,13,,,atividade,85,
Artefatos,1354500,,C,13,,,atividade,85,
"Fabricação de tecidos especiais, inclusive artefatos",1354500,,C,13,,,palavra_chave,90,
Fabricação de tecidos de malha,1391600,,C,13,,,nome_oficial,100,
Tecidos,1391600,,C,13,,,atividade,85,
Tecidos,1391600,,C,13,,,atividade,85,
Malha,1391600,,C,13,,,atividade,85,
Malha,1391600,,C,13,,,atividade,85,
Fabricação de tecidos de malha,1391600,,C,13,,,palavra_chave,90,
Fabricação de artigos de tricô e crochê,1392300,,C,13,,,nome_oficial,100,
Artigos,1392300,,C,13,,,atividade,85,
Artigos,1392300,,C,13,,,atividade,85,
Tricô,1392300,,C,13,,,atividade,85,
Trico,1392300,,C,13,,,atividade,85,
Crochê,1392300,,C,13,,,atividade,85,
Croche,1392300,,C,13,,,atividade,85,
Fabricação de artigos de tricô e crochê,1392300,,C,13,,,palavra_chave,90,
"Fabricação de tecidos não-tecidos, exceto vestuário",1393400,,C,13,,,nome_oficial,100,
Tecidos,1393400,,C,13,,,atividade,85,
Tecidos,1393400,,C,13,,,atividade,85,
Vestuário,1393400,,C,13,,,atividade,85,
Vestuario,1393400,,C,13,,,atividade,85,
"Fabricação de tecidos não-tecidos, exceto vestuário",1393400,,C,13,,,palavra_chave,90,
Fabricação de artefatos para decoração e uso doméstico em tecidos,1394200,,C,13,,,nome_oficial,100,
Artefatos,1394200,,C,13,,,atividade,85,
Artefatos,1394200,,C,13,,,atividade,85,
Decoração,1394200,,C,13,,,atividade,85,
Decoracao,1394200,,C,13,,,atividade,85,
Uso,1394200,,C,13,,,atividade,85,
Uso,1394200,,C,13,,,atividade,85,
Doméstico,1394200,,C,13,,,atividade,85,
Domestico,1394200,,C,13,,,atividade,85,
Tecidos,1394200,,C,13,,,atividade,85,
Tecidos,1394200,,C,13,,,atividade,85,
Fabricação de artefatos para decoração e uso doméstico em tecidos,1394200,,C,13,,,palavra_chave,90,
Fabricação de artefatos em material têxtil para uso industrial,1399101,,C,13,,,nome_oficial,100,
Artefatos,1399101,,C,13,,,atividade,85,
Artefatos,1399101,,C,13,,,atividade,85,
Material,1399101,,C,13,,,atividade,85,
Material,1399101,,C,13,,,atividade,85,
Têxtil,1399101,,C,13,,,atividade,85,
Textil,1399101,,C,13,,,atividade,85,
Uso,1399101,,C,13,,,atividade,85,
Uso,1399101,,C,13,,,atividade,85,
Industrial,1399101,,C,13,,,atividade,85,
Industrial,1399101,,C,13,,,atividade,85,
Fabricação de artefatos em material têxtil para uso industrial,1399101,,C,13,,,palavra_chave,90,
Fabricação de artefatos em material têxtil para uso médico-hospitalar,1399102,,C,13,,,nome_oficial,100,
Artefatos,1399102,,C,13,,,atividade,85,
Artefatos,1399102,,C,13,,,atividade,85,
Material,1399102,,C,13,,,atividade,85,
Material,1399102,,C,13,,,atividade,85,
Têxtil,1399102,,C,13,,,atividade,85,
Textil,1399102,,C,13,,,atividade,85,
Uso,1399102,,C,13,,,atividade,85,
Uso,1399102,,C,13,,,atividade,85,
Médico,1399102,,C,13,,,atividade,85,
Medico,1399102,,C,13,,,atividade,85,
Hospitalar,1399102,,C,13,,,atividade,85,
Hospitalar,1399102,,C,13,,,atividade,85,
Fabricação de artefatos em material têxtil para uso médico-hospitalar,1399102,,C,13,,,palavra_chave,90,
Fabricação de artefatos em material têxtil para uso em vestuário,1399103,,C,13,,,nome_oficial,100,
Artefatos,1399103,,C,13,,,atividade,85,
Artefatos,1399103,,C,13,,,atividade,85,
Material,1399103,,C,13,,,atividade,85,
Material,1399103,,C,13,,,atividade,85,
Têxtil,1399103,,C,13,,,atividade,85,
Textil,1399103,,C,13,,,atividade,85,
Uso,1399103,,C,13,,,atividade,85,
Uso,1399103,,C,13,,,atividade,85,
Vestuário,1399103,,C,13,,,atividade,85,
Vestuario,1399103,,C,13,,,atividade,85,
Fabricação de artefatos em material têxtil para uso em vestuário,1399103,,C,13,,,palavra_chave,90,
Confecção de roupas íntimas e fascias,1411801,,C,14,,,nome_oficial,100,
Confecção,1411801,,C,14,,,atividade,85,
Confeccao,1411801,,C,14,,,atividade,85,
Roupas,1411801,,C,14,,,atividade,85,
Roupas,1411801,,C,14,,,atividade,85,
Íntimas,1411801,,C,14,,,atividade,85,
Intimas,1411801,,C,14,,,atividade,85,
Fascias,1411801,,C,14,,,atividade,85,
Fascias,1411801,,C,14,,,atividade,85,
Confecção de roupas íntimas e fascias,1411801,,C,14,,,palavra_chave,90,
"Confecção de peças de lingerie, exceto roupas íntimas",1411802,,C,14,,,nome_oficial,100,
Confecção,1411802,,C,14,,,atividade,85,
Confeccao,1411802,,C,14,,,atividade,85,
Peças,1411802,,C,14,,,atividade,85,
Pecas,1411802,,C,14,,,atividade,85,
Lingerie,1411802,,C,14,,,atividade,85,
Lingerie,1411802,,C,14,,,atividade,85,
Roupas,1411802,,C,14,,,atividade,85,
Roupas,1411802,,C,14,,,atividade,85,
Íntimas,1411802,,C,14,,,atividade,85,
Intimas,1411802,,C,14,,,atividade,85,
"Confecção de peças de lingerie, exceto roupas íntimas",1411802,,C,14,,,palavra_chave,90,
Confecção de peças de vestuário infantil,1412601,,C,14,,,nome_oficial,100,
Confecção,1412601,,C,14,,,atividade,85,
Confeccao,1412601,,C,14,,,atividade,85,
Peças,1412601,,C,14,,,atividade,85,
Pecas,1412601,,C,14,,,atividade,85,
Vestuário,1412601,,C,14,,,atividade,85,
Vestuario,1412601,,C,14,,,atividade,85,
Infantil,1412601,,C,14,,,atividade,85,
Infantil,1412601,,C,14,,,atividade,85,
Confecção de peças de vestuário infantil,1412601,,C,14,,,palavra_chave,90,
Confecção de peças de vestuário para prática esportiva,1412602,,C,14,,,nome_oficial,100,
Confecção,1412602,,C,14,,,atividade,85,
Confeccao,1412602,,C,14,,,atividade,85,
Peças,1412602,,C,14,,,atividade,85,
Pecas,1412602,,C,14,,,atividade,85,
Vestuário,1412602,,C,14,,,atividade,85,
Vestuario,1412602,,C,14,,,atividade,85,
Prática,1412602,,C,14,,,atividade,85,
Pratica,1412602,,C,14,,,atividade,85,
Esportiva,1412602,,C,14,,,atividade,85,
Esportiva,1412602,,C,14,,,atividade,85,
Confecção de peças de vestuário para prática esportiva,1412602,,C,14,,,palavra_chave,90,
Confecção de uniformes escolares,1412603,,C,14,,,nome_oficial,100,
Confecção,1412603,,C,14,,,atividade,85,
Confeccao,1412603,,C,14,,,atividade,85,
Uniformes,1412603,,C,14,,,atividade,85,
Uniformes,1412603,,C,14,,,atividade,85,
Escolares,1412603,,C,14,,,atividade,85,
Escolares,1412603,,C,14,,,atividade,85,
Confecção de uniformes escolares,1412603,,C,14,,,palavra_chave,90,
"Confecção de outras peças de vestuário, exceto roupas íntimas e as destinadas à prática esportiva",1412699,,C,14,,,nome_oficial,100,
Confecção,1412699,,C,14,,,atividade,85,
Confeccao,1412699,,C,14,,,atividade,85,
Outras,1412699,,C,14,,,atividade,85,
Outras,1412699,,C,14,,,atividade,85,
Peças,1412699,,C,14,,,atividade,85,
Pecas,1412699,,C,14,,,atividade,85,
Vestuário,1412699,,C,14,,,atividade,85,
Vestuario,1412699,,C,14,,,atividade,85,
Roupas,1412699,,C,14,,,atividade,85,
Roupas,1412699,,C,14,,,atividade,85,
Íntimas,1412699,,C,14,,,atividade,85,
Intimas,1412699,,C,14,,,atividade,85,
Destinadas,1412699,,C,14,,,atividade,85,
Destinadas,1412699,,C,14,,,atividade,85,
Prática,1412699,,C,14,,,atividade,85,
Pratica,1412699,,C,14,,,atividade,85,
"Confecção de outras peças de vestuário, exceto roupas íntimas e as destinadas à prática esportiva",1412699,,C,14,,,palavra_chave,90,
Confecção de roupas masculinas,1413401,,C,14,,,nome_oficial,100,
Confecção,1413401,,C,14,,,atividade,85,
Confeccao,1413401,,C,14,,,atividade,85,
Roupas,1413401,,C,14,,,atividade,85,
Roupas,1413401,,C,14,,,atividade,85,
Masculinas,1413401,,C,14,,,atividade,85,
Masculinas,1413401,,C,14,,,atividade,85,
Confecção de roupas masculinas,1413401,,C,14,,,palavra_chave,90,
Confecção de roupas femininas,1413402,,C,14,,,nome_oficial,100,
Confecção,1413402,,C,14,,,atividade,85,
Confeccao,1413402,,C,14,,,atividade,85,
Roupas,1413402,,C,14,,,atividade,85,
Roupas,1413402,,C,14,,,atividade,85,
Femininas,1413402,,C,14,,,atividade,85,
Femininas,1413402,,C,14,,,atividade,85,
Confecção de roupas femininas,1413402,,C,14,,,palavra_chave,90,
"Confecção de outras peças de vestuário, exceto roupas íntimas",1413499,,C,14,,,nome_oficial,100,
Confecção,1413499,,C,14,,,atividade,85,
Confeccao,1413499,,C,14,,,atividade,85,
Outras,1413499,,C,14,,,atividade,85,
Outras,1413499,,C,14,,,atividade,85,
Peças,1413499,,C,14,,,atividade,85,
Pecas,1413499,,C,14,,,atividade,85,
Vestuário,1413499,,C,14,,,atividade,85,
Vestuario,1413499,,C,14,,,atividade,85,
Roupas,1413499,,C,14,,,atividade,85,
Roupas,1413499,,C,14,,,atividade,85,
Íntimas,1413499,,C,14,,,atividade,85,
Intimas,1413499,,C,14,,,atividade,85,
"Confecção de outras peças de vestuário, exceto roupas íntimas",1413499,,C,14,,,palavra_chave,90,
"Fabricação de acessórios do vestuário, exceto para segurança e proteção",1414200,,C,14,,,nome_oficial,100,
Acessórios,1414200,,C,14,,,atividade,85,
Acessorios,1414200,,C,14,,,atividade,85,
Vestuário,1414200,,C,14,,,atividade,85,
Vestuario,1414200,,C,14,,,atividade,85,
Segurança,1414200,,C,14,,,atividade,85,
Seguranca,1414200,,C,14,,,atividade,85,
Proteção,1414200,,C,14,,,atividade,85,
Protecao,1414200,,C,14,,,atividade,85,
"Fabricação de acessórios do vestuário, exceto para segurança e proteção",1414200,,C,14,,,palavra_chave,90,
Curtimento e outras preparações de couro,1510600,,C,15,,,nome_oficial,100,
Curtimento,1510600,,C,15,,,atividade,85,
Curtimento,1510600,,C,15,,,atividade,85,
Outras,1510600,,C,15,,,atividade,85,
Outras,1510600,,C,15,,,atividade,85,
Preparações,1510600,,C,15,,,atividade,85,
Preparacoes,1510600,,C,15,,,atividade,85,
Couro,1510600,,C,15,,,atividade,85,
Couro,1510600,,C,15,,,atividade,85,
Curtimento e outras preparações de couro,1510600,,C,15,,,palavra_chave,90,
"Fabricação de artigos para viagem, bolsa e semelhantes de qualquer material",1521100,,C,15,,,nome_oficial,100,
Artigos,1521100,,C,15,,,atividade,85,
Artigos,1521100,,C,15,,,atividade,85,
Viagem,1521100,,C,15,,,atividade,85,
Viagem,1521100,,C,15,,,atividade,85,
Bolsa,1521100,,C,15,,,atividade,85,
Bolsa,1521100,,C,15,,,atividade,85,
Semelhantes,1521100,,C,15,,,atividade,85,
Semelhantes,1521100,,C,15,,,atividade,85,
Qualquer,1521100,,C,15,,,atividade,85,
Qualquer,1521100,,C,15,,,atividade,85,
Material,1521100,,C,15,,,atividade,85,
Material,1521100,,C,15,,,atividade,85,
"Fabricação de artigos para viagem, bolsa e semelhantes de qualquer material",1521100,,C,15,,,palavra_chave,90,
Fabricação de artefatos de couro não especificados anteriormente,1529700,,C,15,,,nome_oficial,100,
Artefatos,1529700,,C,15,,,atividade,85,
Artefatos,1529700,,C,15,,,atividade,85,
Couro,1529700,,C,15,,,atividade,85,
Couro,1529700,,C,15,,,atividade,85,
Especificados,1529700,,C,15,,,atividade,85,
Especificados,1529700,,C,15,,,atividade,85,
Fabricação de artefatos de couro não especificados anteriormente,1529700,,C,15,,,palavra_chave,90,
Fabricação de calçados de couro,1531901,,C,15,,,nome_oficial,100,
Calçados,1531901,,C,15,,,atividade,85,
Calcados,1531901,,C,15,,,atividade,85,
Couro,1531901,,C,15,,,atividade,85,
Couro,1531901,,C,15,,,atividade,85,
Fabricação de calçados de couro,1531901,,C,15,,,palavra_chave,90,
Acabamento de calçados de couro sob contrato,1531902,,C,15,,,nome_oficial,100,
Acabamento,1531902,,C,15,,,atividade,85,
Acabamento,1531902,,C,15,,,atividade,85,
Calçados,1531902,,C,15,,,atividade,85,
Calcados,1531902,,C,15,,,atividade,85,
Couro,1531902,,C,15,,,atividade,85,
Couro,1531902,,C,15,,,atividade,85,
Sob,1531902,,C,15,,,atividade,85,
Sob,1531902,,C,15,,,atividade,85,
Contrato,1531902,,C,15,,,atividade,85,
Contrato,1531902,,C,15,,,atividade,85,
Acabamento de calçados de couro sob contrato,1531902,,C,15,,,palavra_chave,90,
Fabricação de tênis de qualquer material,1532700,,C,15,,,nome_oficial,100,
Tênis,1532700,,C,15,,,atividade,85,
Tenis,1532700,,C,15,,,atividade,85,
Qualquer,1532700,,C,15,,,atividade,85,
Qualquer,1532700,,C,15,,,atividade,85,
Material,1532700,,C,15,,,atividade,85,
Material,1532700,,C,15,,,atividade,85,
Fabricação de tênis de qualquer material,1532700,,C,15,,,palavra_chave,90,
Fabricação de calçados de material sintético,1533500,,C,15,,,nome_oficial,100,
Calçados,1533500,,C,15,,,atividade,85,
Calcados,1533500,,C,15,,,atividade,85,
Material,1533500,,C,15,,,atividade,85,
Material,1533500,,C,15,,,atividade,85,
Sintético,1533500,,C,15,,,atividade,85,
Sintetico,1533500,,C,15,,,atividade,85,
Fabricação de calçados de material sintético,1533500,,C,15,,,palavra_chave,90,
Serrarias com desdobramento de madeira,1610201,,C,16,,,nome_oficial,100,
Serrarias,1610201,,C,16,,,atividade,85,
Serrarias,1610201,,C,16,,,atividade,85,
Desdobramento,1610201,,C,16,,,atividade,85,
Desdobramento,1610201,,C,16,,,atividade,85,
Madeira,1610201,,C,16,,,atividade,85,
Madeira,1610201,,C,16,,,atividade,85,
Serrarias com desdobramento de madeira,1610201,,C,16,,,palavra_chave,90,
Serrarias sem desdobramento de madeira,1610202,,C,16,,,nome_oficial,100,
Serrarias,1610202,,C,16,,,atividade,85,
Serrarias,1610202,,C,16,,,atividade,85,
Sem,1610202,,C,16,,,atividade,85,
Sem,1610202,,C,16,,,atividade,85,
Desdobramento,1610202,,C,16,,,atividade,85,
Desdobramento,1610202,,C,16,,,atividade,85,
Madeira,1610202,,C,16,,,atividade,85,
Madeira,1610202,,C,16,,,atividade,85,
Serrarias sem desdobramento de madeira,1610202,,C,16,,,palavra_chave,90,
Serrarias com desdobramento de madeira em bruto,1610203,,C,16,,,nome_oficial,100,
Serrarias,1610203,,C,16,,,atividade,85,
Serrarias,1610203,,C,16,,,atividade,85,
Desdobramento,1610203,,C,16,,,atividade,85,
Desdobramento,1610203,,C,16,,,atividade,85,
Madeira,1610203,,C,16,,,atividade,85,
Madeira,1610203,,C,16,,,atividade,85,
Bruto,1610203,,C,16,,,atividade,85,
Bruto,1610203,,C,16,,,atividade,85,
Serrarias com desdobramento de madeira em bruto,1610203,,C,16,,,palavra_chave,90,
"Serrarias com desdobramento de madeira, exceto em bruto",1610204,,C,16,,,nome_oficial,100,
Serrarias,1610204,,C,16,,,atividade,85,
Serrarias,1610204,,C,16,,,atividade,85,
Desdobramento,1610204,,C,16,,,atividade,85,
Desdobramento,1610204,,C,16,,,atividade,85,
Madeira,1610204,,C,16,,,atividade,85,
Madeira,1610204,,C,16,,,atividade,85,
Bruto,1610204,,C,16,,,atividade,85,
Bruto,1610204,,C,16,,,atividade,85,
"Serrarias com desdobramento de madeira, exceto em bruto",1610204,,C,16,,,palavra_chave,90,
Serviço de tratamento de madeira realizado sob contrato,1610205,,C,16,,,nome_oficial,100,
Tratamento,1610205,,C,16,,,atividade,85,
Tratamento,1610205,,C,16,,,atividade,85,
Madeira,1610205,,C,16,,,atividade,85,
Madeira,1610205,,C,16,,,atividade,85,
Realizado,1610205,,C,16,,,atividade,85,
Realizado,1610205,,C,16,,,atividade,85,
Sob,1610205,,C,16,,,atividade,85,
Sob,1610205,,C,16,,,atividade,85,
Contrato,1610205,,C,16,,,atividade,85,
Contrato,1610205,,C,16,,,atividade,85,
Serviço de tratamento de madeira realizado sob contrato,1610205,,C,16,,,palavra_chave,90,
"Fabricação de madeira laminada e de chapas de madeira compensada, prensada e aglomerada",1621800,,C,16,,,nome_oficial,100,
Madeira,1621800,,C,16,,,atividade,85,
Madeira,1621800,,C,16,,,atividade,85,
Laminada,1621800,,C,16,,,atividade,85,
Laminada,1621800,,C,16,,,atividade,85,
Chapas,1621800,,C,16,,,atividade,85,
Chapas,1621800,,C,16,,,atividade,85,
Compensada,1621800,,C,16,,,atividade,85,
Compensada,1621800,,C,16,,,atividade,85,
Prensada,1621800,,C,16,,,atividade,85,
Prensada,1621800,,C,16,,,atividade,85,
Aglomerada,1621800,,C,16,,,atividade,85,
Aglomerada,1621800,,C,16,,,atividade,85,
"Fabricação de madeira laminada e de chapas de madeira compensada, prensada e aglomerada",1621800,,C,16,,,palavra_chave,90,
Fabricação de casas de madeira pré-fabricadas,1622601,,C,16,,,nome_oficial,100,
Casas,1622601,,C,16,,,atividade,85,
Casas,1622601,,C,16,,,atividade,85,
Madeira,1622601,,C,16,,,atividade,85,
Madeira,1622601,,C,16,,,atividade,85,
Pré,1622601,,C,16,,,atividade,85,
Pre,1622601,,C,16,,,atividade,85,
Fabricadas,1622601,,C,16,,,atividade,85,
Fabricadas,1622601,,C,16,,,atividade,85,
Fabricação de casas de madeira pré-fabricadas,1622601,,C,16,,,palavra_chave,90,
Fabricação de esquadrias de madeira e de peças de madeira para instalações industriais e comerciais,1622602,,C,16,,,nome_oficial,100,
Esquadrias,1622602,,C,16,,,atividade,85,
Esquadrias,1622602,,C,16,,,atividade,85,
Madeira,1622602,,C,16,,,atividade,85,
Madeira,1622602,,C,16,,,atividade,85,
Peças,1622602,,C,16,,,atividade,85,
Pecas,1622602,,C,16,,,atividade,85,
Instalações,1622602,,C,16,,,atividade,85,
Instalacoes,1622602,,C,16,,,atividade,85,
Industriais,1622602,,C,16,,,atividade,85,
Industriais,1622602,,C,16,,,atividade,85,
Comerciais,1622602,,C,16,,,atividade,85,
Comerciais,1622602,,C,16,,,atividade,85,
Fabricação de esquadrias de madeira e de peças de madeira para instalações industriais e comerciais,1622602,,C,16,,,palavra_chave,90,
Fabricação de artefatos de tanoaria e de embalagens de madeira,1623400,,C,16,,,nome_oficial,100,
Artefatos,1623400,,C,16,,,atividade,85,
Artefatos,1623400,,C,16,,,atividade,85,
Tanoaria,1623400,,C,16,,,atividade,85,
Tanoaria,1623400,,C,16,,,atividade,85,
Embalagens,1623400,,C,16,,,atividade,85,
Embalagens,1623400,,C,16,,,atividade,85,
Madeira,1623400,,C,16,,,atividade,85,
Madeira,1623400,,C,16,,,atividade,85,
Fabricação de artefatos de tanoaria e de embalagens de madeira,1623400,,C,16,,,palavra_chave,90,
Fabricação de celulose e outras pastas para a fabricação de papel,1710900,,C,17,,,nome_oficial,100,
Celulose,1710900,,C,17,,,atividade,85,
Celulose,1710900,,C,17,,,atividade,85,
Outras,1710900,,C,17,,,atividade,85,
Outras,1710900,,C,17,,,atividade,85,
Pastas,1710900,,C,17,,,atividade,85,
Pastas,1710900,,C,17,,,atividade,85,
Papel,1710900,,C,17,,,atividade,85,
Papel,1710900,,C,17,,,atividade,85,
Fabricação de celulose e outras pastas para a fabricação de papel,1710900,,C,17,,,palavra_chave,90,
Fabricação de papel,1721400,,C,17,,,nome_oficial,100,
Papel,1721400,,C,17,,,atividade,85,
Papel,1721400,,C,17,,,atividade,85,
Fabricação de papel,1721400,,C,17,,,palavra_chave,90,
Fabricação de cartolina e papel-cartão,1722200,,C,17,,,nome_oficial,100,
Cartolina,1722200,,C,17,,,atividade,85,
Cartolina,1722200,,C,17,,,atividade,85,
Papel,1722200,,C,17,,,atividade,85,
Papel,1722200,,C,17,,,atividade,85,
Cartão,1722200,,C,17,,,atividade,85,
Cartao,1722200,,C,17,,,atividade,85,
Fabricação de cartolina e papel-cartão,1722200,,C,17,,,palavra_chave,90,
Fabricação de embalagens de papel,1731100,,C,17,,,nome_oficial,100,
Embalagens,1731100,,C,17,,,atividade,85,
Embalagens,1731100,,C,17,,,atividade,85,
Papel,1731100,,C,17,,,atividade,85,
Papel,1731100,,C,17,,,atividade,85,
Fabricação de embalagens de papel,1731100,,C,17,,,palavra_chave,90,
Fabricação de embalagens de cartolina e papel-cartão,1732000,,C,17,,,nome_oficial,100,
Embalagens,1732000,,C,17,,,atividade,85,
Embalagens,1732000,,C,17,,,atividade,85,
Cartolina,1732000,,C,17,,,atividade,85,
Cartolina,1732000,,C,17,,,atividade,85,
Papel,1732000,,C,17,,,atividade,85,
Papel,1732000,,C,17,,,atividade,85,
Cartão,1732000,,C,17,,,atividade,85,
Cartao,1732000,,C,17,,,atividade,85,
Fabricação de embalagens de cartolina e papel-cartão,1732000,,C,17,,,palavra_chave,90,
Fabricação de chapas e de embalagens de papelão ondulado,1733800,,C,17,,,nome_oficial,100,
Chapas,1733800,,C,17,,,atividade,85,
Chapas,1733800,,C,17,,,atividade,85,
Embalagens,1733800,,C,17,,,atividade,85,
Embalagens,1733800,,C,17,,,atividade,85,
Papelão,1733800,,C,17,,,atividade,85,
Papelao,1733800,,C,17,,,atividade,85,
Ondulado,1733800,,C,17,,,atividade,85,
Ondulado,1733800,,C,17,,,atividade,85,
Fabricação de chapas e de embalagens de papelão ondulado,1733800,,C,17,,,palavra_chave,90,
Impressão de jornais,1811301,,C,18,,,nome_oficial,100,
Impressão,1811301,,C,18,,,atividade,85,
Impressao,1811301,,C,18,,,atividade,85,
Jornais,1811301,,C,18,,,atividade,85,
Jornais,1811301,,C,18,,,atividade,85,
Impressão de jornais,1811301,,C,18,,,palavra_chave,90,
"Impressão de livros, revistas e outras publicações periódicas",1811302,,C,18,,,nome_oficial,100,
Impressão,1811302,,C,18,,,atividade,85,
Impressao,1811302,,C,18,,,atividade,85,
Livros,1811302,,C,18,,,atividade,85,
Livros,1811302,,C,18,,,atividade,85,
Revistas,1811302,,C,18,,,atividade,85,
Revistas,1811302,,C,18,,,atividade,85,
Outras,1811302,,C,18,,,atividade,85,
Outras,1811302,,C,18,,,atividade,85,
Publicações,1811302,,C,18,,,atividade,85,
Publicacoes,1811302,,C,18,,,atividade,85,
Periódicas,1811302,,C,18,,,atividade,85,
Periodicas,1811302,,C,18,,,atividade,85,
"Impressão de livros, revistas e outras publicações periódicas",1811302,,C,18,,,palavra_chave,90,
"Impressão de material de uso comercial e outros materiais gráficos, exceto papelaria, embalagens, jornais e livros",1811303,,C,18,,,nome_oficial,100,
Impressão,1811303,,C,18,,,atividade,85,
Impressao,1811303,,C,18,,,atividade,85,
Material,1811303,,C,18,,,atividade,85,
Material,1811303,,C,18,,,atividade,85,
Uso,1811303,,C,18,,,atividade,85,
Uso,1811303,,C,18,,,atividade,85,
Comercial,1811303,,C,18,,,atividade,85,
Comercial,1811303,,C,18,,,atividade,85,
Outros,1811303,,C,18,,,atividade,85,
Outros,1811303,,C,18,,,atividade,85,
Materiais,1811303,,C,18,,,atividade,85,
Materiais,1811303,,C,18,,,atividade,85,
Gráficos,1811303,,C,18,,,atividade,85,
Graficos,1811303,,C,18,,,atividade,85,
Papelaria,1811303,,C,18,,,atividade,85,
Papelaria,1811303,,C,18,,,atividade,85,
"Impressão de material de uso comercial e outros materiais gráficos, exceto papelaria, embalagens, jornais e livros",1811303,,C,18,,,palavra_chave,90,
Impressão de material de segurança,1812100,,C,18,,,nome_oficial,100,
Impressão,1812100,,C,18,,,atividade,85,
Impressao,1812100,,C,18,,,atividade,85,
Material,1812100,,C,18,,,atividade,85,
Material,1812100,,C,18,,,atividade,85,
Segurança,1812100,,C,18,,,atividade,85,
Seguranca,1812100,,C,18,,,atividade,85,
Impressão de material de segurança,1812100,,C,18,,,palavra_chave,90,
Serviços de pré-impressão,1821100,,C,18,,,nome_oficial,100,
Pré,1821100,,C,18,,,atividade,85,
Pre,1821100,,C,18,,,atividade,85,
Impressão,1821100,,C,18,,,atividade,85,
Impressao,1821100,,C,18,,,atividade,85,
Serviços de pré-impressão,1821100,,C,18,,,palavra_chave,90,
Serviços de encadernação e plastificação,1822901,,C,18,,,nome_oficial,100,
Encadernação,1822901,,C,18,,,atividade,85,
Encadernacao,1822901,,C,18,,,atividade,85,
Plastificação,1822901,,C,18,,,atividade,85,
Plastificacao,1822901,,C,18,,,atividade,85,
Serviços de encadernação e plastificação,1822901,,C,18,,,palavra_chave,90,
Coquerias,1910100,,C,19,,,nome_oficial,100,
Coquerias,1910100,,C,19,,,atividade,85,
Coquerias,1910100,,C,19,,,atividade,85,
Coquerias,1910100,,C,19,,,palavra_chave,90,
Fabricação de produtos do refino de petróleo,1921700,,C,19,,,nome_oficial,100,
Produtos,1921700,,C,19,,,atividade,85,
Produtos,1921700,,C,19,,,atividade,85,
Refino,1921700,,C,19,,,atividade,85,
Refino,1921700,,C,19,,,atividade,85,
Petróleo,1921700,,C,19,,,atividade,85,
Petroleo,1921700,,C,19,,,atividade,85,
Fabricação de produtos do refino de petróleo,1921700,,C,19,,,palavra_chave,90,
Formulação de combustíveis,1922501,,C,19,,,nome_oficial,100,
Formulação,1922501,,C,19,,,atividade,85,
Formulacao,1922501,,C,19,,,atividade,85,
Combustíveis,1922501,,C,19,,,atividade,85,
Combustiveis,1922501,,C,19,,,atividade,85,
Formulação de combustíveis,1922501,,C,19,,,palavra_chave,90,
Rerrefino de óleos lubrificantes,1922502,,C,19,,,nome_oficial,100,
Rerrefino,1922502,,C,19,,,atividade,85,
Rerrefino,1922502,,C,19,,,atividade,85,
Óleos,1922502,,C,19,,,atividade,85,
Oleos,1922502,,C,19,,,atividade,85,
Lubrificantes,1922502,,C,19,,,atividade,85,
Lubrificantes,1922502,,C,19,,,atividade,85,
Rerrefino de óleos lubrificantes,1922502,,C,19,,,palavra_chave,90,
Fabricação de cloro e álcalis,2011800,,C,20,,,nome_oficial,100,
Cloro,2011800,,C,20,,,atividade,85,
Cloro,2011800,,C,20,,,atividade,85,
Álcalis,2011800,,C,20,,,atividade,85,
Alcalis,2011800,,C,20,,,atividade,85,
Fabricação de cloro e álcalis,2011800,,C,20,,,palavra_chave,90,
Fabricação de intermediários para fertilizantes,2012600,,C,20,,,nome_oficial,100,
Intermediários,2012600,,C,20,,,atividade,85,
Intermediarios,2012600,,C,20,,,atividade,85,
Fertilizantes,2012600,,C,20,,,atividade,85,
Fertilizantes,2012600,,C,20,,,atividade,85,
Fabricação de intermediários para fertilizantes,2012600,,C,20,,,palavra_chave,90,
Fabricação de adubos e fertilizantes,2013400,,C,20,,,nome_oficial,100,
Adubos,2013400,,C,20,,,atividade,85,
Adubos,2013400,,C,20,,,atividade,85,
Fertilizantes,2013400,,C,20,,,atividade,85,
Fertilizantes,2013400,,C,20,,,atividade,85,
Fabricação de adubos e fertilizantes,2013400,,C,20,,,palavra_chave,90,
Fabricação de gases industriais,2014200,,C,20,,,nome_oficial,100,
Gases,2014200,,C,20,,,atividade,85,
Gases,2014200,,C,20,,,atividade,85,
Industriais,2014200,,C,20,,,atividade,85,
Industriais,2014200,,C,20,,,atividade,85,
Fabricação de gases industriais,2014200,,C,20,,,palavra_chave,90,
Elaboração de combustíveis nucleares,2019301,,C,20,,,nome_oficial,100,
Elaboração,2019301,,C,20,,,atividade,85,
Elaboracao,2019301,,C,20,,,atividade,85,
Combustíveis,2019301,,C,20,,,atividade,85,
Combustiveis,2019301,,C,20,,,atividade,85,
Nucleares,2019301,,C,20,,,atividade,85,
Nucleares,2019301,,C,20,,,atividade,85,
Elaboração de combustíveis nucleares,2019301,,C,20,,,palavra_chave,90,
Fabricação de outros produtos inorgânicos não especificados anteriormente,2019399,,C,20,,,nome_oficial,100,
Outros,2019399,,C,20,,,atividade,85,
Outros,2019399,,C,20,,,atividade,85,
Produtos,2019399,,C,20,,,atividade,85,
Produtos,2019399,,C,20,,,atividade,85,
Inorgânicos,2019399,,C,20,,,atividade,85,
Inorganicos,2019399,,C,20,,,atividade,85,
Especificados,2019399,,C,20,,,atividade,85,
Especificados,2019399,,C,20,,,atividade,85,
Fabricação de outros produtos inorgânicos não especificados anteriormente,2019399,,C,20,,,palavra_chave,90,
Fabricação de produtos petroquímicos básicos,2021500,,C,20,,,nome_oficial,100,
Produtos,2021500,,C,20,,,atividade,85,
Produtos,2021500,,C,20,,,atividade,85,
Petroquímicos,2021500,,C,20,,,atividade,85,
Petroquimicos,2021500,,C,20,,,atividade,85,
Básicos,2021500,,C,20,,,atividade,85,
Basicos,2021500,,C,20,,,atividade,85,
Fabricação de produtos petroquímicos básicos,2021500,,C,20,,,palavra_chave,90,
"Fabricação de intermediários para plastificantes, resinas e fibras",2022300,,C,20,,,nome_oficial,100,
Intermediários,2022300,,C,20,,,atividade,85,
Intermediarios,2022300,,C,20,,,atividade,85,
Plastificantes,2022300,,C,20,,,atividade,85,
Plastificantes,2022300,,C,20,,,atividade,85,
Resinas,2022300,,C,20,,,atividade,85,
Resinas,2022300,,C,20,,,atividade,85,
Fibras,2022300,,C,20,,,atividade,85,
Fibras,2022300,,C,20,,,atividade,85,
"Fabricação de intermediários para plastificantes, resinas e fibras",2022300,,C,20,,,palavra_chave,90,
Fabricação de produtos químicos orgânicos não especificados anteriormente,2029100,,C,20,,,nome_oficial,100,
Produtos,2029100,,C,20,,,atividade,85,
Produtos,2029100,,C,20,,,atividade,85,
Químicos,2029100,,C,20,,,atividade,85,
Quimicos,2029100,,C,20,,,atividade,85,
Orgânicos,2029100,,C,20,,,atividade,85,
Organicos,2029100,,C,20,,,atividade,85,
Especificados,2029100,,C,20,,,atividade,85,
Especificados,2029100,,C,20,,,atividade,85,
Fabricação de produtos químicos orgânicos não especificados anteriormente,2029100,,C,20,,,palavra_chave,90,
Fabricação de resinas termoplásticas,2031200,,C,20,,,nome_oficial,100,
Resinas,2031200,,C,20,,,atividade,85,
Resinas,2031200,,C,20,,,atividade,85,
Termoplásticas,2031200,,C,20,,,atividade,85,
Termoplasticas,2031200,,C,20,,,atividade,85,
Fabricação de resinas termoplásticas,2031200,,C,20,,,palavra_chave,90,
Fabricação de resinas termofixas,2032100,,C,20,,,nome_oficial,100,
Resinas,2032100,,C,20,,,atividade,85,
Resinas,2032100,,C,20,,,atividade,85,
Termofixas,2032100,,C,20,,,atividade,85,
Termofixas,2032100,,C,20,,,atividade,85,
Fabricação de resinas termofixas,2032100,,C,20,,,palavra_chave,90,
Fabricação de elastômeros,2033900,,C,20,,,nome_oficial,100,
Elastômeros,2033900,,C,20,,,atividade,85,
Elastomeros,2033900,,C,20,,,atividade,85,
Fabricação de elastômeros,2033900,,C,20,,,palavra_chave,90,
Fabricação de adesivos e selantes,2040101,,C,20,,,nome_oficial,100,
Adesivos,2040101,,C,20,,,atividade,85,
Adesivos,2040101,,C,20,,,atividade,85,
Selantes,2040101,,C,20,,,atividade,85,
Selantes,2040101,,C,20,,,atividade,85,
Fabricação de adesivos e selantes,2040101,,C,20,,,palavra_chave,90,
"Fabricação de vernizes, esmaltes e lacas",2040102,,C,20,,,nome_oficial,100,
Vernizes,2040102,,C,20,,,atividade,85,
Vernizes,2040102,,C,20,,,atividade,85,
Esmaltes,2040102,,C,20,,,atividade,85,
Esmaltes,2040102,,C,20,,,atividade,85,
Lacas,2040102,,C,20,,,atividade,85,
Lacas,2040102,,C,20,,,atividade,85,
"Fabricação de vernizes, esmaltes e lacas",2040102,,C,20,,,palavra_chave,90,
"Fabricação de tintas, exceto esmaltes e lacas",2040103,,C,20,,,nome_oficial,100,
Tintas,2040103,,C,20,,,atividade,85,
Tintas,2040103,,C,20,,,atividade,85,
Esmaltes,2040103,,C,20,,,atividade,85,
Esmaltes,2040103,,C,20,,,atividade,85,
Lacas,2040103,,C,20,,,atividade,85,
Lacas,2040103,,C,20,,,atividade,85,
"Fabricação de tintas, exceto esmaltes e lacas",2040103,,C,20,,,palavra_chave,90,
Fabricação de produtos de manutenção e limpeza,2040199,,C,20,,,nome_oficial,100,
Produtos,2040199,,C,20,,,atividade,85,
Produtos,2040199,,C,20,,,atividade,85,
Manutenção,2040199,,C,20,,,atividade,85,
Manutencao,2040199,,C,20,,,atividade,85,
Limpeza,2040199,,C,20,,,atividade,85,
Limpeza,2040199,,C,20,,,atividade,85,
Fabricação de produtos de manutenção e limpeza,2040199,,C,20,,,palavra_chave,90,
"Fabricação de produtos agroquímicos, exceto agrotóxicos",2051700,,C,20,,,nome_oficial,100,
Produtos,2051700,,C,20,,,atividade,85,
Produtos,2051700,,C,20,,,atividade,85,
Agroquímicos,2051700,,C,20,,,atividade,85,
Agroquimicos,2051700,,C,20,,,atividade,85,
Agrotóxicos,2051700,,C,20,,,atividade,85,
Agrotoxicos,2051700,,C,20,,,atividade,85,
"Fabricação de produtos agroquímicos, exceto agrotóxicos",2051700,,C,20,,,palavra_chave,90,
Fabricação de agrotóxicos e afins,2052500,,C,20,,,nome_oficial,100,
Agrotóxicos,2052500,,C,20,,,atividade,85,
Agrotoxicos,2052500,,C,20,,,atividade,85,
Afins,2052500,,C,20,,,atividade,85,
Afins,2052500,,C,20,,,atividade,85,
Fabricação de agrotóxicos e afins,2052500,,C,20,,,palavra_chave,90,
Fabricação de sabões e detergentes sintéticos,2061400,,C,20,,,nome_oficial,100,
Sabões,2061400,,C,20,,,atividade,85,
Saboes,2061400,,C,20,,,atividade,85,
Detergentes,2061400,,C,20,,,atividade,85,
Detergentes,2061400,,C,20,,,atividade,85,
Sintéticos,2061400,,C,20,,,atividade,85,
Sinteticos,2061400,,C,20,,,atividade,85,
Fabricação de sabões e detergentes sintéticos,2061400,,C,20,,,palavra_chave,90,
Fabricação de produtos de limpeza e polimento,2062200,,C,20,,,nome_oficial,100,
Produtos,2062200,,C,20,,,atividade,85,
Produtos,2062200,,C,20,,,atividade,85,
Limpeza,2062200,,C,20,,,atividade,85,
Limpeza,2062200,,C,20,,,atividade,85,
Polimento,2062200,,C,20,,,atividade,85,
Polimento,2062200,,C,20,,,atividade,85,
Fabricação de produtos de limpeza e polimento,2062200,,C,20,,,palavra_chave,90,
"Fabricação de cosméticos, produtos de perfumaria e de higiene pessoal",2063100,,C,20,,,nome_oficial,100,
Cosméticos,2063100,,C,20,,,atividade,85,
Cosmeticos,2063100,,C,20,,,atividade,85,
Produtos,2063100,,C,20,,,atividade,85,
Produtos,2063100,,C,20,,,atividade,85,
Perfumaria,2063100,,C,20,,,atividade,85,
Perfumaria,2063100,,C,20,,,atividade,85,
Higiene,2063100,,C,20,,,atividade,85,
Higiene,2063100,,C,20,,,atividade,85,
Pessoal,2063100,,C,20,,,atividade,85,
Pessoal,2063100,,C,20,,,atividade,85,
"Fabricação de cosméticos, produtos de perfumaria e de higiene pessoal",2063100,,C,20,,,palavra_chave,90,
Fabricação de tintas de imprimir,2071100,,C,20,,,nome_oficial,100,
Tintas,2071100,,C,20,,,atividade,85,
Tintas,2071100,,C,20,,,atividade,85,
Imprimir,2071100,,C,20,,,atividade,85,
Imprimir,2071100,,C,20,,,atividade,85,
Fabricação de tintas de imprimir,2071100,,C,20,,,palavra_chave,90,
Fabricação de corantes e pigmentos,2072000,,C,20,,,nome_oficial,100,
Corantes,2072000,,C,20,,,atividade,85,
Corantes,2072000,,C,20,,,atividade,85,
Pigmentos,2072000,,C,20,,,atividade,85,
Pigmentos,2072000,,C,20,,,atividade,85,
Fabricação de corantes e pigmentos,2072000,,C,20,,,palavra_chave,90,
"Fabricação de adesivos, selantes, revestimentos e colas",2091600,,C,20,,,nome_oficial,100,
Adesivos,2091600,,C,20,,,atividade,85,
Adesivos,2091600,,C,20,,,atividade,85,
Selantes,2091600,,C,20,,,atividade,85,
Selantes,2091600,,C,20,,,atividade,85,
Revestimentos,2091600,,C,20,,,atividade,85,
Revestimentos,2091600,,C,20,,,atividade,85,
Colas,2091600,,C,20,,,atividade,85,
Colas,2091600,,C,20,,,atividade,85,
"Fabricação de adesivos, selantes, revestimentos e colas",2091600,,C,20,,,palavra_chave,90,
"Fabricação de pólvoras, explosivos e detonadores",2092401,,C,20,,,nome_oficial,100,
Pólvoras,2092401,,C,20,,,atividade,85,
Polvoras,2092401,,C,20,,,atividade,85,
Explosivos,2092401,,C,20,,,atividade,85,
Explosivos,2092401,,C,20,,,atividade,85,
Detonadores,2092401,,C,20,,,atividade,85,
Detonadores,2092401,,C,20,,,atividade,85,
"Fabricação de pólvoras, explosivos e detonadores",2092401,,C,20,,,palavra_chave,90,
Fabricação de artigos pirotécnicos,2092402,,C,20,,,nome_oficial,100,
Artigos,2092402,,C,20,,,atividade,85,
Artigos,2092402,,C,20,,,atividade,85,
Pirotécnicos,2092402,,C,20,,,profissao,85,
Pirotecnicos,2092402,,C,20,,,profissao,85,
Fabricação de artigos pirotécnicos,2092402,,C,20,,,palavra_chave,90,
Fabricação de fósforos de segurança,2092403,,C,20,,,nome_oficial,100,
Fósforos,2092403,,C,20,,,atividade,85,
Fosforos,2092403,,C,20,,,atividade,85,
Segurança,2092403,,C,20,,,atividade,85,
Seguranca,2092403,,C,20,,,atividade,85,
Fabricação de fósforos de segurança,2092403,,C,20,,,palavra_chave,90,
Fabricação de aditivos de uso industrial,2093200,,C,20,,,nome_oficial,100,
Aditivos,2093200,,C,20,,,atividade,85,
Aditivos,2093200,,C,20,,,atividade,85,
Uso,2093200,,C,20,,,atividade,85,
Uso,2093200,,C,20,,,atividade,85,
Industrial,2093200,,C,20,,,atividade,85,
Industrial,2093200,,C,20,,,atividade,85,
Fabricação de aditivos de uso industrial,2093200,,C,20,,,palavra_chave,90,
Fabricação de catalisadores,2094100,,C,20,,,nome_oficial,100,
Catalisadores,2094100,,C,20,,,atividade,85,
Catalisadores,2094100,,C,20,,,atividade,85,
Fabricação de catalisadores,2094100,,C,20,,,palavra_chave,90,
Fabricação de outros produtos químicos não especificados anteriormente,2099199,,C,20,,,nome_oficial,100,
Outros,2099199,,C,20,,,atividade,85,
Outros,2099199,,C,20,,,atividade,85,
Produtos,2099199,,C,20,,,atividade,85,
Produtos,2099199,,C,20,,,atividade,85,
Químicos,2099199,,C,20,,,atividade,85,
Quimicos,2099199,,C,20,,,atividade,85,
Especificados,2099199,,C,20,,,atividade,85,
Especificados,2099199,,C,20,,,atividade,85,
Fabricação de outros produtos químicos não especificados anteriormente,2099199,,C,20,,,palavra_chave,90,
Fabricação de insumos farmacêuticos,2110600,,C,21,,,nome_oficial,100,
Insumos,2110600,,C,21,,,atividade,85,
Insumos,2110600,,C,21,,,atividade,85,
Farmacêuticos,2110600,,C,21,,,atividade,85,
Farmaceuticos,2110600,,C,21,,,atividade,85,
Fabricação de insumos farmacêuticos,2110600,,C,21,,,palavra_chave,90,
Fabricação de medicamentos alopáticos para uso humano,2121101,,C,21,,,nome_oficial,100,
Medicamentos,2121101,,C,21,,,atividade,85,
Medicamentos,2121101,,C,21,,,atividade,85,
Alopáticos,2121101,,C,21,,,atividade,85,
Alopaticos,2121101,,C,21,,,atividade,85,
Uso,2121101,,C,21,,,atividade,85,
Uso,2121101,,C,21,,,atividade,85,
Humano,2121101,,C,21,,,atividade,85,
Humano,2121101,,C,21,,,atividade,85,
Fabricação de medicamentos alopáticos para uso humano,2121101,,C,21,,,palavra_chave,90,
Fabricação de medicamentos homeopáticos para uso humano,2121102,,C,21,,,nome_oficial,100,
Medicamentos,2121102,,C,21,,,atividade,85,
Medicamentos,2121102,,C,21,,,atividade,85,
Homeopáticos,2121102,,C,21,,,atividade,85,
Homeopaticos,2121102,,C,21,,,atividade,85,
Uso,2121102,,C,21,,,atividade,85,
Uso,2121102,,C,21,,,atividade,85,
Humano,2121102,,C,21,,,atividade,85,
Humano,2121102,,C,21,,,atividade,85,
Fabricação de medicamentos homeopáticos para uso humano,2121102,,C,21,,,palavra_chave,90,
Fabricação de medicamentos fitoterápicos para uso humano,2121103,,C,21,,,nome_oficial,100,
Medicamentos,2121103,,C,21,,,atividade,85,
Medicamentos,2121103,,C,21,,,atividade,85,
Fitoterápicos,2121103,,C,21,,,atividade,85,
Fitoterapicos,2121103,,C,21,,,atividade,85,
Uso,2121103,,C,21,,,atividade,85,
Uso,2121103,,C,21,,,atividade,85,
Humano,2121103,,C,21,,,atividade,85,
Humano,2121103,,C,21,,,atividade,85,
Fabricação de medicamentos fitoterápicos para uso humano,2121103,,C,21,,,palavra_chave,90,
Fabricação de medicamentos para uso veterinário,2122000,,C,21,,,nome_oficial,100,
Medicamentos,2122000,,C,21,,,atividade,85,
Medicamentos,2122000,,C,21,,,atividade,85,
Uso,2122000,,C,21,,,atividade,85,
Uso,2122000,,C,21,,,atividade,85,
Veterinário,2122000,,C,21,,,atividade,85,
Veterinario,2122000,,C,21,,,atividade,85,
Fabricação de medicamentos para uso veterinário,2122000,,C,21,,,palavra_chave,90,
Fabricação de preparações farmacêuticas,2123800,,C,21,,,nome_oficial,100,
Preparações,2123800,,C,21,,,atividade,85,
Preparacoes,2123800,,C,21,,,atividade,85,
Farmacêuticas,2123800,,C,21,,,atividade,85,
Farmaceuticas,2123800,,C,21,,,atividade,85,
Fabricação de preparações farmacêuticas,2123800,,C,21,,,palavra_chave,90,
Fabricação de pneumáticos e de câmaras-de-ar,2211100,,C,22,,,nome_oficial,100,
Pneumáticos,2211100,,C,22,,,atividade,85,
Pneumaticos,2211100,,C,22,,,atividade,85,
Câmaras,2211100,,C,22,,,atividade,85,
Camaras,2211100,,C,22,,,atividade,85,
Fabricação de pneumáticos e de câmaras-de-ar,2211100,,C,22,,,palavra_chave,90,
Reforma de pneumáticos usados,2212800,,C,22,,,nome_oficial,100,
Reforma,2212800,,C,22,,,atividade,85,
Reforma,2212800,,C,22,,,atividade,85,
Pneumáticos,2212800,,C,22,,,atividade,85,
Pneumaticos,2212800,,C,22,,,atividade,85,
Usados,2212800,,C,22,,,atividade,85,
Usados,2212800,,C,22,,,atividade,85,
Reforma de pneumáticos usados,2212800,,C,22,,,palavra_chave,90,
Fabricação de artefatos de borracha não especificados anteriormente,2219500,,C,22,,,nome_oficial,100,
Artefatos,2219500,,C,22,,,atividade,85,
Artefatos,2219500,,C,22,,,atividade,85,
Borracha,2219500,,C,22,,,atividade,85,
Borracha,2219500,,C,22,,,atividade,85,
Especificados,2219500,,C,22,,,atividade,85,
Especificados,2219500,,C,22,,,atividade,85,
Fabricação de artefatos de borracha não especificados anteriormente,2219500,,C,22,,,palavra_chave,90,
Fabricação de laminados planos e tubulares de material plástico,2221800,,C,22,,,nome_oficial,100,
Laminados,2221800,,C,22,,,atividade,85,
Laminados,2221800,,C,22,,,atividade,85,
Planos,2221800,,C,22,,,atividade,85,
Planos,2221800,,C,22,,,atividade,85,
Tubulares,2221800,,C,22,,,atividade,85,
Tubulares,2221800,,C,22,,,atividade,85,
Material,2221800,,C,22,,,atividade,85,
Material,2221800,,C,22,,,atividade,85,
Plástico,2221800,,C,22,,,atividade,85,
Plastico,2221800,,C,22,,,atividade,85,
Fabricação de laminados planos e tubulares de material plástico,2221800,,C,22,,,palavra_chave,90,
Fabricação de embalagens de material plástico,2222600,,C,22,,,nome_oficial,100,
Embalagens,2222600,,C,22,,,atividade,85,
Embalagens,2222600,,C,22,,,atividade,85,
Material,2222600,,C,22,,,atividade,85,
Material,2222600,,C,22,,,atividade,85,
Plástico,2222600,,C,22,,,atividade,85,
Plastico,2222600,,C,22,,,atividade,85,
Fabricação de embalagens de material plástico,2222600,,C,22,,,palavra_chave,90,
Fabricação de tubos e acessórios de material plástico para uso na construção,2223400,,C,22,,,nome_oficial,100,
Tubos,2223400,,C,22,,,atividade,85,
Tubos,2223400,,C,22,,,atividade,85,
Acessórios,2223400,,C,22,,,atividade,85,
Acessorios,2223400,,C,22,,,atividade,85,
Material,2223400,,C,22,,,atividade,85,
Material,2223400,,C,22,,,atividade,85,
Plástico,2223400,,C,22,,,atividade,85,
Plastico,2223400,,C,22,,,atividade,85,
Uso,2223400,,C,22,,,atividade,85,
Uso,2223400,,C,22,,,atividade,85,
Construção,2223400,,C,22,,,atividade,85,
Construcao,2223400,,C,22,,,atividade,85,
Fabricação de tubos e acessórios de material plástico para uso na construção,2223400,,C,22,,,palavra_chave,90,
Fabricação de artefatos de material plástico para outros usos não especificados anteriormente,2229300,,C,22,,,nome_oficial,100,
Artefatos,2229300,,C,22,,,atividade,85,
Artefatos,2229300,,C,22,,,atividade,85,
Material,2229300,,C,22,,,atividade,85,
Material,2229300,,C,22,,,atividade,85,
Plástico,2229300,,C,22,,,atividade,85,
Plastico,2229300,,C,22,,,atividade,85,
Outros,2229300,,C,22,,,atividade,85,
Outros,2229300,,C,22,,,atividade,85,
Usos,2229300,,C,22,,,atividade,85,
Usos,2229300,,C,22,,,atividade,85,
Especificados,2229300,,C,22,,,atividade,85,
Especificados,2229300,,C,22,,,atividade,85,
Fabricação de artefatos de material plástico para outros usos não especificados anteriormente,2229300,,C,22,,,palavra_chave,90,
Fabricação de vidro plano e de segurança,2311700,,C,23,,,nome_oficial,100,
Vidro,2311700,,C,23,,,atividade,85,
Vidro,2311700,,C,23,,,atividade,85,
Plano,2311700,,C,23,,,atividade,85,
Plano,2311700,,C,23,,,atividade,85,
Segurança,2311700,,C,23,,,atividade,85,
Seguranca,2311700,,C,23,,,atividade,85,
Fabricação de vidro plano e de segurança,2311700,,C,23,,,palavra_chave,90,
Fabricação de embalagens de vidro,2312500,,C,23,,,nome_oficial,100,
Embalagens,2312500,,C,23,,,atividade,85,
Embalagens,2312500,,C,23,,,atividade,85,
Vidro,2312500,,C,23,,,atividade,85,
Vidro,2312500,,C,23,,,atividade,85,
Fabricação de embalagens de vidro,2312500,,C,23,,,palavra_chave,90,
Fabricação de artigos de vidro,2319200,,C,23,,,nome_oficial,100,
Artigos,2319200,,C,23,,,atividade,85,
Artigos,2319200,,C,23,,,atividade,85,
Vidro,2319200,,C,23,,,atividade,85,
Vidro,2319200,,C,23,,,atividade,85,
Fabricação de artigos de vidro,2319200,,C,23,,,palavra_chave,90,
Fabricação de cimento,2320600,,C,23,,,nome_oficial,100,
Cimento,2320600,,C,23,,,atividade,85,
Cimento,2320600,,C,23,,,atividade,85,
Fabricação de cimento,2320600,,C,23,,,palavra_chave,90,
"Fabricação de estruturas pré-moldadas de concreto armado, em série e sob encomenda",2330301,,C,23,,,nome_oficial,100,
Estruturas,2330301,,C,23,,,atividade,85,
Estruturas,2330301,,C,23,,,atividade,85,
Pré,2330301,,C,23,,,atividade,85,
Pre,2330301,,C,23,,,atividade,85,
Moldadas,2330301,,C,23,,,atividade,85,
Moldadas,2330301,,C,23,,,atividade,85,
Concreto,2330301,,C,23,,,atividade,85,
Concreto,2330301,,C,23,,,atividade,85,
Armado,2330301,,C,23,,,atividade,85,
Armado,2330301,,C,23,,,atividade,85,
Série,2330301,,C,23,,,atividade,85,
Serie,2330301,,C,23,,,atividade,85,
Sob,2330301,,C,23,,,atividade,85,
Sob,2330301,,C,23,,,atividade,85,
Encomenda,2330301,,C,23,,,atividade,85,
Encomenda,2330301,,C,23,,,atividade,85,
"Fabricação de estruturas pré-moldadas de concreto armado, em série e sob encomenda",2330301,,C,23,,,palavra_chave,90,
Fabricação de artefatos de cimento para uso na construção,2330302,,C,23,,,nome_oficial,100,
Artefatos,2330302,,C,23,,,atividade,85,
Artefatos,2330302,,C,23,,,atividade,85,
Cimento,2330302,,C,23,,,atividade,85,
Cimento,2330302,,C,23,,,atividade,85,
Uso,2330302,,C,23,,,atividade,85,
Uso,2330302,,C,23,,,atividade,85,
Construção,2330302,,C,23,,,atividade,85,
Construcao,2330302,,C,23,,,atividade,85,
Fabricação de artefatos de cimento para uso na construção,2330302,,C,23,,,palavra_chave,90,
Fabricação de artefatos de fibrocimento para uso na construção,2330303,,C,23,,,nome_oficial,100,
Artefatos,2330303,,C,23,,,atividade,85,
Artefatos,2330303,,C,23,,,atividade,85,
Fibrocimento,2330303,,C,23,,,atividade,85,
Fibrocimento,2330303,,C,23,,,atividade,85,
Uso,2330303,,C,23,,,atividade,85,
Uso,2330303,,C,23,,,atividade,85,
Construção,2330303,,C,23,,,atividade,85,
Construcao,2330303,,C,23,,,atividade,85,
Fabricação de artefatos de fibrocimento para uso na construção,2330303,,C,23,,,palavra_chave,90,
Fabricação de casas pré-moldadas de concreto,2330304,,C,23,,,nome_oficial,100,
Casas,2330304,,C,23,,,atividade,85,
Casas,2330304,,C,23,,,atividade,85,
Pré,2330304,,C,23,,,atividade,85,
Pre,2330304,,C,23,,,atividade,85,
Moldadas,2330304,,C,23,,,atividade,85,
Moldadas,2330304,,C,23,,,atividade,85,
Concreto,2330304,,C,23,,,atividade,85,
Concreto,2330304,,C,23,,,atividade,85,
Fabricação de casas pré-moldadas de concreto,2330304,,C,23,,,palavra_chave,90,
Preparação de massa de concreto e argamassa para construção,2330305,,C,23,,,nome_oficial,100,
Preparação,2330305,,C,23,,,atividade,85,
Preparacao,2330305,,C,23,,,atividade,85,
Massa,2330305,,C,23,,,atividade,85,
Massa,2330305,,C,23,,,atividade,85,
Concreto,2330305,,C,23,,,atividade,85,
Concreto,2330305,,C,23,,,atividade,85,
Argamassa,2330305,,C,23,,,atividade,85,
Argamassa,2330305,,C,23,,,atividade,85,
Construção,2330305,,C,23,,,atividade,85,
Construcao,2330305,,C,23,,,atividade,85,
Preparação de massa de concreto e argamassa para construção,2330305,,C,23,,,palavra_chave,90,
Produção de ferro-gusa,2411300,,C,24,,,nome_oficial,100,
Ferro,2411300,,C,24,,,atividade,85,
Ferro,2411300,,C,24,,,atividade,85,
Gusa,2411300,,C,24,,,atividade,85,
Gusa,2411300,,C,24,,,atividade,85,
Produção de ferro-gusa,2411300,,C,24,,,palavra_chave,90,
Produção de ferroligas,2412100,,C,24,,,nome_oficial,100,
Ferroligas,2412100,,C,24,,,atividade,85,
Ferroligas,2412100,,C,24,,,atividade,85,
Produção de ferroligas,2412100,,C,24,,,palavra_chave,90,
Produção de semiacabados de aço,2421100,,C,24,,,nome_oficial,100,
Semiacabados,2421100,,C,24,,,atividade,85,
Semiacabados,2421100,,C,24,,,atividade,85,
Aço,2421100,,C,24,,,atividade,85,
Aco,2421100,,C,24,,,atividade,85,
Produção de semiacabados de aço,2421100,,C,24,,,palavra_chave,90,
"Produção de laminados planos de aço ao carbono, revestidos ou não",2422901,,C,24,,,nome_oficial,100,
Laminados,2422901,,C,24,,,atividade,85,
Laminados,2422901,,C,24,,,atividade,85,
Planos,2422901,,C,24,,,atividade,85,
Planos,2422901,,C,24,,,atividade,85,
Aço,2422901,,C,24,,,atividade,85,
Aco,2422901,,C,24,,,atividade,85,
Carbono,2422901,,C,24,,,atividade,85,
Carbono,2422901,,C,24,,,atividade,85,
Revestidos,2422901,,C,24,,,atividade,85,
Revestidos,2422901,,C,24,,,atividade,85,
"Produção de laminados planos de aço ao carbono, revestidos ou não",2422901,,C,24,,,palavra_chave,90,
Produção de laminados planos de aços inoxidáveis,2422902,,C,24,,,nome_oficial,100,
Laminados,2422902,,C,24,,,atividade,85,
Laminados,2422902,,C,24,,,atividade,85,
Planos,2422902,,C,24,,,atividade,85,
Planos,2422902,,C,24,,,atividade,85,
Aços,2422902,,C,24,,,atividade,85,
Acos,2422902,,C,24,,,atividade,85,
Inoxidáveis,2422902,,C,24,,,atividade,85,
Inoxidaveis,2422902,,C,24,,,atividade,85,
Produção de laminados planos de aços inoxidáveis,2422902,,C,24,,,palavra_chave,90,
Produção de tubos de aço sem costura,2423701,,C,24,,,nome_oficial,100,
Tubos,2423701,,C,24,,,atividade,85,
Tubos,2423701,,C,24,,,atividade,85,
Aço,2423701,,C,24,,,atividade,85,
Aco,2423701,,C,24,,,atividade,85,
Sem,2423701,,C,24,,,atividade,85,
Sem,2423701,,C,24,,,atividade,85,
Costura,2423701,,C,24,,,atividade,85,
Costura,2423701,,C,24,,,atividade,85,
Produção de tubos de aço sem costura,2423701,,C,24,,,palavra_chave,90,
"Produção de laminados longos de aço, exceto tubos",2423702,,C,24,,,nome_oficial,100,
Laminados,2423702,,C,24,,,atividade,85,
Laminados,2423702,,C,24,,,atividade,85,
Longos,2423702,,C,24,,,atividade,85,
Longos,2423702,,C,24,,,atividade,85,
Aço,2423702,,C,24,,,atividade,85,
Aco,2423702,,C,24,,,atividade,85,
Tubos,2423702,,C,24,,,atividade,85,
Tubos,2423702,,C,24,,,atividade,85,
"Produção de laminados longos de aço, exceto tubos",2423702,,C,24,,,palavra_chave,90,
Produção de tubos de aço com costura,2431800,,C,24,,,nome_oficial,100,
Tubos,2431800,,C,24,,,atividade,85,
Tubos,2431800,,C,24,,,atividade,85,
Aço,2431800,,C,24,,,atividade,85,
Aco,2431800,,C,24,,,atividade,85,
Costura,2431800,,C,24,,,atividade,85,
Costura,2431800,,C,24,,,atividade,85,
Produção de tubos de aço com costura,2431800,,C,24,,,palavra_chave,90,
Trefilação de aço,2439300,,C,24,,,nome_oficial,100,
Trefilação,2439300,,C,24,,,atividade,85,
Trefilacao,2439300,,C,24,,,atividade,85,
Aço,2439300,,C,24,,,atividade,85,
Aco,2439300,,C,24,,,atividade,85,
Trefilação de aço,2439300,,C,24,,,palavra_chave,90,
Produção de alumínio e suas ligas em formas primárias,2441501,,C,24,,,nome_oficial,100,
Alumínio,2441501,,C,24,,,atividade,85,
Aluminio,2441501,,C,24,,,atividade,85,
Suas,2441501,,C,24,,,atividade,85,
Suas,2441501,,C,24,,,atividade,85,
Ligas,2441501,,C,24,,,atividade,85,
Ligas,2441501,,C,24,,,atividade,85,
Formas,2441501,,C,24,,,atividade,85,
Formas,2441501,,C,24,,,atividade,85,
Primárias,2441501,,C,24,,,atividade,85,
Primarias,2441501,,C,24,,,atividade,85,
Produção de alumínio e suas ligas em formas primárias,2441501,,C,24,,,palavra_chave,90,
Produção de laminados de alumínio,2441502,,C,24,,,nome_oficial,100,
Laminados,2441502,,C,24,,,atividade,85,
Laminados,2441502,,C,24,,,atividade,85,
Alumínio,2441502,,C,24,,,atividade,85,
Aluminio,2441502,,C,24,,,atividade,85,
Produção de laminados de alumínio,2441502,,C,24,,,palavra_chave,90,
Metalurgia dos metais preciosos,2442300,,C,24,,,nome_oficial,100,
Metalurgia,2442300,,C,24,,,atividade,85,
Metalurgia,2442300,,C,24,,,atividade,85,
Metais,2442300,,C,24,,,atividade,85,
Metais,2442300,,C,24,,,atividade,85,
Preciosos,2442300,,C,24,,,atividade,85,
Preciosos,2442300,,C,24,,,atividade,85,
Metalurgia dos metais preciosos,2442300,,C,24,,,palavra_chave,90,
Metalurgia do cobre,2443100,,C,24,,,nome_oficial,100,
Metalurgia,2443100,,C,24,,,atividade,85,
Metalurgia,2443100,,C,24,,,atividade,85,
Cobre,2443100,,C,24,,,atividade,85,
Cobre,2443100,,C,24,,,atividade,85,
Metalurgia do cobre,2443100,,C,24,,,palavra_chave,90,
Produção de zinco em formas primárias,2449101,,C,24,,,nome_oficial,100,
Zinco,2449101,,C,24,,,atividade,85,
Zinco,2449101,,C,24,,,atividade,85,
Formas,2449101,,C,24,,,atividade,85,
Formas,2449101,,C,24,,,atividade,85,
Primárias,2449101,,C,24,,,atividade,85,
Primarias,2449101,,C,24,,,atividade,85,
Produção de zinco em formas primárias,2449101,,C,24,,,palavra_chave,90,
Produção de laminados de zinco,2449102,,C,24,,,nome_oficial,100,
Laminados,2449102,,C,24,,,atividade,85,
Laminados,2449102,,C,24,,,atividade,85,
Zinco,2449102,,C,24,,,atividade,85,
Zinco,2449102,,C,24,,,atividade,85,
Produção de laminados de zinco,2449102,,C,24,,,palavra_chave,90,
Metalurgia de outros metais não-ferrosos e suas ligas,2449199,,C,24,,,nome_oficial,100,
Metalurgia,2449199,,C,24,,,atividade,85,
Metalurgia,2449199,,C,24,,,atividade,85,
Outros,2449199,,C,24,,,atividade,85,
Outros,2449199,,C,24,,,atividade,85,
Metais,2449199,,C,24,,,atividade,85,
Metais,2449199,,C,24,,,atividade,85,
Ferrosos,2449199,,C,24,,,atividade,85,
Ferrosos,2449199,,C,24,,,atividade,85,
Suas,2449199,,C,24,,,atividade,85,
Suas,2449199,,C,24,,,atividade,85,
Ligas,2449199,,C,24,,,atividade,85,
Ligas,2449199,,C,24,,,atividade,85,
Metalurgia de outros metais não-ferrosos e suas ligas,2449199,,C,24,,,palavra_chave,90,
Fabricação de estruturas metálicas,2511000,,C,25,,,nome_oficial,100,
Estruturas,2511000,,C,25,,,atividade,85,
Estruturas,2511000,,C,25,,,atividade,85,
Metálicas,2511000,,C,25,,,atividade,85,
Metalicas,2511000,,C,25,,,atividade,85,
Fabricação de estruturas metálicas,2511000,,C,25,,,palavra_chave,90,
Fabricação de esquadrias de metal,2512800,,C,25,,,nome_oficial,100,
Esquadrias,2512800,,C,25,,,atividade,85,
Esquadrias,2512800,,C,25,,,atividade,85,
Metal,2512800,,C,25,,,atividade,85,
Metal,2512800,,C,25,,,atividade,85,
Fabricação de esquadrias de metal,2512800,,C,25,,,palavra_chave,90,
Fabricação de obras de caldeiraria pesada,2513600,,C,25,,,nome_oficial,100,
Obras,2513600,,C,25,,,atividade,85,
Obras,2513600,,C,25,,,atividade,85,
Caldeiraria,2513600,,C,25,,,atividade,85,
Caldeiraria,2513600,,C,25,,,atividade,85,
Pesada,2513600,,C,25,,,atividade,85,
Pesada,2513600,,C,25,,,atividade,85,
Fabricação de obras de caldeiraria pesada,2513600,,C,25,,,palavra_chave,90,
"Fabricação de tanques, reservatórios metálicos e caldeiras para aquecimento central",2521700,,C,25,,,nome_oficial,100,
Tanques,2521700,,C,25,,,atividade,85,
Tanques,2521700,,C,25,,,atividade,85,
Reservatórios,2521700,,C,25,,,atividade,85,
Reservatorios,2521700,,C,25,,,atividade,85,
Metálicos,2521700,,C,25,,,atividade,85,
Metalicos,2521700,,C,25,,,atividade,85,
Caldeiras,2521700,,C,25,,,atividade,85,
Caldeiras,2521700,,C,25,,,atividade,85,
Aquecimento,2521700,,C,25,,,atividade,85,
Aquecimento,2521700,,C,25,,,atividade,85,
Central,2521700,,C,25,,,atividade,85,
Central,2521700,,C,25,,,atividade,85,
"Fabricação de tanques, reservatórios metálicos e caldeiras para aquecimento central",2521700,,C,25,,,palavra_chave,90,
"Fabricação de caldeiras geradoras de vapor, exceto para aquecimento central e para veículos",2522500,,C,25,,,nome_oficial,100,
Caldeiras,2522500,,C,25,,,atividade,85,
Caldeiras,2522500,,C,25,,,atividade,85,
Geradoras,2522500,,C,25,,,atividade,85,
Geradoras,2522500,,C,25,,,atividade,85,
Vapor,2522500,,C,25,,,atividade,85,
Vapor,2522500,,C,25,,,atividade,85,
Aquecimento,2522500,,C,25,,,atividade,85,
Aquecimento,2522500,,C,25,,,atividade,85,
Central,2522500,,C,25,,,atividade,85,
Central,2522500,,C,25,,,atividade,85,
Veículos,2522500,,C,25,,,atividade,85,
Veiculos,2522500,,C,25,,,atividade,85,
"Fabricação de caldeiras geradoras de vapor, exceto para aquecimento central e para veículos",2522500,,C,25,,,palavra_chave,90,
Produção de forjados de aço,2531401,,C,25,,,nome_oficial,100,
Forjados,2531401,,C,25,,,atividade,85,
Forjados,2531401,,C,25,,,atividade,85,
Aço,2531401,,C,25,,,atividade,85,
Aco,2531401,,C,25,,,atividade,85,
Produção de forjados de aço,2531401,,C,25,,,palavra_chave,90,
Produção de forjados de metais não-ferrosos e suas ligas,2531402,,C,25,,,nome_oficial,100,
Forjados,2531402,,C,25,,,atividade,85,
Forjados,2531402,,C,25,,,atividade,85,
Metais,2531402,,C,25,,,atividade,85,
Metais,2531402,,C,25,,,atividade,85,
Ferrosos,2531402,,C,25,,,atividade,85,
Ferrosos,2531402,,C,25,,,atividade,85,
Suas,2531402,,C,25,,,atividade,85,
Suas,2531402,,C,25,,,atividade,85,
Ligas,2531402,,C,25,,,atividade,85,
Ligas,2531402,,C,25,,,atividade,85,
Produção de forjados de metais não-ferrosos e suas ligas,2531402,,C,25,,,palavra_chave,90,
Produção de artefatos estampados de metal,2532201,,C,25,,,nome_oficial,100,
Artefatos,2532201,,C,25,,,atividade,85,
Artefatos,2532201,,C,25,,,atividade,85,
Estampados,2532201,,C,25,,,atividade,85,
Estampados,2532201,,C,25,,,atividade,85,
Metal,2532201,,C,25,,,atividade,85,
Metal,2532201,,C,25,,,atividade,85,
Produção de artefatos estampados de metal,2532201,,C,25,,,palavra_chave,90,
Metalurgia do pó,2532202,,C,25,,,nome_oficial,100,
Metalurgia,2532202,,C,25,,,atividade,85,
Metalurgia,2532202,,C,25,,,atividade,85,
Metalurgia do pó,2532202,,C,25,,,palavra_chave,90,
"Serviços de usinagem, solda, tratamento e revestimento em metais",2539000,,C,25,,,nome_oficial,100,
Usinagem,2539000,,C,25,,,atividade,85,
Usinagem,2539000,,C,25,,,atividade,85,
Solda,2539000,,C,25,,,atividade,85,
Solda,2539000,,C,25,,,atividade,85,
Tratamento,2539000,,C,25,,,atividade,85,
Tratamento,2539000,,C,25,,,atividade,85,
Revestimento,2539000,,C,25,,,atividade,85,
Revestimento,2539000,,C,25,,,atividade,85,
Metais,2539000,,C,25,,,atividade,85,
Metais,2539000,,C,25,,,atividade,85,
"Serviços de usinagem, solda, tratamento e revestimento em metais",2539000,,C,25,,,palavra_chave,90,
Fabricação de artigos de cutelaria,2541100,,C,25,,,nome_oficial,100,
Artigos,2541100,,C,25,,,atividade,85,
Artigos,2541100,,C,25,,,atividade,85,
Cutelaria,2541100,,C,25,,,atividade,85,
Cutelaria,2541100,,C,25,,,atividade,85,
Fabricação de artigos de cutelaria,2541100,,C,25,,,palavra_chave,90,
"Fabricação de artigos de serralheria, exceto esquadrias",2542000,,C,25,,,nome_oficial,100,
Artigos,2542000,,C,25,,,atividade,85,
Artigos,2542000,,C,25,,,atividade,85,
Serralheria,2542000,,C,25,,,atividade,85,
Serralheria,2542000,,C,25,,,atividade,85,
Esquadrias,2542000,,C,25,,,atividade,85,
Esquadrias,2542000,,C,25,,,atividade,85,
"Fabricação de artigos de serralheria, exceto esquadrias",2542000,,C,25,,,palavra_chave,90,
Fabricação de ferramentas,2543800,,C,25,,,nome_oficial,100,
Ferramentas,2543800,,C,25,,,atividade,85,
Ferramentas,2543800,,C,25,,,atividade,85,
Fabricação de ferramentas,2543800,,C,25,,,palavra_chave,90,
"Fabricação de equipamento bélico pesado, exceto veículos militares de combate",2550101,,C,25,,,nome_oficial,100,
Equipamento,2550101,,C,25,,,atividade,85,
Equipamento,2550101,,C,25,,,atividade,85,
Bélico,2550101,,C,25,,,atividade,85,
Belico,2550101,,C,25,,,atividade,85,
Pesado,2550101,,C,25,,,atividade,85,
Pesado,2550101,,C,25,,,atividade,85,
Veículos,2550101,,C,25,,,atividade,85,
Veiculos,2550101,,C,25,,,atividade,85,
Militares,2550101,,C,25,,,atividade,85,
Militares,2550101,,C,25,,,atividade,85,
Combate,2550101,,C,25,,,atividade,85,
Combate,2550101,,C,25,,,atividade,85,
"Fabricação de equipamento bélico pesado, exceto veículos militares de combate",2550101,,C,25,,,palavra_chave,90,
"Fabricação de armas de fogo, outras armas e munições",2550102,,C,25,,,nome_oficial,100,
Armas,2550102,,C,25,,,atividade,85,
Armas,2550102,,C,25,,,atividade,85,
Fogo,2550102,,C,25,,,atividade,85,
Fogo,2550102,,C,25,,,atividade,85,
Outras,2550102,,C,25,,,atividade,85,
Outras,2550102,,C,25,,,atividade,85,
Munições,2550102,,C,25,,,atividade,85,
Municoes,2550102,,C,25,,,atividade,85,
"Fabricação de armas de fogo, outras armas e munições",2550102,,C,25,,,palavra_chave,90,
Fabricação de embalagens metálicas,2591800,,C,25,,,nome_oficial,100,
Embalagens,2591800,,C,25,,,atividade,85,
Embalagens,2591800,,C,25,,,atividade,85,
Metálicas,2591800,,C,25,,,atividade,85,
Metalicas,2591800,,C,25,,,atividade,85,
Fabricação de embalagens metálicas,2591800,,C,25,,,palavra_chave,90,
Fabricação de produtos de trefilados de metal padronizados,2592601,,C,25,,,nome_oficial,100,
Produtos,2592601,,C,25,,,atividade,85,
Produtos,2592601,,C,25,,,atividade,85,
Trefilados,2592601,,C,25,,,atividade,85,
Trefilados,2592601,,C,25,,,atividade,85,
Metal,2592601,,C,25,,,atividade,85,
Metal,2592601,,C,25,,,atividade,85,
Padronizados,2592601,,C,25,,,atividade,85,
Padronizados,2592601,,C,25,,,atividade,85,
Fabricação de produtos de trefilados de metal padronizados,2592601,,C,25,,,palavra_chave,90,
"Fabricação de produtos de trefilados de metal, exceto padronizados",2592602,,C,25,,,nome_oficial,100,
Produtos,2592602,,C,25,,,atividade,85,
Produtos,2592602,,C,25,,,atividade,85,
Trefilados,2592602,,C,25,,,atividade,85,
Trefilados,2592602,,C,25,,,atividade,85,
Metal,2592602,,C,25,,,atividade,85,
Metal,2592602,,C,25,,,atividade,85,
Padronizados,2592602,,C,25,,,atividade,85,
Padronizados,2592602,,C,25,,,atividade,85,
"Fabricação de produtos de trefilados de metal, exceto padronizados",2592602,,C,25,,,palavra_chave,90,
Fabricação de artigos de metal para uso doméstico e pessoal,2593400,,C,25,,,nome_oficial,100,
Artigos,2593400,,C,25,,,atividade,85,
Artigos,2593400,,C,25,,,atividade,85,
Metal,2593400,,C,25,,,atividade,85,
Metal,2593400,,C,25,,,atividade,85,
Uso,2593400,,C,25,,,atividade,85,
Uso,2593400,,C,25,,,atividade,85,
Doméstico,2593400,,C,25,,,atividade,85,
Domestico,2593400,,C,25,,,atividade,85,
Pessoal,2593400,,C,25,,,atividade,85,
Pessoal,2593400,,C,25,,,atividade,85,
Fabricação de artigos de metal para uso doméstico e pessoal,2593400,,C,25,,,palavra_chave,90,
Serviços de confecção de armações metálicas para a construção,2599301,,C,25,,,nome_oficial,100,
Confecção,2599301,,C,25,,,atividade,85,
Confeccao,2599301,,C,25,,,atividade,85,
Armações,2599301,,C,25,,,atividade,85,
Armacoes,2599301,,C,25,,,atividade,85,
Metálicas,2599301,,C,25,,,atividade,85,
Metalicas,2599301,,C,25,,,atividade,85,
Construção,2599301,,C,25,,,atividade,85,
Construcao,2599301,,C,25,,,atividade,85,
Serviços de confecção de armações metálicas para a construção,2599301,,C,25,,,palavra_chave,90,
Serviço de corte e dobra de metais,2599302,,C,25,,,nome_oficial,100,
Corte,2599302,,C,25,,,atividade,85,
Corte,2599302,,C,25,,,atividade,85,
Dobra,2599302,,C,25,,,atividade,85,
Dobra,2599302,,C,25,,,atividade,85,
Metais,2599302,,C,25,,,atividade,85,
Metais,2599302,,C,25,,,atividade,85,
Serviço de corte e dobra de metais,2599302,,C,25,,,palavra_chave,90,
Fabricação de outros produtos de metal não especificados anteriormente,2599399,,C,25,,,nome_oficial,100,
Outros,2599399,,C,25,,,atividade,85,
Outros,2599399,,C,25,,,atividade,85,
Produtos,2599399,,C,25,,,atividade,85,
Produtos,2599399,,C,25,,,atividade,85,
Metal,2599399,,C,25,,,atividade,85,
Metal,2599399,,C,25,,,atividade,85,
Especificados,2599399,,C,25,,,atividade,85,
Especificados,2599399,,C,25,,,atividade,85,
Fabricação de outros produtos de metal não especificados anteriormente,2599399,,C,25,,,palavra_chave,90,
Fabricação de componentes eletrônicos,2610800,,C,26,,,nome_oficial,100,
Componentes,2610800,,C,26,,,atividade,85,
Componentes,2610800,,C,26,,,atividade,85,
Eletrônicos,2610800,,C,26,,,atividade,85,
Eletronicos,2610800,,C,26,,,atividade,85,
Fabricação de componentes eletrônicos,2610800,,C,26,,,palavra_chave,90,
Fabricação de equipamentos de informática,2621300,,C,26,,,nome_oficial,100,
Equipamentos,2621300,,C,26,,,atividade,85,
Equipamentos,2621300,,C,26,,,atividade,85,
Informática,2621300,,C,26,,,atividade,85,
Informatica,2621300,,C,26,,,atividade,85,
Fabricação de equipamentos de informática,2621300,,C,26,,,palavra_chave,90,
Fabricação de periféricos para equipamentos de informática,2622100,,C,26,,,nome_oficial,100,
Periféricos,2622100,,C,26,,,atividade,85,
Perifericos,2622100,,C,26,,,atividade,85,
Equipamentos,2622100,,C,26,,,atividade,85,
Equipamentos,2622100,,C,26,,,atividade,85,
Informática,2622100,,C,26,,,atividade,85,
Informatica,2622100,,C,26,,,atividade,85,
Fabricação de periféricos para equipamentos de informática,2622100,,C,26,,,palavra_chave,90,
Fabricação de equipamentos transmissores de comunicação,2631100,,C,26,,,nome_oficial,100,
Equipamentos,2631100,,C,26,,,atividade,85,
Equipamentos,2631100,,C,26,,,atividade,85,
Transmissores,2631100,,C,26,,,atividade,85,
Transmissores,2631100,,C,26,,,atividade,85,
Comunicação,2631100,,C,26,,,atividade,85,
Comunicacao,2631100,,C,26,,,atividade,85,
Fabricação de equipamentos transmissores de comunicação,2631100,,C,26,,,palavra_chave,90,
Fabricação de aparelhos telefônicos e de outros equipamentos de comunicação,2632900,,C,26,,,nome_oficial,100,
Aparelhos,2632900,,C,26,,,atividade,85,
Aparelhos,2632900,,C,26,,,atividade,85,
Telefônicos,2632900,,C,26,,,atividade,85,
Telefonicos,2632900,,C,26,,,atividade,85,
Outros,2632900,,C,26,,,atividade,85,
Outros,2632900,,C,26,,,atividade,85,
Equipamentos,2632900,,C,26,,,atividade,85,
Equipamentos,2632900,,C,26,,,atividade,85,
Comunicação,2632900,,C,26,,,atividade,85,
Comunicacao,2632900,,C,26,,,atividade,85,
Fabricação de aparelhos telefônicos e de outros equipamentos de comunicação,2632900,,C,26,,,palavra_chave,90,
"Fabricação de aparelhos de recepção, reprodução, gravação e amplificação de áudio e vídeo",2640000,,C,26,,,nome_oficial,100,
Aparelhos,2640000,,C,26,,,atividade,85,
Aparelhos,2640000,,C,26,,,atividade,85,
Recepção,2640000,,C,26,,,atividade,85,
Recepcao,2640000,,C,26,,,atividade,85,
Reprodução,2640000,,C,26,,,produto,85,
Reproducao,2640000,,C,26,,,produto,85,
Gravação,2640000,,C,26,,,atividade,85,
Gravacao,2640000,,C,26,,,atividade,85,
Amplificação,2640000,,C,26,,,atividade,85,
Amplificacao,2640000,,C,26,,,atividade,85,
Áudio,2640000,,C,26,,,atividade,85,
Audio,2640000,,C,26,,,atividade,85,
Vídeo,2640000,,C,26,,,atividade,85,
Video,2640000,,C,26,,,atividade,85,
"Fabricação de aparelhos de recepção, reprodução, gravação e amplificação de áudio e vídeo",2640000,,C,26,,,palavra_chave,90,
Fabricação de equipamentos de medição e teste,2651500,,C,26,,,nome_oficial,100,
Equipamentos,2651500,,C,26,,,atividade,85,
Equipamentos,2651500,,C,26,,,atividade,85,
Medição,2651500,,C,26,,,atividade,85,
Medicao,2651500,,C,26,,,atividade,85,
Teste,2651500,,C,26,,,atividade,85,
Teste,2651500,,C,26,,,atividade,85,
Fabricação de equipamentos de medição e teste,2651500,,C,26,,,palavra_chave,90,
Fabricação de cronômetros e relógios,2652300,,C,26,,,nome_oficial,100,
Cronômetros,2652300,,C,26,,,atividade,85,
Cronometros,2652300,,C,26,,,atividade,85,
Relógios,2652300,,C,26,,,atividade,85,
Relogios,2652300,,C,26,,,atividade,85,
Fabricação de cronômetros e relógios,2652300,,C,26,,,palavra_chave,90,
Fabricação de aparelhos eletromédicos e eletroterapêuticos e equipamentos de irradiação,2660400,,C,26,,,nome_oficial,100,
Aparelhos,2660400,,C,26,,,atividade,85,
Aparelhos,2660400,,C,26,,,atividade,85,
Eletromédicos,2660400,,C,26,,,atividade,85,
Eletromedicos,2660400,,C,26,,,atividade,85,
Eletroterapêuticos,2660400,,C,26,,,atividade,85,
Eletroterapeuticos,2660400,,C,26,,,atividade,85,
Equipamentos,2660400,,C,26,,,atividade,85,
Equipamentos,2660400,,C,26,,,atividade,85,
Irradiação,2660400,,C,26,,,atividade,85,
Irradiacao,2660400,,C,26,,,atividade,85,
Fabricação de aparelhos eletromédicos e eletroterapêuticos e equipamentos de irradiação,2660400,,C,26,,,palavra_chave,90,
"Fabricação de equipamentos e instrumentos ópticos, fotográficos e cinematográficos, exceto filmadoras",2670101,,C,26,,,nome_oficial,100,
Equipamentos,2670101,,C,26,,,atividade,85,
Equipamentos,2670101,,C,26,,,atividade,85,
Instrumentos,2670101,,C,26,,,atividade,85,
Instrumentos,2670101,,C,26,,,atividade,85,
Ópticos,2670101,,C,26,,,atividade,85,
Opticos,2670101,,C,26,,,atividade,85,
Fotográficos,2670101,,C,26,,,atividade,85,
Fotograficos,2670101,,C,26,,,atividade,85,
Cinematográficos,2670101,,C,26,,,atividade,85,
Cinematograficos,2670101,,C,26,,,atividade,85,
Filmadoras,2670101,,C,26,,,atividade,85,
Filmadoras,2670101,,C,26,,,atividade,85,
"Fabricação de equipamentos e instrumentos ópticos, fotográficos e cinematográficos, exceto filmadoras",2670101,,C,26,,,palavra_chave,90,
"Fabricação de filmadoras, câmeras fotográficas e outros equipamentos fotográficos",2670102,,C,26,,,nome_oficial,100,
Filmadoras,2670102,,C,26,,,atividade,85,
Filmadoras,2670102,,C,26,,,atividade,85,
Câmeras,2670102,,C,26,,,atividade,85,
Cameras,2670102,,C,26,,,atividade,85,
Fotográficas,2670102,,C,26,,,atividade,85,
Fotograficas,2670102,,C,26,,,atividade,85,
Outros,2670102,,C,26,,,atividade,85,
Outros,2670102,,C,26,,,atividade,85,
Equipamentos,2670102,,C,26,,,atividade,85,
Equipamentos,2670102,,C,26,,,atividade,85,
Fotográficos,2670102,,C,26,,,atividade,85,
Fotograficos,2670102,,C,26,,,atividade,85,
"Fabricação de filmadoras, câmeras fotográficas e outros equipamentos fotográficos",2670102,,C,26,,,palavra_chave,90,
"Fabricação de mídias virgens, magnéticas e ópticas",2680900,,C,26,,,nome_oficial,100,
Mídias,2680900,,C,26,,,atividade,85,
Midias,2680900,,C,26,,,atividade,85,
Virgens,2680900,,C,26,,,atividade,85,
Virgens,2680900,,C,26,,,atividade,85,
Magnéticas,2680900,,C,26,,,atividade,85,
Magneticas,2680900,,C,26,,,atividade,85,
Ópticas,2680900,,C,26,,,atividade,85,
Opticas,2680900,,C,26,,,atividade,85,
"Fabricação de mídias virgens, magnéticas e ópticas",2680900,,C,26,,,palavra_chave,90,
"Fabricação de geradores de corrente contínua e alternada, peças e acessórios",2710401,,C,27,,,nome_oficial,100,
Geradores,2710401,,C,27,,,atividade,85,
Geradores,2710401,,C,27,,,atividade,85,
Corrente,2710401,,C,27,,,atividade,85,
Corrente,2710401,,C,27,,,atividade,85,
Contínua,2710401,,C,27,,,atividade,85,
Continua,2710401,,C,27,,,atividade,85,
Alternada,2710401,,C,27,,,atividade,85,
Alternada,2710401,,C,27,,,atividade,85,
Peças,2710401,,C,27,,,atividade,85,
Pecas,2710401,,C,27,,,atividade,85,
Acessórios,2710401,,C,27,,,atividade,85,
Acessorios,2710401,,C,27,,,atividade,85,
"Fabricação de geradores de corrente contínua e alternada, peças e acessórios",2710401,,C,27,,,palavra_chave,90,
"Fabricação de transformadores, indutores, conversores, sincronizadores e semelhantes, peças e acessórios",2710402,,C,27,,,nome_oficial,100,
Transformadores,2710402,,C,27,,,atividade,85,
Transformadores,2710402,,C,27,,,atividade,85,
Indutores,2710402,,C,27,,,atividade,85,
Indutores,2710402,,C,27,,,atividade,85,
Conversores,2710402,,C,27,,,atividade,85,
Conversores,2710402,,C,27,,,atividade,85,
Sincronizadores,2710402,,C,27,,,atividade,85,
Sincronizadores,2710402,,C,27,,,atividade,85,
Semelhantes,2710402,,C,27,,,atividade,85,
Semelhantes,2710402,,C,27,,,atividade,85,
Peças,2710402,,C,27,,,atividade,85,
Pecas,2710402,,C,27,,,atividade,85,
Acessórios,2710402,,C,27,,,atividade,85,
Acessorios,2710402,,C,27,,,atividade,85,
"Fabricação de transformadores, indutores, conversores, sincronizadores e semelhantes, peças e acessórios",2710402,,C,27,,,palavra_chave,90,
"Fabricação de motores elétricos, peças e acessórios",2710403,,C,27,,,nome_oficial,100,
Motores,2710403,,C,27,,,atividade,85,
Motores,2710403,,C,27,,,atividade,85,
Elétricos,2710403,,C,27,,,atividade,85,
Eletricos,2710403,,C,27,,,atividade,85,
Peças,2710403,,C,27,,,atividade,85,
Pecas,2710403,,C,27,,,atividade,85,
Acessórios,2710403,,C,27,,,atividade,85,
Acessorios,2710403,,C,27,,,atividade,85,
"Fabricação de motores elétricos, peças e acessórios",2710403,,C,27,,,palavra_chave,90,
"Fabricação de pilhas, baterias e acumuladores elétricos, exceto para veículos automotores",2721000,,C,27,,,nome_oficial,100,
Pilhas,2721000,,C,27,,,atividade,85,
Pilhas,2721000,,C,27,,,atividade,85,
Baterias,2721000,,C,27,,,atividade,85,
Baterias,2721000,,C,27,,,atividade,85,
Acumuladores,2721000,,C,27,,,atividade,85,
Acumuladores,2721000,,C,27,,,atividade,85,
Elétricos,2721000,,C,27,,,atividade,85,
Eletricos,2721000,,C,27,,,atividade,85,
Veículos,2721000,,C,27,,,atividade,85,
Veiculos,2721000,,C,27,,,atividade,85,
Automotores,2721000,,C,27,,,atividade,85,
Automotores,2721000,,C,27,,,atividade,85,
"Fabricação de pilhas, baterias e acumuladores elétricos, exceto para veículos automotores",2721000,,C,27,,,palavra_chave,90,
Fabricação de baterias e acumuladores para veículos automotores,2722801,,C,27,,,nome_oficial,100,
Baterias,2722801,,C,27,,,atividade,85,
Baterias,2722801,,C,27,,,atividade,85,
Acumuladores,2722801,,C,27,,,atividade,85,
Acumuladores,2722801,,C,27,,,atividade,85,
Veículos,2722801,,C,27,,,atividade,85,
Veiculos,2722801,,C,27,,,atividade,85,
Automotores,2722801,,C,27,,,atividade,85,
Automotores,2722801,,C,27,,,atividade,85,
Fabricação de baterias e acumuladores para veículos automotores,2722801,,C,27,,,palavra_chave,90,
Recondicionamento e recuperação de baterias e acumuladores elétricos para veículos automotores,2722802,,C,27,,,nome_oficial,100,
Recondicionamento,2722802,,C,27,,,atividade,85,
Recondicionamento,2722802,,C,27,,,atividade,85,
Recuperação,2722802,,C,27,,,atividade,85,
Recuperacao,2722802,,C,27,,,atividade,85,
Baterias,2722802,,C,27,,,atividade,85,
Baterias,2722802,,C,27,,,atividade,85,
Acumuladores,2722802,,C,27,,,atividade,85,
Acumuladores,2722802,,C,27,,,atividade,85,
Elétricos,2722802,,C,27,,,atividade,85,
Eletricos,2722802,,C,27,,,atividade,85,
Veículos,2722802,,C,27,,,atividade,85,
Veiculos,2722802,,C,27,,,atividade,85,
Automotores,2722802,,C,27,,,atividade,85,
Automotores,2722802,,C,27,,,atividade,85,
Recondicionamento e recuperação de baterias e acumuladores elétricos para veículos automotores,2722802,,C,27,,,palavra_chave,90,
Fabricação de aparelhos e equipamentos para instalação elétrica,2731700,,C,27,,,nome_oficial,100,
Aparelhos,2731700,,C,27,,,atividade,85,
Aparelhos,2731700,,C,27,,,atividade,85,
Equipamentos,2731700,,C,27,,,atividade,85,
Equipamentos,2731700,,C,27,,,atividade,85,
Instalação,2731700,,C,27,,,atividade,85,
Instalacao,2731700,,C,27,,,atividade,85,
Elétrica,2731700,,C,27,,,atividade,85,
Eletrica,2731700,,C,27,,,atividade,85,
Fabricação de aparelhos e equipamentos para instalação elétrica,2731700,,C,27,,,palavra_chave,90,
"Fabricação de material elétrico para iluminação e sinalização em vias públicas, aeroportos e rodovias",2732500,,C,27,,,nome_oficial,100,
Material,2732500,,C,27,,,atividade,85,
Material,2732500,,C,27,,,atividade,85,
Elétrico,2732500,,C,27,,,atividade,85,
Eletrico,2732500,,C,27,,,atividade,85,
Iluminação,2732500,,C,27,,,atividade,85,
Iluminacao,2732500,,C,27,,,atividade,85,
Sinalização,2732500,,C,27,,,atividade,85,
Sinalizacao,2732500,,C,27,,,atividade,85,
Vias,2732500,,C,27,,,atividade,85,
Vias,2732500,,C,27,,,atividade,85,
Públicas,2732500,,C,27,,,atividade,85,
Publicas,2732500,,C,27,,,atividade,85,
Aeroportos,2732500,,C,27,,,atividade,85,
Aeroportos,2732500,,C,27,,,atividade,85,
Rodovias,2732500,,C,27,,,atividade,85,
Rodovias,2732500,,C,27,,,atividade,85,
"Fabricação de material elétrico para iluminação e sinalização em vias públicas, aeroportos e rodovias",2732500,,C,27,,,palavra_chave,90,
"Fabricação de fios, cabos e condutores elétricos isolados",2733300,,C,27,,,nome_oficial,100,
Fios,2733300,,C,27,,,atividade,85,
Fios,2733300,,C,27,,,atividade,85,
Cabos,2733300,,C,27,,,atividade,85,
Cabos,2733300,,C,27,,,atividade,85,
Condutores,2733300,,C,27,,,atividade,85,
Condutores,2733300,,C,27,,,atividade,85,
Elétricos,2733300,,C,27,,,atividade,85,
Eletricos,2733300,,C,27,,,atividade,85,
Isolados,2733300,,C,27,,,atividade,85,
Isolados,2733300,,C,27,,,atividade,85,
"Fabricação de fios, cabos e condutores elétricos isolados",2733300,,C,27,,,palavra_chave,90,
Fabricação de lâmpadas,2740601,,C,27,,,nome_oficial,100,
Lâmpadas,2740601,,C,27,,,atividade,85,
Lampadas,2740601,,C,27,,,atividade,85,
Fabricação de lâmpadas,2740601,,C,27,,,palavra_chave,90,
Fabricação de luminárias e outros equipamentos de iluminação,2740602,,C,27,,,nome_oficial,100,
Luminárias,2740602,,C,27,,,atividade,85,
Luminarias,2740602,,C,27,,,atividade,85,
Outros,2740602,,C,27,,,atividade,85,
Outros,2740602,,C,27,,,atividade,85,
Equipamentos,2740602,,C,27,,,atividade,85,
Equipamentos,2740602,,C,27,,,atividade,85,
Iluminação,2740602,,C,27,,,atividade,85,
Iluminacao,2740602,,C,27,,,atividade,85,
Fabricação de luminárias e outros equipamentos de iluminação,2740602,,C,27,,,palavra_chave,90,
"Fabricação de fogões, refrigeradores e máquinas de lavar e secar para uso doméstico, exceto a vapor",2751100,,C,27,,,nome_oficial,100,
Fogões,2751100,,C,27,,,atividade,85,
Fogoes,2751100,,C,27,,,atividade,85,
Refrigeradores,2751100,,C,27,,,atividade,85,
Refrigeradores,2751100,,C,27,,,atividade,85,
Máquinas,2751100,,C,27,,,atividade,85,
Maquinas,2751100,,C,27,,,atividade,85,
Lavar,2751100,,C,27,,,atividade,85,
Lavar,2751100,,C,27,,,atividade,85,
Secar,2751100,,C,27,,,atividade,85,
Secar,2751100,,C,27,,,atividade,85,
Uso,2751100,,C,27,,,atividade,85,
Uso,2751100,,C,27,,,atividade,85,
Doméstico,2751100,,C,27,,,atividade,85,
Domestico,2751100,,C,27,,,atividade,85,
Vapor,2751100,,C,27,,,atividade,85,
Vapor,2751100,,C,27,,,atividade,85,
"Fabricação de fogões, refrigeradores e máquinas de lavar e secar para uso doméstico, exceto a vapor",2751100,,C,27,,,palavra_chave,90,
"Fabricação de motores e turbinas, peças e acessórios, exceto para aviões e veículos rodoviários",2811900,,C,28,,,nome_oficial,100,
Motores,2811900,,C,28,,,atividade,85,
Motores,2811900,,C,28,,,atividade,85,
Turbinas,2811900,,C,28,,,atividade,85,
Turbinas,2811900,,C,28,,,atividade,85,
Peças,2811900,,C,28,,,atividade,85,
Pecas,2811900,,C,28,,,atividade,85,
Acessórios,2811900,,C,28,,,atividade,85,
Acessorios,2811900,,C,28,,,atividade,85,
Aviões,2811900,,C,28,,,atividade,85,
Avioes,2811900,,C,28,,,atividade,85,
Veículos,2811900,,C,28,,,atividade,85,
Veiculos,2811900,,C,28,,,atividade,85,
Rodoviários,2811900,,C,28,,,atividade,85,
Rodoviarios,2811900,,C,28,,,atividade,85,
"Fabricação de motores e turbinas, peças e acessórios, exceto para aviões e veículos rodoviários",2811900,,C,28,,,palavra_chave,90,
"Fabricação de equipamentos hidráulicos e pneumáticos, exceto válvulas",2812700,,C,28,,,nome_oficial,100,
Equipamentos,2812700,,C,28,,,atividade,85,
Equipamentos,2812700,,C,28,,,atividade,85,
Hidráulicos,2812700,,C,28,,,atividade,85,
Hidraulicos,2812700,,C,28,,,atividade,85,
Pneumáticos,2812700,,C,28,,,atividade,85,
Pneumaticos,2812700,,C,28,,,atividade,85,
Válvulas,2812700,,C,28,,,atividade,85,
Valvulas,2812700,,C,28,,,atividade,85,
"Fabricação de equipamentos hidráulicos e pneumáticos, exceto válvulas",2812700,,C,28,,,palavra_chave,90,
"Fabricação de válvulas, registros e dispositivos semelhantes, peças e acessórios",2813500,,C,28,,,nome_oficial,100,
Válvulas,2813500,,C,28,,,atividade,85,
Valvulas,2813500,,C,28,,,atividade,85,
Registros,2813500,,C,28,,,atividade,85,
Registros,2813500,,C,28,,,atividade,85,
Dispositivos,2813500,,C,28,,,atividade,85,
Dispositivos,2813500,,C,28,,,atividade,85,
Semelhantes,2813500,,C,28,,,atividade,85,
Semelhantes,2813500,,C,28,,,atividade,85,
Peças,2813500,,C,28,,,atividade,85,
Pecas,2813500,,C,28,,,atividade,85,
Acessórios,2813500,,C,28,,,atividade,85,
Acessorios,2813500,,C,28,,,atividade,85,
"Fabricação de válvulas, registros e dispositivos semelhantes, peças e acessórios",2813500,,C,28,,,palavra_chave,90,
"Fabricação de compressores para uso industrial, peças e acessórios",2814301,,C,28,,,nome_oficial,100,
Compressores,2814301,,C,28,,,atividade,85,
Compressores,2814301,,C,28,,,atividade,85,
Uso,2814301,,C,28,,,atividade,85,
Uso,2814301,,C,28,,,atividade,85,
Industrial,2814301,,C,28,,,atividade,85,
Industrial,2814301,,C,28,,,atividade,85,
Peças,2814301,,C,28,,,atividade,85,
Pecas,2814301,,C,28,,,atividade,85,
Acessórios,2814301,,C,28,,,atividade,85,
Acessorios,2814301,,C,28,,,atividade,85,
"Fabricação de compressores para uso industrial, peças e acessórios",2814301,,C,28,,,palavra_chave,90,
"Fabricação de compressores para uso não industrial, peças e acessórios",2814302,,C,28,,,nome_oficial,100,
Compressores,2814302,,C,28,,,atividade,85,
Compressores,2814302,,C,28,,,atividade,85,
Uso,2814302,,C,28,,,atividade,85,
Uso,2814302,,C,28,,,atividade,85,
Industrial,2814302,,C,28,,,atividade,85,
Industrial,2814302,,C,28,,,atividade,85,
Peças,2814302,,C,28,,,atividade,85,
Pecas,2814302,,C,28,,,atividade,85,
Acessórios,2814302,,C,28,,,atividade,85,
Acessorios,2814302,,C,28,,,atividade,85,
"Fabricação de compressores para uso não industrial, peças e acessórios",2814302,,C,28,,,palavra_chave,90,
Fabricação de rolamentos para fins industriais,2815101,,C,28,,,nome_oficial,100,
Rolamentos,2815101,,C,28,,,atividade,85,
Rolamentos,2815101,,C,28,,,atividade,85,
Fins,2815101,,C,28,,,atividade,85,
Fins,2815101,,C,28,,,atividade,85,
Industriais,2815101,,C,28,,,atividade,85,
Industriais,2815101,,C,28,,,atividade,85,
Fabricação de rolamentos para fins industriais,2815101,,C,28,,,palavra_chave,90,
"Fabricação de equipamentos de transmissão para fins industriais, exceto rolamentos",2815102,,C,28,,,nome_oficial,100,
Equipamentos,2815102,,C,28,,,atividade,85,
Equipamentos,2815102,,C,28,,,atividade,85,
Transmissão,2815102,,C,28,,,atividade,85,
Transmissao,2815102,,C,28,,,atividade,85,
Fins,2815102,,C,28,,,atividade,85,
Fins,2815102,,C,28,,,atividade,85,
Industriais,2815102,,C,28,,,atividade,85,
Industriais,2815102,,C,28,,,atividade,85,
Rolamentos,2815102,,C,28,,,atividade,85,
Rolamentos,2815102,,C,28,,,atividade,85,
"Fabricação de equipamentos de transmissão para fins industriais, exceto rolamentos",2815102,,C,28,,,palavra_chave,90,
"Fabricação de fornos industriais, aparelhos e equipamentos não-elétricos para instalação térmica, peças e acessórios",2821601,,C,28,,,nome_oficial,100,
Fornos,2821601,,C,28,,,atividade,85,
Fornos,2821601,,C,28,,,atividade,85,
Industriais,2821601,,C,28,,,atividade,85,
Industriais,2821601,,C,28,,,atividade,85,
Aparelhos,2821601,,C,28,,,atividade,85,
Aparelhos,2821601,,C,28,,,atividade,85,
Equipamentos,2821601,,C,28,,,atividade,85,
Equipamentos,2821601,,C,28,,,atividade,85,
Elétricos,2821601,,C,28,,,atividade,85,
Eletricos,2821601,,C,28,,,atividade,85,
Instalação,2821601,,C,28,,,atividade,85,
Instalacao,2821601,,C,28,,,atividade,85,
Térmica,2821601,,C,28,,,atividade,85,
Termica,2821601,,C,28,,,atividade,85,
Peças,2821601,,C,28,,,atividade,85,
Pecas,2821601,,C,28,,,atividade,85,
"Fabricação de fornos industriais, aparelhos e equipamentos não-elétricos para instalação térmica, peças e acessórios",2821601,,C,28,,,palavra_chave,90,
"Fabricação de estufas e fornos elétricos para fins industriais, peças e acessórios",2821602,,C,28,,,nome_oficial,100,
Estufas,2821602,,C,28,,,atividade,85,
Estufas,2821602,,C,28,,,atividade,85,
Fornos,2821602,,C,28,,,atividade,85,
Fornos,2821602,,C,28,,,atividade,85,
Elétricos,2821602,,C,28,,,atividade,85,
Eletricos,2821602,,C,28,,,atividade,85,
Fins,2821602,,C,28,,,atividade,85,
Fins,2821602,,C,28,,,atividade,85,
Industriais,2821602,,C,28,,,atividade,85,
Industriais,2821602,,C,28,,,atividade,85,
Peças,2821602,,C,28,,,atividade,85,
Pecas,2821602,,C,28,,,atividade,85,
Acessórios,2821602,,C,28,,,atividade,85,
Acessorios,2821602,,C,28,,,atividade,85,
"Fabricação de estufas e fornos elétricos para fins industriais, peças e acessórios",2821602,,C,28,,,palavra_chave,90,
"Fabricação de máquinas, equipamentos e aparelhos para transporte e elevação de pessoas, peças e acessórios",2822401,,C,28,,,nome_oficial,100,
Máquinas,2822401,,C,28,,,atividade,85,
Maquinas,2822401,,C,28,,,atividade,85,
Equipamentos,2822401,,C,28,,,atividade,85,
Equipamentos,2822401,,C,28,,,atividade,85,
Aparelhos,2822401,,C,28,,,atividade,85,
Aparelhos,2822401,,C,28,,,atividade,85,
Transporte,2822401,,C,28,,,atividade,85,
Transporte,2822401,,C,28,,,atividade,85,
Elevação,2822401,,C,28,,,atividade,85,
Elevacao,2822401,,C,28,,,atividade,85,
Pessoas,2822401,,C,28,,,atividade,85,
Pessoas,2822401,,C,28,,,atividade,85,
Peças,2822401,,C,28,,,atividade,85,
Pecas,2822401,,C,28,,,atividade,85,
Acessórios,2822401,,C,28,,,atividade,85,
Acessorios,2822401,,C,28,,,atividade,85,
"Fabricação de máquinas, equipamentos e aparelhos para transporte e elevação de pessoas, peças e acessórios",2822401,,C,28,,,palavra_chave,90,
"Fabricação de máquinas, equipamentos e aparelhos para transporte e elevação de cargas, peças e acessórios",2822402,,C,28,,,nome_oficial,100,
Máquinas,2822402,,C,28,,,atividade,85,
Maquinas,2822402,,C,28,,,atividade,85,
Equipamentos,2822402,,C,28,,,atividade,85,
Equipamentos,2822402,,C,28,,,atividade,85,
Aparelhos,2822402,,C,28,,,atividade,85,
Aparelhos,2822402,,C,28,,,atividade,85,
Transporte,2822402,,C,28,,,atividade,85,
Transporte,2822402,,C,28,,,atividade,85,
Elevação,2822402,,C,28,,,atividade,85,
Elevacao,2822402,,C,28,,,atividade,85,
Cargas,2822402,,C,28,,,atividade,85,
Cargas,2822402,,C,28,,,atividade,85,
Peças,2822402,,C,28,,,atividade,85,
Pecas,2822402,,C,28,,,atividade,85,
Acessórios,2822402,,C,28,,,atividade,85,
Acessorios,2822402,,C,28,,,atividade,85,
"Fabricação de máquinas, equipamentos e aparelhos para transporte e elevação de cargas, peças e acessórios",2822402,,C,28,,,palavra_chave,90,
"Fabricação de máquinas e aparelhos de refrigeração e ventilação para uso industrial e comercial, peças e acessórios",2823200,,C,28,,,nome_oficial,100,
Máquinas,2823200,,C,28,,,atividade,85,
Maquinas,2823200,,C,28,,,atividade,85,
Aparelhos,2823200,,C,28,,,atividade,85,
Aparelhos,2823200,,C,28,,,atividade,85,
Refrigeração,2823200,,C,28,,,atividade,85,
Refrigeracao,2823200,,C,28,,,atividade,85,
Ventilação,2823200,,C,28,,,atividade,85,
Ventilacao,2823200,,C,28,,,atividade,85,
Uso,2823200,,C,28,,,atividade,85,
Uso,2823200,,C,28,,,atividade,85,
Industrial,2823200,,C,28,,,atividade,85,
Industrial,2823200,,C,28,,,atividade,85,
Comercial,2823200,,C,28,,,atividade,85,
Comercial,2823200,,C,28,,,atividade,85,
Peças,2823200,,C,28,,,atividade,85,
Pecas,2823200,,C,28,,,atividade,85,
"Fabricação de máquinas e aparelhos de refrigeração e ventilação para uso industrial e comercial, peças e acessórios",2823200,,C,28,,,palavra_chave,90,
Fabricação de aparelhos e equipamentos de ar condicionado para uso industrial,2824101,,C,28,,,nome_oficial,100,
Aparelhos,2824101,,C,28,,,atividade,85,
Aparelhos,2824101,,C,28,,,atividade,85,
Equipamentos,2824101,,C,28,,,atividade,85,
Equipamentos,2824101,,C,28,,,atividade,85,
Condicionado,2824101,,C,28,,,atividade,85,
Condicionado,2824101,,C,28,,,atividade,85,
Uso,2824101,,C,28,,,atividade,85,
Uso,2824101,,C,28,,,atividade,85,
Industrial,2824101,,C,28,,,atividade,85,
Industrial,2824101,,C,28,,,atividade,85,
Fabricação de aparelhos e equipamentos de ar condicionado para uso industrial,2824101,,C,28,,,palavra_chave,90,
Fabricação de aparelhos e equipamentos de ar condicionado para uso não-industrial,2824102,,C,28,,,nome_oficial,100,
Aparelhos,2824102,,C,28,,,atividade,85,
Aparelhos,2824102,,C,28,,,atividade,85,
Equipamentos,2824102,,C,28,,,atividade,85,
Equipamentos,2824102,,C,28,,,atividade,85,
Condicionado,2824102,,C,28,,,atividade,85,
Condicionado,2824102,,C,28,,,atividade,85,
Uso,2824102,,C,28,,,atividade,85,
Uso,2824102,,C,28,,,atividade,85,
Industrial,2824102,,C,28,,,atividade,85,
Industrial,2824102,,C,28,,,atividade,85,
Fabricação de aparelhos e equipamentos de ar condicionado para uso não-industrial,2824102,,C,28,,,palavra_chave,90,
"Fabricação de máquinas e equipamentos para saneamento básico e ambiental, peças e acessórios",2825900,,C,28,,,nome_oficial,100,
Máquinas,2825900,,C,28,,,atividade,85,
Maquinas,2825900,,C,28,,,atividade,85,
Equipamentos,2825900,,C,28,,,atividade,85,
Equipamentos,2825900,,C,28,,,atividade,85,
Saneamento,2825900,,C,28,,,atividade,85,
Saneamento,2825900,,C,28,,,atividade,85,
Básico,2825900,,C,28,,,atividade,85,
Basico,2825900,,C,28,,,atividade,85,
Ambiental,2825900,,C,28,,,atividade,85,
Ambiental,2825900,,C,28,,,atividade,85,
Peças,2825900,,C,28,,,atividade,85,
Pecas,2825900,,C,28,,,atividade,85,
Acessórios,2825900,,C,28,,,atividade,85,
Acessorios,2825900,,C,28,,,atividade,85,
"Fabricação de máquinas e equipamentos para saneamento básico e ambiental, peças e acessórios",2825900,,C,28,,,palavra_chave,90,
"Fabricação de máquinas de escrever, calcular e outros equipamentos não-eletrônicos para escritório, peças e acessórios",2829101,,C,28,,,nome_oficial,100,
Máquinas,2829101,,C,28,,,atividade,85,
Maquinas,2829101,,C,28,,,atividade,85,
Escrever,2829101,,C,28,,,atividade,85,
Escrever,2829101,,C,28,,,atividade,85,
Calcular,2829101,,C,28,,,atividade,85,
Calcular,2829101,,C,28,,,atividade,85,
Outros,2829101,,C,28,,,atividade,85,
Outros,2829101,,C,28,,,atividade,85,
Equipamentos,2829101,,C,28,,,atividade,85,
Equipamentos,2829101,,C,28,,,atividade,85,
Eletrônicos,2829101,,C,28,,,atividade,85,
Eletronicos,2829101,,C,28,,,atividade,85,
Escritório,2829101,,C,28,,,atividade,85,
Escritorio,2829101,,C,28,,,atividade,85,
Peças,2829101,,C,28,,,atividade,85,
Pecas,2829101,,C,28,,,atividade,85,
"Fabricação de máquinas de escrever, calcular e outros equipamentos não-eletrônicos para escritório, peças e acessórios",2829101,,C,28,,,palavra_chave,90,
"Fabricação de outras máquinas e equipamentos de uso geral não especificados anteriormente, peças e acessórios",2829199,,C,28,,,nome_oficial,100,
Outras,2829199,,C,28,,,atividade,85,
Outras,2829199,,C,28,,,atividade,85,
Máquinas,2829199,,C,28,,,atividade,85,
Maquinas,2829199,,C,28,,,atividade,85,
Equipamentos,2829199,,C,28,,,atividade,85,
Equipamentos,2829199,,C,28,,,atividade,85,
Uso,2829199,,C,28,,,atividade,85,
Uso,2829199,,C,28,,,atividade,85,
Geral,2829199,,C,28,,,atividade,85,
Geral,2829199,,C,28,,,atividade,85,
Especificados,2829199,,C,28,,,atividade,85,
Especificados,2829199,,C,28,,,atividade,85,
Peças,2829199,,C,28,,,atividade,85,
Pecas,2829199,,C,28,,,atividade,85,
Acessórios,2829199,,C,28,,,atividade,85,
Acessorios,2829199,,C,28,,,atividade,85,
"Fabricação de outras máquinas e equipamentos de uso geral não especificados anteriormente, peças e acessórios",2829199,,C,28,,,palavra_chave,90,
"Fabricação de tratores agrícolas, peças e acessórios",2831300,,C,28,,,nome_oficial,100,
Tratores,2831300,,C,28,,,atividade,85,
Tratores,2831300,,C,28,,,atividade,85,
Agrícolas,2831300,,C,28,,,atividade,85,
Agricolas,2831300,,C,28,,,atividade,85,
Peças,2831300,,C,28,,,atividade,85,
Pecas,2831300,,C,28,,,atividade,85,
Acessórios,2831300,,C,28,,,atividade,85,
Acessorios,2831300,,C,28,,,atividade,85,
"Fabricação de tratores agrícolas, peças e acessórios",2831300,,C,28,,,palavra_chave,90,
"Fabricação de equipamentos para irrigação agrícola, peças e acessórios",2832100,,C,28,,,nome_oficial,100,
Equipamentos,2832100,,C,28,,,atividade,85,
Equipamentos,2832100,,C,28,,,atividade,85,
Irrigação,2832100,,C,28,,,atividade,85,
Irrigacao,2832100,,C,28,,,atividade,85,
Agrícola,2832100,,C,28,,,atividade,85,
Agricola,2832100,,C,28,,,atividade,85,
Peças,2832100,,C,28,,,atividade,85,
Pecas,2832100,,C,28,,,atividade,85,
Acessórios,2832100,,C,28,,,atividade,85,
Acessorios,2832100,,C,28,,,atividade,85,
"Fabricação de equipamentos para irrigação agrícola, peças e acessórios",2832100,,C,28,,,palavra_chave,90,
"Fabricação de máquinas e equipamentos para a agricultura e pecuária, peças e acessórios, exceto para irrigação",2833000,,C,28,,,nome_oficial,100,
Máquinas,2833000,,C,28,,,atividade,85,
Maquinas,2833000,,C,28,,,atividade,85,
Equipamentos,2833000,,C,28,,,atividade,85,
Equipamentos,2833000,,C,28,,,atividade,85,
Agricultura,2833000,,C,28,,,produto,85,
Agricultura,2833000,,C,28,,,produto,85,
Pecuária,2833000,,C,28,,,atividade,85,
Pecuaria,2833000,,C,28,,,atividade,85,
Peças,2833000,,C,28,,,atividade,85,
Pecas,2833000,,C,28,,,atividade,85,
Acessórios,2833000,,C,28,,,atividade,85,
Acessorios,2833000,,C,28,,,atividade,85,
Irrigação,2833000,,C,28,,,atividade,85,
Irrigacao,2833000,,C,28,,,atividade,85,
"Fabricação de máquinas e equipamentos para a agricultura e pecuária, peças e acessórios, exceto para irrigação",2833000,,C,28,,,palavra_chave,90,
"Fabricação de máquinas-ferramenta, peças e acessórios",2840200,,C,28,,,nome_oficial,100,
Máquinas,2840200,,C,28,,,atividade,85,
Maquinas,2840200,,C,28,,,atividade,85,
Ferramenta,2840200,,C,28,,,atividade,85,
Ferramenta,2840200,,C,28,,,atividade,85,
Peças,2840200,,C,28,,,atividade,85,
Pecas,2840200,,C,28,,,atividade,85,
Acessórios,2840200,,C,28,,,atividade,85,
Acessorios,2840200,,C,28,,,atividade,85,
"Fabricação de máquinas-ferramenta, peças e acessórios",2840200,,C,28,,,palavra_chave,90,
"Fabricação de máquinas e equipamentos para a prospecção e extração de petróleo, peças e acessórios",2851800,,C,28,,,nome_oficial,100,
Máquinas,2851800,,C,28,,,atividade,85,
Maquinas,2851800,,C,28,,,atividade,85,
Equipamentos,2851800,,C,28,,,atividade,85,
Equipamentos,2851800,,C,28,,,atividade,85,
Prospecção,2851800,,C,28,,,atividade,85,
Prospeccao,2851800,,C,28,,,atividade,85,
Extração,2851800,,C,28,,,atividade,85,
Extracao,2851800,,C,28,,,atividade,85,
Petróleo,2851800,,C,28,,,atividade,85,
Petroleo,2851800,,C,28,,,atividade,85,
Peças,2851800,,C,28,,,atividade,85,
Pecas,2851800,,C,28,,,atividade,85,
Acessórios,2851800,,C,28,,,atividade,85,
Acessorios,2851800,,C,28,,,atividade,85,
"Fabricação de máquinas e equipamentos para a prospecção e extração de petróleo, peças e acessórios",2851800,,C,28,,,palavra_chave,90,
"Fabricação de outras máquinas e equipamentos para uso na extração mineral, peças e acessórios, exceto na extração de petróleo",2852600,,C,28,,,nome_oficial,100,
Outras,2852600,,C,28,,,atividade,85,
Outras,2852600,,C,28,,,atividade,85,
Máquinas,2852600,,C,28,,,atividade,85,
Maquinas,2852600,,C,28,,,atividade,85,
Equipamentos,2852600,,C,28,,,atividade,85,
Equipamentos,2852600,,C,28,,,atividade,85,
Uso,2852600,,C,28,,,atividade,85,
Uso,2852600,,C,28,,,atividade,85,
Extração,2852600,,C,28,,,atividade,85,
Extracao,2852600,,C,28,,,atividade,85,
Mineral,2852600,,C,28,,,atividade,85,
Mineral,2852600,,C,28,,,atividade,85,
Peças,2852600,,C,28,,,atividade,85,
Pecas,2852600,,C,28,,,atividade,85,
Acessórios,2852600,,C,28,,,atividade,85,
Acessorios,2852600,,C,28,,,atividade,85,
"Fabricação de outras máquinas e equipamentos para uso na extração mineral, peças e acessórios, exceto na extração de petróleo",2852600,,C,28,,,palavra_chave,90,
"Fabricação de tratores, peças e acessórios, exceto agrícolas",2853400,,C,28,,,nome_oficial,100,
Tratores,2853400,,C,28,,,atividade,85,
Tratores,2853400,,C,28,,,atividade,85,
Peças,2853400,,C,28,,,atividade,85,
Pecas,2853400,,C,28,,,atividade,85,
Acessórios,2853400,,C,28,,,atividade,85,
Acessorios,2853400,,C,28,,,atividade,85,
Agrícolas,2853400,,C,28,,,atividade,85,
Agricolas,2853400,,C,28,,,atividade,85,
"Fabricação de tratores, peças e acessórios, exceto agrícolas",2853400,,C,28,,,palavra_chave,90,
"Fabricação de máquinas e equipamentos para terraplenagem, pavimentação e construção, peças e acessórios, exceto tratores",2854200,,C,28,,,nome_oficial,100,
Máquinas,2854200,,C,28,,,atividade,85,
Maquinas,2854200,,C,28,,,atividade,85,
Equipamentos,2854200,,C,28,,,atividade,85,
Equipamentos,2854200,,C,28,,,atividade,85,
Terraplenagem,2854200,,C,28,,,atividade,85,
Terraplenagem,2854200,,C,28,,,atividade,85,
Pavimentação,2854200,,C,28,,,atividade,85,
Pavimentacao,2854200,,C,28,,,atividade,85,
Construção,2854200,,C,28,,,atividade,85,
Construcao,2854200,,C,28,,,atividade,85,
Peças,2854200,,C,28,,,atividade,85,
Pecas,2854200,,C,28,,,atividade,85,
Acessórios,2854200,,C,28,,,atividade,85,
Acessorios,2854200,,C,28,,,atividade,85,
Tratores,2854200,,C,28,,,atividade,85,
Tratores,2854200,,C,28,,,atividade,85,
"Fabricação de máquinas e equipamentos para terraplenagem, pavimentação e construção, peças e acessórios, exceto tratores",2854200,,C,28,,,palavra_chave,90,
"Fabricação de máquinas e equipamentos de uso industrial específico não especificados anteriormente, peças e acessórios",2859300,,C,28,,,nome_oficial,100,
Máquinas,2859300,,C,28,,,atividade,85,
Maquinas,2859300,,C,28,,,atividade,85,
Equipamentos,2859300,,C,28,,,atividade,85,
Equipamentos,2859300,,C,28,,,atividade,85,
Uso,2859300,,C,28,,,atividade,85,
Uso,2859300,,C,28,,,atividade,85,
Industrial,2859300,,C,28,,,atividade,85,
Industrial,2859300,,C,28,,,atividade,85,
Específico,2859300,,C,28,,,atividade,85,
Especifico,2859300,,C,28,,,atividade,85,
Especificados,2859300,,C,28,,,atividade,85,
Especificados,2859300,,C,28,,,atividade,85,
Peças,2859300,,C,28,,,atividade,85,
Pecas,2859300,,C,28,,,atividade,85,
Acessórios,2859300,,C,28,,,atividade,85,
Acessorios,2859300,,C,28,,,atividade,85,
"Fabricação de máquinas e equipamentos de uso industrial específico não especificados anteriormente, peças e acessórios",2859300,,C,28,,,palavra_chave,90,
"Fabricação de automóveis, camionetas e utilitários",2910701,,C,29,,,nome_oficial,100,
Automóveis,2910701,,C,29,,,atividade,85,
Automoveis,2910701,,C,29,,,atividade,85,
Camionetas,2910701,,C,29,,,atividade,85,
Camionetas,2910701,,C,29,,,atividade,85,
Utilitários,2910701,,C,29,,,atividade,85,
Utilitarios,2910701,,C,29,,,atividade,85,
"Fabricação de automóveis, camionetas e utilitários",2910701,,C,29,,,palavra_chave,90,
"Fabricação de chassis com motor para automóveis, camionetas e utilitários",2910702,,C,29,,,nome_oficial,100,
Chassis,2910702,,C,29,,,atividade,85,
Chassis,2910702,,C,29,,,atividade,85,
Motor,2910702,,C,29,,,atividade,85,
Motor,2910702,,C,29,,,atividade,85,
Automóveis,2910702,,C,29,,,atividade,85,
Automoveis,2910702,,C,29,,,atividade,85,
Camionetas,2910702,,C,29,,,atividade,85,
Camionetas,2910702,,C,29,,,atividade,85,
Utilitários,2910702,,C,29,,,atividade,85,
Utilitarios,2910702,,C,29,,,atividade,85,
"Fabricação de chassis com motor para automóveis, camionetas e utilitários",2910702,,C,29,,,palavra_chave,90,
"Fabricação de motores para automóveis, camionetas e utilitários",2910703,,C,29,,,nome_oficial,100,
Motores,2910703,,C,29,,,atividade,85,
Motores,2910703,,C,29,,,atividade,85,
Automóveis,2910703,,C,29,,,atividade,85,
Automoveis,2910703,,C,29,,,atividade,85,
Camionetas,2910703,,C,29,,,atividade,85,
Camionetas,2910703,,C,29,,,atividade,85,
Utilitários,2910703,,C,29,,,atividade,85,
Utilitarios,2910703,,C,29,,,atividade,85,
"Fabricação de motores para automóveis, camionetas e utilitários",2910703,,C,29,,,palavra_chave,90,
Fabricação de caminhões e ônibus,2920401,,C,29,,,nome_oficial,100,
Caminhões,2920401,,C,29,,,atividade,85,
Caminhoes,2920401,,C,29,,,atividade,85,
Ônibus,2920401,,C,29,,,atividade,85,
Onibus,2920401,,C,29,,,atividade,85,
Fabricação de caminhões e ônibus,2920401,,C,29,,,palavra_chave,90,
Fabricação de motores para caminhões e ônibus,2920402,,C,29,,,nome_oficial,100,
Motores,2920402,,C,29,,,atividade,85,
Motores,2920402,,C,29,,,atividade,85,
Caminhões,2920402,,C,29,,,atividade,85,
Caminhoes,2920402,,C,29,,,atividade,85,
Ônibus,2920402,,C,29,,,atividade,85,
Onibus,2920402,,C,29,,,atividade,85,
Fabricação de motores para caminhões e ônibus,2920402,,C,29,,,palavra_chave,90,
Construção de embarcações de grande porte,3011301,,C,30,,,nome_oficial,100,
Construção,3011301,,C,30,,,atividade,85,
Construcao,3011301,,C,30,,,atividade,85,
Embarcações,3011301,,C,30,,,atividade,85,
Embarcacoes,3011301,,C,30,,,atividade,85,
Grande,3011301,,C,30,,,atividade,85,
Grande,3011301,,C,30,,,atividade,85,
Porte,3011301,,C,30,,,atividade,85,
Porte,3011301,,C,30,,,atividade,85,
Construção de embarcações de grande porte,3011301,,C,30,,,palavra_chave,90,
"Construção de embarcações para uso comercial e para usos especiais, exceto de grande porte",3011302,,C,30,,,nome_oficial,100,
Construção,3011302,,C,30,,,atividade,85,
Construcao,3011302,,C,30,,,atividade,85,
Embarcações,3011302,,C,30,,,atividade,85,
Embarcacoes,3011302,,C,30,,,atividade,85,
Uso,3011302,,C,30,,,atividade,85,
Uso,3011302,,C,30,,,atividade,85,
Comercial,3011302,,C,30,,,atividade,85,
Comercial,3011302,,C,30,,,atividade,85,
Usos,3011302,,C,30,,,atividade,85,
Usos,3011302,,C,30,,,atividade,85,
Especiais,3011302,,C,30,,,atividade,85,
Especiais,3011302,,C,30,,,atividade,85,
Grande,3011302,,C,30,,,atividade,85,
Grande,3011302,,C,30,,,atividade,85,
Porte,3011302,,C,30,,,atividade,85,
Porte,3011302,,C,30,,,atividade,85,
"Construção de embarcações para uso comercial e para usos especiais, exceto de grande porte",3011302,,C,30,,,palavra_chave,90,
Construção de embarcações para esporte e lazer,3012100,,C,30,,,nome_oficial,100,
Construção,3012100,,C,30,,,atividade,85,
Construcao,3012100,,C,30,,,atividade,85,
Embarcações,3012100,,C,30,,,atividade,85,
Embarcacoes,3012100,,C,30,,,atividade,85,
Esporte,3012100,,C,30,,,atividade,85,
Esporte,3012100,,C,30,,,atividade,85,
Lazer,3012100,,C,30,,,atividade,85,
Lazer,3012100,,C,30,,,atividade,85,
Construção de embarcações para esporte e lazer,3012100,,C,30,,,palavra_chave,90,
"Fabricação de locomotivas, vagões e outros materiais rodantes",3031800,,C,30,,,nome_oficial,100,
Locomotivas,3031800,,C,30,,,atividade,85,
Locomotivas,3031800,,C,30,,,atividade,85,
Vagões,3031800,,C,30,,,atividade,85,
Vagoes,3031800,,C,30,,,atividade,85,
Outros,3031800,,C,30,,,atividade,85,
Outros,3031800,,C,30,,,atividade,85,
Materiais,3031800,,C,30,,,atividade,85,
Materiais,3031800,,C,30,,,atividade,85,
Rodantes,3031800,,C,30,,,atividade,85,
Rodantes,3031800,,C,30,,,atividade,85,
"Fabricação de locomotivas, vagões e outros materiais rodantes",3031800,,C,30,,,palavra_chave,90,
Fabricação de aeronaves,3041500,,C,30,,,nome_oficial,100,
Aeronaves,3041500,,C,30,,,atividade,85,
Aeronaves,3041500,,C,30,,,atividade,85,
Fabricação de aeronaves,3041500,,C,30,,,palavra_chave,90,
"Fabricação de turbinas, motores e outros componentes e peças para aeronaves",3042300,,C,30,,,nome_oficial,100,
Turbinas,3042300,,C,30,,,atividade,85,
Turbinas,3042300,,C,30,,,atividade,85,
Motores,3042300,,C,30,,,atividade,85,
Motores,3042300,,C,30,,,atividade,85,
Outros,3042300,,C,30,,,atividade,85,
Outros,3042300,,C,30,,,atividade,85,
Componentes,3042300,,C,30,,,atividade,85,
Componentes,3042300,,C,30,,,atividade,85,
Peças,3042300,,C,30,,,atividade,85,
Pecas,3042300,,C,30,,,atividade,85,
Aeronaves,3042300,,C,30,,,atividade,85,
Aeronaves,3042300,,C,30,,,atividade,85,
"Fabricação de turbinas, motores e outros componentes e peças para aeronaves",3042300,,C,30,,,palavra_chave,90,
Fabricação de veículos militares de combate,3050400,,C,30,,,nome_oficial,100,
Veículos,3050400,,C,30,,,atividade,85,
Veiculos,3050400,,C,30,,,atividade,85,
Militares,3050400,,C,30,,,atividade,85,
Militares,3050400,,C,30,,,atividade,85,
Combate,3050400,,C,30,,,atividade,85,
Combate,3050400,,C,30,,,atividade,85,
Fabricação de veículos militares de combate,3050400,,C,30,,,palavra_chave,90,
"Fabricação de motocicletas, peças e acessórios",3091100,,C,30,,,nome_oficial,100,
Motocicletas,3091100,,C,30,,,atividade,85,
Motocicletas,3091100,,C,30,,,atividade,85,
Peças,3091100,,C,30,,,atividade,85,
Pecas,3091100,,C,30,,,atividade,85,
Acessórios,3091100,,C,30,,,atividade,85,
Acessorios,3091100,,C,30,,,atividade,85,
"Fabricação de motocicletas, peças e acessórios",3091100,,C,30,,,palavra_chave,90,
Fabricação de motocicletas,3091101,,C,30,,,nome_oficial,100,
Motocicletas,3091101,,C,30,,,atividade,85,
Motocicletas,3091101,,C,30,,,atividade,85,
Fabricação de motocicletas,3091101,,C,30,,,palavra_chave,90,
Fabricação de peças e acessórios para motocicletas,3091102,,C,30,,,nome_oficial,100,
Peças,3091102,,C,30,,,atividade,85,
Pecas,3091102,,C,30,,,atividade,85,
Acessórios,3091102,,C,30,,,atividade,85,
Acessorios,3091102,,C,30,,,atividade,85,
Motocicletas,3091102,,C,30,,,atividade,85,
Motocicletas,3091102,,C,30,,,atividade,85,
Fabricação de peças e acessórios para motocicletas,3091102,,C,30,,,palavra_chave,90,
"Fabricação de bicicletas e triciclos não-motorizados, peças e acessórios",3092000,,C,30,,,nome_oficial,100,
Bicicletas,3092000,,C,30,,,atividade,85,
Bicicletas,3092000,,C,30,,,atividade,85,
Triciclos,3092000,,C,30,,,atividade,85,
Triciclos,3092000,,C,30,,,atividade,85,
Motorizados,3092000,,C,30,,,atividade,85,
Motorizados,3092000,,C,30,,,atividade,85,
Peças,3092000,,C,30,,,atividade,85,
Pecas,3092000,,C,30,,,atividade,85,
Acessórios,3092000,,C,30,,,atividade,85,
Acessorios,3092000,,C,30,,,atividade,85,
"Fabricação de bicicletas e triciclos não-motorizados, peças e acessórios",3092000,,C,30,,,palavra_chave,90,
Fabricação de equipamentos de transporte não especificados anteriormente,3099700,,C,30,,,nome_oficial,100,
Equipamentos,3099700,,C,30,,,atividade,85,
Equipamentos,3099700,,C,30,,,atividade,85,
Transporte,3099700,,C,30,,,atividade,85,
Transporte,3099700,,C,30,,,atividade,85,
Especificados,3099700,,C,30,,,atividade,85,
Especificados,3099700,,C,30,,,atividade,85,
Fabricação de equipamentos de transporte não especificados anteriormente,3099700,,C,30,,,palavra_chave,90,
Fabricação de móveis com predominância de madeira,3101200,,C,31,,,nome_oficial,100,
Móveis,3101200,,C,31,,,atividade,85,
Moveis,3101200,,C,31,,,atividade,85,
Predominância,3101200,,C,31,,,atividade,85,
Predominancia,3101200,,C,31,,,atividade,85,
Madeira,3101200,,C,31,,,atividade,85,
Madeira,3101200,,C,31,,,atividade,85,
Fabricação de móveis com predominância de madeira,3101200,,C,31,,,palavra_chave,90,
Fabricação de móveis com predominância de metal,3102100,,C,31,,,nome_oficial,100,
Móveis,3102100,,C,31,,,atividade,85,
Moveis,3102100,,C,31,,,atividade,85,
Predominância,3102100,,C,31,,,atividade,85,
Predominancia,3102100,,C,31,,,atividade,85,
Metal,3102100,,C,31,,,atividade,85,
Metal,3102100,,C,31,,,atividade,85,
Fabricação de móveis com predominância de metal,3102100,,C,31,,,palavra_chave,90,
"Fabricação de móveis de outros materiais, exceto madeira e metal",3103900,,C,31,,,nome_oficial,100,
Móveis,3103900,,C,31,,,atividade,85,
Moveis,3103900,,C,31,,,atividade,85,
Outros,3103900,,C,31,,,atividade,85,
Outros,3103900,,C,31,,,atividade,85,
Materiais,3103900,,C,31,,,atividade,85,
Materiais,3103900,,C,31,,,atividade,85,
Madeira,3103900,,C,31,,,atividade,85,
Madeira,3103900,,C,31,,,atividade,85,
Metal,3103900,,C,31,,,atividade,85,
Metal,3103900,,C,31,,,atividade,85,
"Fabricação de móveis de outros materiais, exceto madeira e metal",3103900,,C,31,,,palavra_chave,90,
Fabricação de colchões,3104700,,C,31,,,nome_oficial,100,
Colchões,3104700,,C,31,,,atividade,85,
Colchoes,3104700,,C,31,,,atividade,85,
Fabricação de colchões,3104700,,C,31,,,palavra_chave,90,
Lapidação de gemas,3211601,,C,32,,,nome_oficial,100,
Lapidação,3211601,,C,32,,,atividade,85,
Lapidacao,3211601,,C,32,,,atividade,85,
Gemas,3211601,,C,32,,,atividade,85,
Gemas,3211601,,C,32,,,atividade,85,
Lapidação de gemas,3211601,,C,32,,,palavra_chave,90,
Fabricação de artefatos de joalheria e ourivesaria,3211602,,C,32,,,nome_oficial,100,
Artefatos,3211602,,C,32,,,atividade,85,
Artefatos,3211602,,C,32,,,atividade,85,
Joalheria,3211602,,C,32,,,atividade,85,
Joalheria,3211602,,C,32,,,atividade,85,
Ourivesaria,3211602,,C,32,,,atividade,85,
Ourivesaria,3211602,,C,32,,,atividade,85,
Fabricação de artefatos de joalheria e ourivesaria,3211602,,C,32,,,palavra_chave,90,
Cunhagem de moedas e medalhas,3211603,,C,32,,,nome_oficial,100,
Cunhagem,3211603,,C,32,,,atividade,85,
Cunhagem,3211603,,C,32,,,atividade,85,
Moedas,3211603,,C,32,,,atividade,85,
Moedas,3211603,,C,32,,,atividade,85,
Medalhas,3211603,,C,32,,,atividade,85,
Medalhas,3211603,,C,32,,,atividade,85,
Cunhagem de moedas e medalhas,3211603,,C,32,,,palavra_chave,90,
Fabricação de bijuterias e artefatos semelhantes,3212400,,C,32,,,nome_oficial,100,
Bijuterias,3212400,,C,32,,,atividade,85,
Bijuterias,3212400,,C,32,,,atividade,85,
Artefatos,3212400,,C,32,,,atividade,85,
Artefatos,3212400,,C,32,,,atividade,85,
Semelhantes,3212400,,C,32,,,atividade,85,
Semelhantes,3212400,,C,32,,,atividade,85,
Fabricação de bijuterias e artefatos semelhantes,3212400,,C,32,,,palavra_chave,90,
"Fabricação de instrumentos musicais, peças e acessórios",3220500,,C,32,,,nome_oficial,100,
Instrumentos,3220500,,C,32,,,atividade,85,
Instrumentos,3220500,,C,32,,,atividade,85,
Musicais,3220500,,C,32,,,atividade,85,
Musicais,3220500,,C,32,,,atividade,85,
Peças,3220500,,C,32,,,atividade,85,
Pecas,3220500,,C,32,,,atividade,85,
Acessórios,3220500,,C,32,,,atividade,85,
Acessorios,3220500,,C,32,,,atividade,85,
"Fabricação de instrumentos musicais, peças e acessórios",3220500,,C,32,,,palavra_chave,90,
Fabricação de artefatos para pesca e esporte,3230200,,C,32,,,nome_oficial,100,
Artefatos,3230200,,C,32,,,atividade,85,
Artefatos,3230200,,C,32,,,atividade,85,
Pesca,3230200,,C,32,,,atividade,85,
Pesca,3230200,,C,32,,,atividade,85,
Esporte,3230200,,C,32,,,atividade,85,
Esporte,3230200,,C,32,,,atividade,85,
Fabricação de artefatos para pesca e esporte,3230200,,C,32,,,palavra_chave,90,
Fabricação de jogos eletrônicos,3240001,,C,32,,,nome_oficial,100,
Jogos,3240001,,C,32,,,atividade,85,
Jogos,3240001,,C,32,,,atividade,85,
Eletrônicos,3240001,,C,32,,,atividade,85,
Eletronicos,3240001,,C,32,,,atividade,85,
Fabricação de jogos eletrônicos,3240001,,C,32,,,palavra_chave,90,
"Fabricação de mesas de bilhar, de sinuca e acessórios não associada à locação",3240002,,C,32,,,nome_oficial,100,
Mesas,3240002,,C,32,,,atividade,85,
Mesas,3240002,,C,32,,,atividade,85,
Bilhar,3240002,,C,32,,,atividade,85,
Bilhar,3240002,,C,32,,,atividade,85,
Sinuca,3240002,,C,32,,,atividade,85,
Sinuca,3240002,,C,32,,,atividade,85,
Acessórios,3240002,,C,32,,,atividade,85,
Acessorios,3240002,,C,32,,,atividade,85,
Associada,3240002,,C,32,,,atividade,85,
Associada,3240002,,C,32,,,atividade,85,
Locação,3240002,,C,32,,,atividade,85,
Locacao,3240002,,C,32,,,atividade,85,
"Fabricação de mesas de bilhar, de sinuca e acessórios não associada à locação",3240002,,C,32,,,palavra_chave,90,
"Fabricação de mesas de bilhar, de sinuca e acessórios associada à locação",3240003,,C,32,,,nome_oficial,100,
Mesas,3240003,,C,32,,,atividade,85,
Mesas,3240003,,C,32,,,atividade,85,
Bilhar,3240003,,C,32,,,atividade,85,
Bilhar,3240003,,C,32,,,atividade,85,
Sinuca,3240003,,C,32,,,atividade,85,
Sinuca,3240003,,C,32,,,atividade,85,
Acessórios,3240003,,C,32,,,atividade,85,
Acessorios,3240003,,C,32,,,atividade,85,
Associada,3240003,,C,32,,,atividade,85,
Associada,3240003,,C,32,,,atividade,85,
Locação,3240003,,C,32,,,atividade,85,
Locacao,3240003,,C,32,,,atividade,85,
"Fabricação de mesas de bilhar, de sinuca e acessórios associada à locação",3240003,,C,32,,,palavra_chave,90,
Fabricação de outros brinquedos e jogos recreativos não especificados anteriormente,3240099,,C,32,,,nome_oficial,100,
Outros,3240099,,C,32,,,atividade,85,
Outros,3240099,,C,32,,,atividade,85,
Brinquedos,3240099,,C,32,,,atividade,85,
Brinquedos,3240099,,C,32,,,atividade,85,
Jogos,3240099,,C,32,,,atividade,85,
Jogos,3240099,,C,32,,,atividade,85,
Recreativos,3240099,,C,32,,,atividade,85,
Recreativos,3240099,,C,32,,,atividade,85,
Especificados,3240099,,C,32,,,atividade,85,
Especificados,3240099,,C,32,,,atividade,85,
Fabricação de outros brinquedos e jogos recreativos não especificados anteriormente,3240099,,C,32,,,palavra_chave,90,
"Fabricação de instrumentos não-eletrônicos e utensílios para uso médico, cirúrgico, odontológico e de laboratório",3250701,,C,32,,,nome_oficial,100,
Instrumentos,3250701,,C,32,,,atividade,85,
Instrumentos,3250701,,C,32,,,atividade,85,
Eletrônicos,3250701,,C,32,,,atividade,85,
Eletronicos,3250701,,C,32,,,atividade,85,
Utensílios,3250701,,C,32,,,atividade,85,
Utensilios,3250701,,C,32,,,atividade,85,
Uso,3250701,,C,32,,,atividade,85,
Uso,3250701,,C,32,,,atividade,85,
Médico,3250701,,C,32,,,atividade,85,
Medico,3250701,,C,32,,,atividade,85,
Cirúrgico,3250701,,C,32,,,atividade,85,
Cirurgico,3250701,,C,32,,,atividade,85,
Odontológico,3250701,,C,32,,,atividade,85,
Odontologico,3250701,,C,32,,,atividade,85,
Laboratório,3250701,,C,32,,,atividade,85,
Laboratorio,3250701,,C,32,,,atividade,85,
"Fabricação de instrumentos não-eletrônicos e utensílios para uso médico, cirúrgico, odontológico e de laboratório",3250701,,C,32,,,palavra_chave,90,
"Fabricação de mobiliário para uso médico, cirúrgico, odontológico e de laboratório",3250702,,C,32,,,nome_oficial,100,
Mobiliário,3250702,,C,32,,,atividade,85,
Mobiliario,3250702,,C,32,,,atividade,85,
Uso,3250702,,C,32,,,atividade,85,
Uso,3250702,,C,32,,,atividade,85,
Médico,3250702,,C,32,,,atividade,85,
Medico,3250702,,C,32,,,atividade,85,
Cirúrgico,3250702,,C,32,,,atividade,85,
Cirurgico,3250702,,C,32,,,atividade,85,
Odontológico,3250702,,C,32,,,atividade,85,
Odontologico,3250702,,C,32,,,atividade,85,
Laboratório,3250702,,C,32,,,atividade,85,
Laboratorio,3250702,,C,32,,,atividade,85,
"Fabricação de mobiliário para uso médico, cirúrgico, odontológico e de laboratório",3250702,,C,32,,,palavra_chave,90,
Fabricação de aparelhos e utensílios para correção de defeitos físicos e aparelhos ortopédicos em geral sob encomenda,3250703,,C,32,,,nome_oficial,100,
Aparelhos,3250703,,C,32,,,atividade,85,
Aparelhos,3250703,,C,32,,,atividade,85,
Utensílios,3250703,,C,32,,,atividade,85,
Utensilios,3250703,,C,32,,,atividade,85,
Correção,3250703,,C,32,,,atividade,85,
Correcao,3250703,,C,32,,,atividade,85,
Defeitos,3250703,,C,32,,,atividade,85,
Defeitos,3250703,,C,32,,,atividade,85,
Físicos,3250703,,C,32,,,atividade,85,
Fisicos,3250703,,C,32,,,atividade,85,
Ortopédicos,3250703,,C,32,,,atividade,85,
Ortopedicos,3250703,,C,32,,,atividade,85,
Geral,3250703,,C,32,,,atividade,85,
Geral,3250703,,C,32,,,atividade,85,
Fabricação de aparelhos e utensílios para correção de defeitos físicos e aparelhos ortopédicos em geral sob encomenda,3250703,,C,32,,,palavra_chave,90,
"Manutenção e reparação de tanques, reservatórios metálicos e caldeiras, exceto para veículos",3311200,,C,33,,,nome_oficial,100,
Manutenção,3311200,,C,33,,,atividade,85,
Manutencao,3311200,,C,33,,,atividade,85,
Reparação,3311200,,C,33,,,atividade,85,
Reparacao,3311200,,C,33,,,atividade,85,
Tanques,3311200,,C,33,,,atividade,85,
Tanques,3311200,,C,33,,,atividade,85,
Reservatórios,3311200,,C,33,,,atividade,85,
Reservatorios,3311200,,C,33,,,atividade,85,
Metálicos,3311200,,C,33,,,atividade,85,
Metalicos,3311200,,C,33,,,atividade,85,
Caldeiras,3311200,,C,33,,,atividade,85,
Caldeiras,3311200,,C,33,,,atividade,85,
Veículos,3311200,,C,33,,,atividade,85,
Veiculos,3311200,,C,33,,,atividade,85,
"Manutenção e reparação de tanques, reservatórios metálicos e caldeiras, exceto para veículos",3311200,,C,33,,,palavra_chave,90,
"Manutenção e reparação de aparelhos e instrumentos de medida, teste e controle",3312102,,C,33,,,nome_oficial,100,
Manutenção,3312102,,C,33,,,atividade,85,
Manutencao,3312102,,C,33,,,atividade,85,
Reparação,3312102,,C,33,,,atividade,85,
Reparacao,3312102,,C,33,,,atividade,85,
Aparelhos,3312102,,C,33,,,atividade,85,
Aparelhos,3312102,,C,33,,,atividade,85,
Instrumentos,3312102,,C,33,,,atividade,85,
Instrumentos,3312102,,C,33,,,atividade,85,
Medida,3312102,,C,33,,,atividade,85,
Medida,3312102,,C,33,,,atividade,85,
Teste,3312102,,C,33,,,atividade,85,
Teste,3312102,,C,33,,,atividade,85,
Controle,3312102,,C,33,,,atividade,85,
Controle,3312102,,C,33,,,atividade,85,
"Manutenção e reparação de aparelhos e instrumentos de medida, teste e controle",3312102,,C,33,,,palavra_chave,90,
Manutenção e reparação de aparelhos eletromédicos e eletroterapêuticos e equipamentos de irradiação,3312103,,C,33,,,nome_oficial,100,
Manutenção,3312103,,C,33,,,atividade,85,
Manutencao,3312103,,C,33,,,atividade,85,
Reparação,3312103,,C,33,,,atividade,85,
Reparacao,3312103,,C,33,,,atividade,85,
Aparelhos,3312103,,C,33,,,atividade,85,
Aparelhos,3312103,,C,33,,,atividade,85,
Eletromédicos,3312103,,C,33,,,atividade,85,
Eletromedicos,3312103,,C,33,,,atividade,85,
Eletroterapêuticos,3312103,,C,33,,,atividade,85,
Eletroterapeuticos,3312103,,C,33,,,atividade,85,
Equipamentos,3312103,,C,33,,,atividade,85,
Equipamentos,3312103,,C,33,,,atividade,85,
Irradiação,3312103,,C,33,,,atividade,85,
Irradiacao,3312103,,C,33,,,atividade,85,
Manutenção e reparação de aparelhos eletromédicos e eletroterapêuticos e equipamentos de irradiação,3312103,,C,33,,,palavra_chave,90,
"Manutenção e reparação de geradores, transformadores e motores elétricos",3313901,,C,33,,,nome_oficial,100,
Manutenção,3313901,,C,33,,,atividade,85,
Manutencao,3313901,,C,33,,,atividade,85,
Reparação,3313901,,C,33,,,atividade,85,
Reparacao,3313901,,C,33,,,atividade,85,
Geradores,3313901,,C,33,,,atividade,85,
Geradores,3313901,,C,33,,,atividade,85,
Transformadores,3313901,,C,33,,,atividade,85,
Transformadores,3313901,,C,33,,,atividade,85,
Motores,3313901,,C,33,,,atividade,85,
Motores,3313901,,C,33,,,atividade,85,
Elétricos,3313901,,C,33,,,atividade,85,
Eletricos,3313901,,C,33,,,atividade,85,
"Manutenção e reparação de geradores, transformadores e motores elétricos",3313901,,C,33,,,palavra_chave,90,
Manutenção e reparação de máquinas motrizes não-elétricas,3314701,,C,33,,,nome_oficial,100,
Manutenção,3314701,,C,33,,,atividade,85,
Manutencao,3314701,,C,33,,,atividade,85,
Reparação,3314701,,C,33,,,atividade,85,
Reparacao,3314701,,C,33,,,atividade,85,
Máquinas,3314701,,C,33,,,atividade,85,
Maquinas,3314701,,C,33,,,atividade,85,
Motrizes,3314701,,C,33,,,atividade,85,
Motrizes,3314701,,C,33,,,atividade,85,
Elétricas,3314701,,C,33,,,atividade,85,
Eletricas,3314701,,C,33,,,atividade,85,
Manutenção e reparação de máquinas motrizes não-elétricas,3314701,,C,33,,,palavra_chave,90,
Geração de energia elétrica,3511500,,D,35,,,nome_oficial,100,
Geração,3511500,,D,35,,,atividade,85,
Geracao,3511500,,D,35,,,atividade,85,
Energia,3511500,,D,35,,,atividade,85,
Energia,3511500,,D,35,,,atividade,85,
Elétrica,3511500,,D,35,,,atividade,85,
Eletrica,3511500,,D,35,,,atividade,85,
Geração de energia elétrica,3511500,,D,35,,,palavra_chave,90,
Geração de energia elétrica,3511501,,D,35,,,nome_oficial,100,
Geração,3511501,,D,35,,,atividade,85,
Geracao,3511501,,D,35,,,atividade,85,
Energia,3511501,,D,35,,,atividade,85,
Energia,3511501,,D,35,,,atividade,85,
Elétrica,3511501,,D,35,,,atividade,85,
Eletrica,3511501,,D,35,,,atividade,85,
Geração de energia elétrica,3511501,,D,35,,,palavra_chave,90,
Transmissão de energia elétrica,3512300,,D,35,,,nome_oficial,100,
Transmissão,3512300,,D,35,,,atividade,85,
Transmissao,3512300,,D,35,,,atividade,85,
Energia,3512300,,D,35,,,atividade,85,
Energia,3512300,,D,35,,,atividade,85,
Elétrica,3512300,,D,35,,,atividade,85,
Eletrica,3512300,,D,35,,,atividade,85,
Transmissão de energia elétrica,3512300,,D,35,,,palavra_chave,90,
Comércio atacadista de energia elétrica,3513100,,D,35,,,nome_oficial,100,
Comércio,3513100,,D,35,,,atividade,85,
Comercio,3513100,,D,35,,,atividade,85,
Atacadista,3513100,,D,35,,,atividade,85,
Atacadista,3513100,,D,35,,,atividade,85,
Energia,3513100,,D,35,,,atividade,85,
Energia,3513100,,D,35,,,atividade,85,
Elétrica,3513100,,D,35,,,atividade,85,
Eletrica,3513100,,D,35,,,atividade,85,
Comércio atacadista de energia elétrica,3513100,,D,35,,,palavra_chave,90,
Distribuição de energia elétrica,3514000,,D,35,,,nome_oficial,100,
Distribuição,3514000,,D,35,,,atividade,85,
Distribuicao,3514000,,D,35,,,atividade,85,
Energia,3514000,,D,35,,,atividade,85,
Energia,3514000,,D,35,,,atividade,85,
Elétrica,3514000,,D,35,,,atividade,85,
Eletrica,3514000,,D,35,,,atividade,85,
Distribuição de energia elétrica,3514000,,D,35,,,palavra_chave,90,
Produção de gás; processamento de gás natural,3520401,,D,35,,,nome_oficial,100,
Gás,3520401,,D,35,,,atividade,85,
Gas,3520401,,D,35,,,atividade,85,
Processamento,3520401,,D,35,,,atividade,85,
Processamento,3520401,,D,35,,,atividade,85,
Natural,3520401,,D,35,,,atividade,85,
Natural,3520401,,D,35,,,atividade,85,
Produção de gás; processamento de gás natural,3520401,,D,35,,,palavra_chave,90,
Distribuição de combustíveis gasosos por redes urbanas,3520402,,D,35,,,nome_oficial,100,
Distribuição,3520402,,D,35,,,atividade,85,
Distribuicao,3520402,,D,35,,,atividade,85,
Combustíveis,3520402,,D,35,,,atividade,85,
Combustiveis,3520402,,D,35,,,atividade,85,
Gasosos,3520402,,D,35,,,atividade,85,
Gasosos,3520402,,D,35,,,atividade,85,
Redes,3520402,,D,35,,,atividade,85,
Redes,3520402,,D,35,,,atividade,85,
Urbanas,3520402,,D,35,,,atividade,85,
Urbanas,3520402,,D,35,,,atividade,85,
Distribuição de combustíveis gasosos por redes urbanas,3520402,,D,35,,,palavra_chave,90,
"Produção e distribuição de vapor, água quente e ar condicionado",3530100,,D,35,,,nome_oficial,100,
Distribuição,3530100,,D,35,,,atividade,85,
Distribuicao,3530100,,D,35,,,atividade,85,
Vapor,3530100,,D,35,,,atividade,85,
Vapor,3530100,,D,35,,,atividade,85,
Água,3530100,,D,35,,,atividade,85,
Agua,3530100,,D,35,,,atividade,85,
Quente,3530100,,D,35,,,atividade,85,
Quente,3530100,,D,35,,,atividade,85,
Condicionado,3530100,,D,35,,,atividade,85,
Condicionado,3530100,,D,35,,,atividade,85,
"Produção e distribuição de vapor, água quente e ar condicionado",3530100,,D,35,,,palavra_chave,90,
"Captação, tratamento e distribuição de água",3600601,,E,36,,,nome_oficial,100,
Captação,3600601,,E,36,,,atividade,85,
Captacao,3600601,,E,36,,,atividade,85,
Tratamento,3600601,,E,36,,,atividade,85,
Tratamento,3600601,,E,36,,,atividade,85,
Distribuição,3600601,,E,36,,,atividade,85,
Distribuicao,3600601,,E,36,,,atividade,85,
Água,3600601,,E,36,,,atividade,85,
Agua,3600601,,E,36,,,atividade,85,
"Captação, tratamento e distribuição de água",3600601,,E,36,,,palavra_chave,90,
Gestão de redes de esgoto,3701100,,E,37,,,nome_oficial,100,
Gestão,3701100,,E,37,,,atividade,85,
Gestao,3701100,,E,37,,,atividade,85,
Redes,3701100,,E,37,,,atividade,85,
Redes,3701100,,E,37,,,atividade,85,
Esgoto,3701100,,E,37,,,atividade,85,
Esgoto,3701100,,E,37,,,atividade,85,
Gestão de redes de esgoto,3701100,,E,37,,,palavra_chave,90,
Coleta de resíduos não-perigosos,3811400,,E,38,,,nome_oficial,100,
Coleta,3811400,,E,38,,,atividade,85,
Coleta,3811400,,E,38,,,atividade,85,
Resíduos,3811400,,E,38,,,atividade,85,
Residuos,3811400,,E,38,,,atividade,85,
Perigosos,3811400,,E,38,,,atividade,85,
Perigosos,3811400,,E,38,,,atividade,85,
Coleta de resíduos não-perigosos,3811400,,E,38,,,palavra_chave,90,
Coleta de resíduos perigosos,3812200,,E,38,,,nome_oficial,100,
Coleta,3812200,,E,38,,,atividade,85,
Coleta,3812200,,E,38,,,atividade,85,
Resíduos,3812200,,E,38,,,atividade,85,
Residuos,3812200,,E,38,,,atividade,85,
Perigosos,3812200,,E,38,,,atividade,85,
Perigosos,3812200,,E,38,,,atividade,85,
Coleta de resíduos perigosos,3812200,,E,38,,,palavra_chave,90,
Tratamento e disposição de resíduos não-perigosos,3821100,,E,38,,,nome_oficial,100,
Tratamento,3821100,,E,38,,,atividade,85,
Tratamento,3821100,,E,38,,,atividade,85,
Disposição,3821100,,E,38,,,atividade,85,
Disposicao,3821100,,E,38,,,atividade,85,
Resíduos,3821100,,E,38,,,atividade,85,
Residuos,3821100,,E,38,,,atividade,85,
Perigosos,3821100,,E,38,,,atividade,85,
Perigosos,3821100,,E,38,,,atividade,85,
Tratamento e disposição de resíduos não-perigosos,3821100,,E,38,,,palavra_chave,90,
Tratamento e disposição de resíduos perigosos,3822000,,E,38,,,nome_oficial,100,
Tratamento,3822000,,E,38,,,atividade,85,
Tratamento,3822000,,E,38,,,atividade,85,
Disposição,3822000,,E,38,,,atividade,85,
Disposicao,3822000,,E,38,,,atividade,85,
Resíduos,3822000,,E,38,,,atividade,85,
Residuos,3822000,,E,38,,,atividade,85,
Perigosos,3822000,,E,38,,,atividade,85,
Perigosos,3822000,,E,38,,,atividade,85,
Tratamento e disposição de resíduos perigosos,3822000,,E,38,,,palavra_chave,90,
Recuperação de sucata de alumínio,3831901,,E,38,,,nome_oficial,100,
Recuperação,3831901,,E,38,,,atividade,85,
Recuperacao,3831901,,E,38,,,atividade,85,
Sucata,3831901,,E,38,,,atividade,85,
Sucata,3831901,,E,38,,,atividade,85,
Alumínio,3831901,,E,38,,,atividade,85,
Aluminio,3831901,,E,38,,,atividade,85,
Recuperação de sucata de alumínio,3831901,,E,38,,,palavra_chave,90,
"Recuperação de materiais metálicos, exceto alumínio",3831999,,E,38,,,nome_oficial,100,
Recuperação,3831999,,E,38,,,atividade,85,
Recuperacao,3831999,,E,38,,,atividade,85,
Materiais,3831999,,E,38,,,atividade,85,
Materiais,3831999,,E,38,,,atividade,85,
Metálicos,3831999,,E,38,,,atividade,85,
Metalicos,3831999,,E,38,,,atividade,85,
Alumínio,3831999,,E,38,,,atividade,85,
Aluminio,3831999,,E,38,,,atividade,85,
"Recuperação de materiais metálicos, exceto alumínio",3831999,,E,38,,,palavra_chave,90,
Recuperação de materiais plásticos,3832700,,E,38,,,nome_oficial,100,
Recuperação,3832700,,E,38,,,atividade,85,
Recuperacao,3832700,,E,38,,,atividade,85,
Materiais,3832700,,E,38,,,atividade,85,
Materiais,3832700,,E,38,,,atividade,85,
Plásticos,3832700,,E,38,,,atividade,85,
Plasticos,3832700,,E,38,,,atividade,85,
Recuperação de materiais plásticos,3832700,,E,38,,,palavra_chave,90,
Usinas de compostagem,3839401,,E,38,,,nome_oficial,100,
Usinas,3839401,,E,38,,,atividade,85,
Usinas,3839401,,E,38,,,atividade,85,
Compostagem,3839401,,E,38,,,atividade,85,
Compostagem,3839401,,E,38,,,atividade,85,
Usinas de compostagem,3839401,,E,38,,,palavra_chave,90,
Recuperação de materiais não especificados anteriormente,3839499,,E,38,,,nome_oficial,100,
Recuperação,3839499,,E,38,,,atividade,85,
Recuperacao,3839499,,E,38,,,atividade,85,
Materiais,3839499,,E,38,,,atividade,85,
Materiais,3839499,,E,38,,,atividade,85,
Especificados,3839499,,E,38,,,atividade,85,
Especificados,3839499,,E,38,,,atividade,85,
Recuperação de materiais não especificados anteriormente,3839499,,E,38,,,palavra_chave,90,
Descontaminação e outros serviços de gestão de resíduos,3900500,,E,39,,,nome_oficial,100,
Descontaminação,3900500,,E,39,,,atividade,85,
Descontaminacao,3900500,,E,39,,,atividade,85,
Outros,3900500,,E,39,,,atividade,85,
Outros,3900500,,E,39,,,atividade,85,
Gestão,3900500,,E,39,,,atividade,85,
Gestao,3900500,,E,39,,,atividade,85,
Resíduos,3900500,,E,39,,,atividade,85,
Residuos,3900500,,E,39,,,atividade,85,
Descontaminação e outros serviços de gestão de resíduos,3900500,,E,39,,,palavra_chave,90,
Incorporação de empreendimentos imobiliários,4110700,,F,41,,,nome_oficial,100,
Incorporação,4110700,,F,41,,,atividade,85,
Incorporacao,4110700,,F,41,,,atividade,85,
Empreendimentos,4110700,,F,41,,,atividade,85,
Empreendimentos,4110700,,F,41,,,atividade,85,
Imobiliários,4110700,,F,41,,,atividade,85,
Imobiliarios,4110700,,F,41,,,atividade,85,
Incorporação de empreendimentos imobiliários,4110700,,F,41,,,palavra_chave,90,
Construção de edifícios,4120400,,F,41,,,nome_oficial,100,
Construção,4120400,,F,41,,,atividade,85,
Construcao,4120400,,F,41,,,atividade,85,
Edifícios,4120400,,F,41,,,atividade,85,
Edificios,4120400,,F,41,,,atividade,85,
Construção de edifícios,4120400,,F,41,,,palavra_chave,90,
Construção de rodovias e ferrovias,4211101,,F,42,,,nome_oficial,100,
Construção,4211101,,F,42,,,atividade,85,
Construcao,4211101,,F,42,,,atividade,85,
Rodovias,4211101,,F,42,,,atividade,85,
Rodovias,4211101,,F,42,,,atividade,85,
Ferrovias,4211101,,F,42,,,atividade,85,
Ferrovias,4211101,,F,42,,,atividade,85,
Construção de rodovias e ferrovias,4211101,,F,42,,,palavra_chave,90,
Pintura para sinalização em pistas rodoviárias e aeroportos,4211102,,F,42,,,nome_oficial,100,
Pintura,4211102,,F,42,,,atividade,85,
Pintura,4211102,,F,42,,,atividade,85,
Sinalização,4211102,,F,42,,,atividade,85,
Sinalizacao,4211102,,F,42,,,atividade,85,
Pistas,4211102,,F,42,,,atividade,85,
Pistas,4211102,,F,42,,,atividade,85,
Rodoviárias,4211102,,F,42,,,atividade,85,
Rodoviarias,4211102,,F,42,,,atividade,85,
Aeroportos,4211102,,F,42,,,atividade,85,
Aeroportos,4211102,,F,42,,,atividade,85,
Pintura para sinalização em pistas rodoviárias e aeroportos,4211102,,F,42,,,palavra_chave,90,
Construção de obras de arte especiais,4212000,,F,42,,,nome_oficial,100,
Construção,4212000,,F,42,,,atividade,85,
Construcao,4212000,,F,42,,,atividade,85,
Obras,4212000,,F,42,,,atividade,85,
Obras,4212000,,F,42,,,atividade,85,
Arte,4212000,,F,42,,,atividade,85,
Arte,4212000,,F,42,,,atividade,85,
Especiais,4212000,,F,42,,,atividade,85,
Especiais,4212000,,F,42,,,atividade,85,
Construção de obras de arte especiais,4212000,,F,42,,,palavra_chave,90,
"Obras de urbanização - ruas, praças e calçadas",4213800,,F,42,,,nome_oficial,100,
Obras,4213800,,F,42,,,atividade,85,
Obras,4213800,,F,42,,,atividade,85,
Urbanização,4213800,,F,42,,,atividade,85,
Urbanizacao,4213800,,F,42,,,atividade,85,
Ruas,4213800,,F,42,,,atividade,85,
Ruas,4213800,,F,42,,,atividade,85,
Praças,4213800,,F,42,,,atividade,85,
Pracas,4213800,,F,42,,,atividade,85,
Calçadas,4213800,,F,42,,,atividade,85,
Calcadas,4213800,,F,42,,,atividade,85,
"Obras de urbanização - ruas, praças e calçadas",4213800,,F,42,,,palavra_chave,90,
Construção de barragens e represas para geração de energia elétrica,4221901,,F,42,,,nome_oficial,100,
Construção,4221901,,F,42,,,atividade,85,
Construcao,4221901,,F,42,,,atividade,85,
Barragens,4221901,,F,42,,,atividade,85,
Barragens,4221901,,F,42,,,atividade,85,
Represas,4221901,,F,42,,,atividade,85,
Represas,4221901,,F,42,,,atividade,85,
Geração,4221901,,F,42,,,atividade,85,
Geracao,4221901,,F,42,,,atividade,85,
Energia,4221901,,F,42,,,atividade,85,
Energia,4221901,,F,42,,,atividade,85,
Elétrica,4221901,,F,42,,,atividade,85,
Eletrica,4221901,,F,42,,,atividade,85,
Construção de barragens e represas para geração de energia elétrica,4221901,,F,42,,,palavra_chave,90,
Demolição de edifícios e outras estruturas,4311801,,F,43,,,nome_oficial,100,
Demolição,4311801,,F,43,,,atividade,85,
Demolicao,4311801,,F,43,,,atividade,85,
Edifícios,4311801,,F,43,,,atividade,85,
Edificios,4311801,,F,43,,,atividade,85,
Outras,4311801,,F,43,,,atividade,85,
Outras,4311801,,F,43,,,atividade,85,
Estruturas,4311801,,F,43,,,atividade,85,
Estruturas,4311801,,F,43,,,atividade,85,
Demolição de edifícios e outras estruturas,4311801,,F,43,,,palavra_chave,90,
Preparação de canteiro e limpeza de terreno,4311802,,F,43,,,nome_oficial,100,
Preparação,4311802,,F,43,,,atividade,85,
Preparacao,4311802,,F,43,,,atividade,85,
Canteiro,4311802,,F,43,,,atividade,85,
Canteiro,4311802,,F,43,,,atividade,85,
Limpeza,4311802,,F,43,,,atividade,85,
Limpeza,4311802,,F,43,,,atividade,85,
Terreno,4311802,,F,43,,,atividade,85,
Terreno,4311802,,F,43,,,atividade,85,
Preparação de canteiro e limpeza de terreno,4311802,,F,43,,,palavra_chave,90,
Perfurações e sondagens,4312600,,F,43,,,nome_oficial,100,
Perfurações,4312600,,F,43,,,atividade,85,
Perfuracoes,4312600,,F,43,,,atividade,85,
Sondagens,4312600,,F,43,,,atividade,85,
Sondagens,4312600,,F,43,,,atividade,85,
Perfurações e sondagens,4312600,,F,43,,,palavra_chave,90,
Obras de terraplenagem,4313400,,F,43,,,nome_oficial,100,
Obras,4313400,,F,43,,,atividade,85,
Obras,4313400,,F,43,,,atividade,85,
Terraplenagem,4313400,,F,43,,,atividade,85,
Terraplenagem,4313400,,F,43,,,atividade,85,
Obras de terraplenagem,4313400,,F,43,,,palavra_chave,90,
Serviços de preparação do terreno não especificados anteriormente,4319300,,F,43,,,nome_oficial,100,
Preparação,4319300,,F,43,,,atividade,85,
Preparacao,4319300,,F,43,,,atividade,85,
Terreno,4319300,,F,43,,,atividade,85,
Terreno,4319300,,F,43,,,atividade,85,
Especificados,4319300,,F,43,,,atividade,85,
Especificados,4319300,,F,43,,,atividade,85,
Serviços de preparação do terreno não especificados anteriormente,4319300,,F,43,,,palavra_chave,90,
Instalação e manutenção elétrica,4321500,,F,43,,,nome_oficial,100,
Instalação,4321500,,F,43,,,atividade,85,
Instalacao,4321500,,F,43,,,atividade,85,
Manutenção,4321500,,F,43,,,atividade,85,
Manutencao,4321500,,F,43,,,atividade,85,
Elétrica,4321500,,F,43,,,atividade,85,
Eletrica,4321500,,F,43,,,atividade,85,
Instalação e manutenção elétrica,4321500,,F,43,,,palavra_chave,90,
"Instalações hidráulicas, sanitárias e de gás",4322301,,F,43,,,nome_oficial,100,
Instalações,4322301,,F,43,,,atividade,85,
Instalacoes,4322301,,F,43,,,atividade,85,
Hidráulicas,4322301,,F,43,,,atividade,85,
Hidraulicas,4322301,,F,43,,,atividade,85,
Sanitárias,4322301,,F,43,,,atividade,85,
Sanitarias,4322301,,F,43,,,atividade,85,
Gás,4322301,,F,43,,,atividade,85,
Gas,4322301,,F,43,,,atividade,85,
"Instalações hidráulicas, sanitárias e de gás",4322301,,F,43,,,palavra_chave,90,
"Instalação e manutenção de sistemas centrais de ar condicionado, de ventilação e refrigeração",4322302,,F,43,,,nome_oficial,100,
Instalação,4322302,,F,43,,,atividade,85,
Instalacao,4322302,,F,43,,,atividade,85,
Manutenção,4322302,,F,43,,,atividade,85,
Manutencao,4322302,,F,43,,,atividade,85,
Sistemas,4322302,,F,43,,,atividade,85,
Sistemas,4322302,,F,43,,,atividade,85,
Centrais,4322302,,F,43,,,atividade,85,
Centrais,4322302,,F,43,,,atividade,85,
Condicionado,4322302,,F,43,,,atividade,85,
Condicionado,4322302,,F,43,,,atividade,85,
Ventilação,4322302,,F,43,,,atividade,85,
Ventilacao,4322302,,F,43,,,atividade,85,
Refrigeração,4322302,,F,43,,,atividade,85,
Refrigeracao,4322302,,F,43,,,atividade,85,
"Instalação e manutenção de sistemas centrais de ar condicionado, de ventilação e refrigeração",4322302,,F,43,,,palavra_chave,90,
Instalações de sistema de prevenção contra incêndio,4322303,,F,43,,,nome_oficial,100,
Instalações,4322303,,F,43,,,atividade,85,
Instalacoes,4322303,,F,43,,,atividade,85,
Sistema,4322303,,F,43,,,atividade,85,
Sistema,4322303,,F,43,,,atividade,85,
Prevenção,4322303,,F,43,,,atividade,85,
Prevencao,4322303,,F,43,,,atividade,85,
Contra,4322303,,F,43,,,atividade,85,
Contra,4322303,,F,43,,,atividade,85,
Incêndio,4322303,,F,43,,,atividade,85,
Incendio,4322303,,F,43,,,atividade,85,
Instalações de sistema de prevenção contra incêndio,4322303,,F,43,,,palavra_chave,90,
Instalação de painéis publicitários,4329101,,F,43,,,nome_oficial,100,
Instalação,4329101,,F,43,,,atividade,85,
Instalacao,4329101,,F,43,,,atividade,85,
Painéis,4329101,,F,43,,,atividade,85,
Paineis,4329101,,F,43,,,atividade,85,
Publicitários,4329101,,F,43,,,atividade,85,
Publicitarios,4329101,,F,43,,,atividade,85,
Instalação de painéis publicitários,4329101,,F,43,,,palavra_chave,90,
Instalação de equipamentos para orientação à navegação marítima fluvial e lacustre,4329102,,F,43,,,nome_oficial,100,
Instalação,4329102,,F,43,,,atividade,85,
Instalacao,4329102,,F,43,,,atividade,85,
Equipamentos,4329102,,F,43,,,atividade,85,
Equipamentos,4329102,,F,43,,,atividade,85,
Orientação,4329102,,F,43,,,atividade,85,
Orientacao,4329102,,F,43,,,atividade,85,
Navegação,4329102,,F,43,,,atividade,85,
Navegacao,4329102,,F,43,,,atividade,85,
Marítima,4329102,,F,43,,,atividade,85,
Maritima,4329102,,F,43,,,atividade,85,
Fluvial,4329102,,F,43,,,atividade,85,
Fluvial,4329102,,F,43,,,atividade,85,
Lacustre,4329102,,F,43,,,atividade,85,
Lacustre,4329102,,F,43,,,atividade,85,
Instalação de equipamentos para orientação à navegação marítima fluvial e lacustre,4329102,,F,43,,,palavra_chave,90,
"Instalação, manutenção e reparação de elevadores, escadas e esteiras rolantes",4329103,,F,43,,,nome_oficial,100,
Instalação,4329103,,F,43,,,atividade,85,
Instalacao,4329103,,F,43,,,atividade,85,
Manutenção,4329103,,F,43,,,atividade,85,
Manutencao,4329103,,F,43,,,atividade,85,
Reparação,4329103,,F,43,,,atividade,85,
Reparacao,4329103,,F,43,,,atividade,85,
Elevadores,4329103,,F,43,,,atividade,85,
Elevadores,4329103,,F,43,,,atividade,85,
Escadas,4329103,,F,43,,,atividade,85,
Escadas,4329103,,F,43,,,atividade,85,
Esteiras,4329103,,F,43,,,atividade,85,
Esteiras,4329103,,F,43,,,atividade,85,
Rolantes,4329103,,F,43,,,atividade,85,
Rolantes,4329103,,F,43,,,atividade,85,
"Instalação, manutenção e reparação de elevadores, escadas e esteiras rolantes",4329103,,F,43,,,palavra_chave,90,
"Montagem e instalação de sistemas e equipamentos de iluminação e sinalização em vias públicas, portos e aeroportos",4329104,,F,43,,,nome_oficial,100,
Montagem,4329104,,F,43,,,atividade,85,
Montagem,4329104,,F,43,,,atividade,85,
Instalação,4329104,,F,43,,,atividade,85,
Instalacao,4329104,,F,43,,,atividade,85,
Sistemas,4329104,,F,43,,,atividade,85,
Sistemas,4329104,,F,43,,,atividade,85,
Equipamentos,4329104,,F,43,,,atividade,85,
Equipamentos,4329104,,F,43,,,atividade,85,
Iluminação,4329104,,F,43,,,atividade,85,
Iluminacao,4329104,,F,43,,,atividade,85,
Sinalização,4329104,,F,43,,,atividade,85,
Sinalizacao,4329104,,F,43,,,atividade,85,
Vias,4329104,,F,43,,,atividade,85,
Vias,4329104,,F,43,,,atividade,85,
Públicas,4329104,,F,43,,,atividade,85,
Publicas,4329104,,F,43,,,atividade,85,
"Montagem e instalação de sistemas e equipamentos de iluminação e sinalização em vias públicas, portos e aeroportos",4329104,,F,43,,,palavra_chave,90,
"Tratamentos térmicos, acústicos ou de vibração",4329105,,F,43,,,nome_oficial,100,
Tratamentos,4329105,,F,43,,,atividade,85,
Tratamentos,4329105,,F,43,,,atividade,85,
Térmicos,4329105,,F,43,,,atividade,85,
Termicos,4329105,,F,43,,,atividade,85,
Acústicos,4329105,,F,43,,,atividade,85,
Acusticos,4329105,,F,43,,,atividade,85,
Vibração,4329105,,F,43,,,atividade,85,
Vibracao,4329105,,F,43,,,atividade,85,
"Tratamentos térmicos, acústicos ou de vibração",4329105,,F,43,,,palavra_chave,90,
Impermeabilização em obras de engenharia civil,4330401,,F,43,,,nome_oficial,100,
Impermeabilização,4330401,,F,43,,,atividade,85,
Impermeabilizacao,4330401,,F,43,,,atividade,85,
Obras,4330401,,F,43,,,atividade,85,
Obras,4330401,,F,43,,,atividade,85,
Engenharia,4330401,,F,43,,,atividade,85,
Engenharia,4330401,,F,43,,,atividade,85,
Civil,4330401,,F,43,,,atividade,85,
Civil,4330401,,F,43,,,atividade,85,
Impermeabilização em obras de engenharia civil,4330401,,F,43,,,palavra_chave,90,
"Instalação de portas, janelas, tetos, divisórias e armários embutidos de qualquer material",4330402,,F,43,,,nome_oficial,100,
Instalação,4330402,,F,43,,,atividade,85,
Instalacao,4330402,,F,43,,,atividade,85,
Portas,4330402,,F,43,,,atividade,85,
Portas,4330402,,F,43,,,atividade,85,
Janelas,4330402,,F,43,,,atividade,85,
Janelas,4330402,,F,43,,,atividade,85,
Tetos,4330402,,F,43,,,atividade,85,
Tetos,4330402,,F,43,,,atividade,85,
Divisórias,4330402,,F,43,,,atividade,85,
Divisorias,4330402,,F,43,,,atividade,85,
Armários,4330402,,F,43,,,atividade,85,
Armarios,4330402,,F,43,,,atividade,85,
Embutidos,4330402,,F,43,,,atividade,85,
Embutidos,4330402,,F,43,,,atividade,85,
Qualquer,4330402,,F,43,,,atividade,85,
Qualquer,4330402,,F,43,,,atividade,85,
"Instalação de portas, janelas, tetos, divisórias e armários embutidos de qualquer material",4330402,,F,43,,,palavra_chave,90,
Obras de acabamento em gesso e estuque,4330403,,F,43,,,nome_oficial,100,
Obras,4330403,,F,43,,,atividade,85,
Obras,4330403,,F,43,,,atividade,85,
Acabamento,4330403,,F,43,,,atividade,85,
Acabamento,4330403,,F,43,,,atividade,85,
Gesso,4330403,,F,43,,,atividade,85,
Gesso,4330403,,F,43,,,atividade,85,
Estuque,4330403,,F,43,,,atividade,85,
Estuque,4330403,,F,43,,,atividade,85,
Obras de acabamento em gesso e estuque,4330403,,F,43,,,palavra_chave,90,
Serviços de pintura de edifícios em geral,4330404,,F,43,,,nome_oficial,100,
Pintura,4330404,,F,43,,,atividade,85,
Pintura,4330404,,F,43,,,atividade,85,
Edifícios,4330404,,F,43,,,atividade,85,
Edificios,4330404,,F,43,,,atividade,85,
Geral,4330404,,F,43,,,atividade,85,
Geral,4330404,,F,43,,,atividade,85,
Serviços de pintura de edifícios em geral,4330404,,F,43,,,palavra_chave,90,
"Comércio a varejo de automóveis, camionetas e utilitários novos",4511101,,G,45,,,nome_oficial,100,
Comércio,4511101,,G,45,,,atividade,85,
Comercio,4511101,,G,45,,,atividade,85,
Varejo,4511101,,G,45,,,atividade,85,
Varejo,4511101,,G,45,,,atividade,85,
Automóveis,4511101,,G,45,,,atividade,85,
Automoveis,4511101,,G,45,,,atividade,85,
Camionetas,4511101,,G,45,,,atividade,85,
Camionetas,4511101,,G,45,,,atividade,85,
Utilitários,4511101,,G,45,,,atividade,85,
Utilitarios,4511101,,G,45,,,atividade,85,
Novos,4511101,,G,45,,,atividade,85,
Novos,4511101,,G,45,,,atividade,85,
"Comércio a varejo de automóveis, camionetas e utilitários novos",4511101,,G,45,,,palavra_chave,90,
"Comércio a varejo de automóveis, camionetas e utilitários usados",4511102,,G,45,,,nome_oficial,100,
Comércio,4511102,,G,45,,,atividade,85,
Comercio,4511102,,G,45,,,atividade,85,
Varejo,4511102,,G,45,,,atividade,85,
Varejo,4511102,,G,45,,,atividade,85,
Automóveis,4511102,,G,45,,,atividade,85,
Automoveis,4511102,,G,45,,,atividade,85,
Camionetas,4511102,,G,45,,,atividade,85,
Camionetas,4511102,,G,45,,,atividade,85,
Utilitários,4511102,,G,45,,,atividade,85,
Utilitarios,4511102,,G,45,,,atividade,85,
Usados,4511102,,G,45,,,atividade,85,
Usados,4511102,,G,45,,,atividade,85,
"Comércio a varejo de automóveis, camionetas e utilitários usados",4511102,,G,45,,,palavra_chave,90,
"Comércio por atacado de automóveis, camionetas e utilitários novos e usados",4511103,,G,45,,,nome_oficial,100,
Comércio,4511103,,G,45,,,atividade,85,
Comercio,4511103,,G,45,,,atividade,85,
Atacado,4511103,,G,45,,,atividade,85,
Atacado,4511103,,G,45,,,atividade,85,
Automóveis,4511103,,G,45,,,atividade,85,
Automoveis,4511103,,G,45,,,atividade,85,
Camionetas,4511103,,G,45,,,atividade,85,
Camionetas,4511103,,G,45,,,atividade,85,
Utilitários,4511103,,G,45,,,atividade,85,
Utilitarios,4511103,,G,45,,,atividade,85,
Novos,4511103,,G,45,,,atividade,85,
Novos,4511103,,G,45,,,atividade,85,
Usados,4511103,,G,45,,,atividade,85,
Usados,4511103,,G,45,,,atividade,85,
"Comércio por atacado de automóveis, camionetas e utilitários novos e usados",4511103,,G,45,,,palavra_chave,90,
Comércio por atacado de caminhões novos e usados,4511104,,G,45,,,nome_oficial,100,
Comércio,4511104,,G,45,,,atividade,85,
Comercio,4511104,,G,45,,,atividade,85,
Atacado,4511104,,G,45,,,atividade,85,
Atacado,4511104,,G,45,,,atividade,85,
Caminhões,4511104,,G,45,,,atividade,85,
Caminhoes,4511104,,G,45,,,atividade,85,
Novos,4511104,,G,45,,,atividade,85,
Novos,4511104,,G,45,,,atividade,85,
Usados,4511104,,G,45,,,atividade,85,
Usados,4511104,,G,45,,,atividade,85,
Comércio por atacado de caminhões novos e usados,4511104,,G,45,,,palavra_chave,90,
Comércio por atacado de reboques e semi-reboques novos e usados,4511105,,G,45,,,nome_oficial,100,
Comércio,4511105,,G,45,,,atividade,85,
Comercio,4511105,,G,45,,,atividade,85,
Atacado,4511105,,G,45,,,atividade,85,
Atacado,4511105,,G,45,,,atividade,85,
Reboques,4511105,,G,45,,,atividade,85,
Reboques,4511105,,G,45,,,atividade,85,
Semi,4511105,,G,45,,,atividade,85,
Semi,4511105,,G,45,,,atividade,85,
Novos,4511105,,G,45,,,atividade,85,
Novos,4511105,,G,45,,,atividade,85,
Usados,4511105,,G,45,,,atividade,85,
Usados,4511105,,G,45,,,atividade,85,
Comércio por atacado de reboques e semi-reboques novos e usados,4511105,,G,45,,,palavra_chave,90,
Comércio por atacado de ônibus e microônibus novos e usados,4511106,,G,45,,,nome_oficial,100,
Comércio,4511106,,G,45,,,atividade,85,
Comercio,4511106,,G,45,,,atividade,85,
Atacado,4511106,,G,45,,,atividade,85,
Atacado,4511106,,G,45,,,atividade,85,
Ônibus,4511106,,G,45,,,atividade,85,
Onibus,4511106,,G,45,,,atividade,85,
Microônibus,4511106,,G,45,,,atividade,85,
Microonibus,4511106,,G,45,,,atividade,85,
Novos,4511106,,G,45,,,atividade,85,
Novos,4511106,,G,45,,,atividade,85,
Usados,4511106,,G,45,,,atividade,85,
Usados,4511106,,G,45,,,atividade,85,
Comércio por atacado de ônibus e microônibus novos e usados,4511106,,G,45,,,palavra_chave,90,
Representantes comerciais e agentes do comércio de matérias-primas agrícolas e animais vivos,4611700,,G,46,,,nome_oficial,100,
Representantes,4611700,,G,46,,,atividade,85,
Representantes,4611700,,G,46,,,atividade,85,
Comerciais,4611700,,G,46,,,atividade,85,
Comerciais,4611700,,G,46,,,atividade,85,
Agentes,4611700,,G,46,,,atividade,85,
Agentes,4611700,,G,46,,,atividade,85,
Comércio,4611700,,G,46,,,atividade,85,
Comercio,4611700,,G,46,,,atividade,85,
Matérias,4611700,,G,46,,,atividade,85,
Materias,4611700,,G,46,,,atividade,85,
Primas,4611700,,G,46,,,atividade,85,
Primas,4611700,,G,46,,,atividade,85,
Agrícolas,4611700,,G,46,,,atividade,85,
Agricolas,4611700,,G,46,,,atividade,85,
Animais,4611700,,G,46,,,atividade,85,
Animais,4611700,,G,46,,,atividade,85,
Representantes comerciais e agentes do comércio de matérias-primas agrícolas e animais vivos,4611700,,G,46,,,palavra_chave,90,
"Representantes comerciais e agentes do comércio de combustíveis, minerais, produtos siderúrgicos e químicos",4612500,,G,46,,,nome_oficial,100,
Representantes,4612500,,G,46,,,atividade,85,
Representantes,4612500,,G,46,,,atividade,85,
Comerciais,4612500,,G,46,,,atividade,85,
Comerciais,4612500,,G,46,,,atividade,85,
Agentes,4612500,,G,46,,,atividade,85,
Agentes,4612500,,G,46,,,atividade,85,
Comércio,4612500,,G,46,,,atividade,85,
Comercio,4612500,,G,46,,,atividade,85,
Combustíveis,4612500,,G,46,,,atividade,85,
Combustiveis,4612500,,G,46,,,atividade,85,
Minerais,4612500,,G,46,,,atividade,85,
Minerais,4612500,,G,46,,,atividade,85,
Produtos,4612500,,G,46,,,atividade,85,
Produtos,4612500,,G,46,,,atividade,85,
Siderúrgicos,4612500,,G,46,,,atividade,85,
Siderurgicos,4612500,,G,46,,,atividade,85,
"Representantes comerciais e agentes do comércio de combustíveis, minerais, produtos siderúrgicos e químicos",4612500,,G,46,,,palavra_chave,90,
"Representantes comerciais e agentes do comércio de madeira, material de construção e ferragens",4613300,,G,46,,,nome_oficial,100,
Representantes,4613300,,G,46,,,atividade,85,
Representantes,4613300,,G,46,,,atividade,85,
Comerciais,4613300,,G,46,,,atividade,85,
Comerciais,4613300,,G,46,,,atividade,85,
Agentes,4613300,,G,46,,,atividade,85,
Agentes,4613300,,G,46,,,atividade,85,
Comércio,4613300,,G,46,,,atividade,85,
Comercio,4613300,,G,46,,,atividade,85,
Madeira,4613300,,G,46,,,atividade,85,
Madeira,4613300,,G,46,,,atividade,85,
Material,4613300,,G,46,,,atividade,85,
Material,4613300,,G,46,,,atividade,85,
Construção,4613300,,G,46,,,atividade,85,
Construcao,4613300,,G,46,,,atividade,85,
Ferragens,4613300,,G,46,,,atividade,85,
Ferragens,4613300,,G,46,,,atividade,85,
"Representantes comerciais e agentes do comércio de madeira, material de construção e ferragens",4613300,,G,46,,,palavra_chave,90,
"Representantes comerciais e agentes do comércio de máquinas, equipamentos, embarcações e aeronaves",4614100,,G,46,,,nome_oficial,100,
Representantes,4614100,,G,46,,,atividade,85,
Representantes,4614100,,G,46,,,atividade,85,
Comerciais,4614100,,G,46,,,atividade,85,
Comerciais,4614100,,G,46,,,atividade,85,
Agentes,4614100,,G,46,,,atividade,85,
Agentes,4614100,,G,46,,,atividade,85,
Comércio,4614100,,G,46,,,atividade,85,
Comercio,4614100,,G,46,,,atividade,85,
Máquinas,4614100,,G,46,,,atividade,85,
Maquinas,4614100,,G,46,,,atividade,85,
Equipamentos,4614100,,G,46,,,atividade,85,
Equipamentos,4614100,,G,46,,,atividade,85,
Embarcações,4614100,,G,46,,,atividade,85,
Embarcacoes,4614100,,G,46,,,atividade,85,
Aeronaves,4614100,,G,46,,,atividade,85,
Aeronaves,4614100,,G,46,,,atividade,85,
"Representantes comerciais e agentes do comércio de máquinas, equipamentos, embarcações e aeronaves",4614100,,G,46,,,palavra_chave,90,
Representantes comerciais e agentes do comércio de eletrodomésticos e equipamentos de áudio e vídeo,4615000,,G,46,,,nome_oficial,100,
Representantes,4615000,,G,46,,,atividade,85,
Representantes,4615000,,G,46,,,atividade,85,
Comerciais,4615000,,G,46,,,atividade,85,
Comerciais,4615000,,G,46,,,atividade,85,
Agentes,4615000,,G,46,,,atividade,85,
Agentes,4615000,,G,46,,,atividade,85,
Comércio,4615000,,G,46,,,atividade,85,
Comercio,4615000,,G,46,,,atividade,85,
Eletrodomésticos,4615000,,G,46,,,atividade,85,
Eletrodomesticos,4615000,,G,46,,,atividade,85,
Equipamentos,4615000,,G,46,,,atividade,85,
Equipamentos,4615000,,G,46,,,atividade,85,
Áudio,4615000,,G,46,,,atividade,85,
Audio,4615000,,G,46,,,atividade,85,
Vídeo,4615000,,G,46,,,atividade,85,
Video,4615000,,G,46,,,atividade,85,
Representantes comerciais e agentes do comércio de eletrodomésticos e equipamentos de áudio e vídeo,4615000,,G,46,,,palavra_chave,90,
"Representantes comerciais e agentes do comércio de têxteis, vestuário, calçados e artigos de viagem",4616800,,G,46,,,nome_oficial,100,
Representantes,4616800,,G,46,,,atividade,85,
Representantes,4616800,,G,46,,,atividade,85,
Comerciais,4616800,,G,46,,,atividade,85,
Comerciais,4616800,,G,46,,,atividade,85,
Agentes,4616800,,G,46,,,atividade,85,
Agentes,4616800,,G,46,,,atividade,85,
Comércio,4616800,,G,46,,,atividade,85,
Comercio,4616800,,G,46,,,atividade,85,
Têxteis,4616800,,G,46,,,atividade,85,
Texteis,4616800,,G,46,,,atividade,85,
Vestuário,4616800,,G,46,,,atividade,85,
Vestuario,4616800,,G,46,,,atividade,85,
Calçados,4616800,,G,46,,,atividade,85,
Calcados,4616800,,G,46,,,atividade,85,
Artigos,4616800,,G,46,,,atividade,85,
Artigos,4616800,,G,46,,,atividade,85,
"Representantes comerciais e agentes do comércio de têxteis, vestuário, calçados e artigos de viagem",4616800,,G,46,,,palavra_chave,90,
"Representantes comerciais e agentes do comércio de produtos alimentícios, bebidas e fumo",4617600,,G,46,,,nome_oficial,100,
Representantes,4617600,,G,46,,,atividade,85,
Representantes,4617600,,G,46,,,atividade,85,
Comerciais,4617600,,G,46,,,atividade,85,
Comerciais,4617600,,G,46,,,atividade,85,
Agentes,4617600,,G,46,,,atividade,85,
Agentes,4617600,,G,46,,,atividade,85,
Comércio,4617600,,G,46,,,atividade,85,
Comercio,4617600,,G,46,,,atividade,85,
Produtos,4617600,,G,46,,,atividade,85,
Produtos,4617600,,G,46,,,atividade,85,
Alimentícios,4617600,,G,46,,,atividade,85,
Alimenticios,4617600,,G,46,,,atividade,85,
Bebidas,4617600,,G,46,,,atividade,85,
Bebidas,4617600,,G,46,,,atividade,85,
Fumo,4617600,,G,46,,,atividade,85,
Fumo,4617600,,G,46,,,atividade,85,
"Representantes comerciais e agentes do comércio de produtos alimentícios, bebidas e fumo",4617600,,G,46,,,palavra_chave,90,
"Representantes comerciais e agentes do comércio de medicamentos, cosméticos e produtos de perfumaria",4618401,,G,46,,,nome_oficial,100,
Representantes,4618401,,G,46,,,atividade,85,
Representantes,4618401,,G,46,,,atividade,85,
Comerciais,4618401,,G,46,,,atividade,85,
Comerciais,4618401,,G,46,,,atividade,85,
Agentes,4618401,,G,46,,,atividade,85,
Agentes,4618401,,G,46,,,atividade,85,
Comércio,4618401,,G,46,,,atividade,85,
Comercio,4618401,,G,46,,,atividade,85,
Medicamentos,4618401,,G,46,,,atividade,85,
Medicamentos,4618401,,G,46,,,atividade,85,
Cosméticos,4618401,,G,46,,,atividade,85,
Cosmeticos,4618401,,G,46,,,atividade,85,
Produtos,4618401,,G,46,,,atividade,85,
Produtos,4618401,,G,46,,,atividade,85,
Perfumaria,4618401,,G,46,,,atividade,85,
Perfumaria,4618401,,G,46,,,atividade,85,
"Representantes comerciais e agentes do comércio de medicamentos, cosméticos e produtos de perfumaria",4618401,,G,46,,,palavra_chave,90,
Representantes comerciais e agentes do comércio de instrumentos e materiais odonto-médico-hospitalares,4618402,,G,46,,,nome_oficial,100,
Representantes,4618402,,G,46,,,atividade,85,
Representantes,4618402,,G,46,,,atividade,85,
Comerciais,4618402,,G,46,,,atividade,85,
Comerciais,4618402,,G,46,,,atividade,85,
Agentes,4618402,,G,46,,,atividade,85,
Agentes,4618402,,G,46,,,atividade,85,
Comércio,4618402,,G,46,,,atividade,85,
Comercio,4618402,,G,46,,,atividade,85,
Instrumentos,4618402,,G,46,,,atividade,85,
Instrumentos,4618402,,G,46,,,atividade,85,
Materiais,4618402,,G,46,,,atividade,85,
Materiais,4618402,,G,46,,,atividade,85,
Odonto,4618402,,G,46,,,atividade,85,
Odonto,4618402,,G,46,,,atividade,85,
Médico,4618402,,G,46,,,atividade,85,
Medico,4618402,,G,46,,,atividade,85,
Representantes comerciais e agentes do comércio de instrumentos e materiais odonto-médico-hospitalares,4618402,,G,46,,,palavra_chave,90,
"Representantes comerciais e agentes do comércio de jornais, revistas e outras publicações",4618403,,G,46,,,nome_oficial,100,
Representantes,4618403,,G,46,,,atividade,85,
Representantes,4618403,,G,46,,,atividade,85,
Comerciais,4618403,,G,46,,,atividade,85,
Comerciais,4618403,,G,46,,,atividade,85,
Agentes,4618403,,G,46,,,atividade,85,
Agentes,4618403,,G,46,,,atividade,85,
Comércio,4618403,,G,46,,,atividade,85,
Comercio,4618403,,G,46,,,atividade,85,
Jornais,4618403,,G,46,,,atividade,85,
Jornais,4618403,,G,46,,,atividade,85,
Revistas,4618403,,G,46,,,atividade,85,
Revistas,4618403,,G,46,,,atividade,85,
Outras,4618403,,G,46,,,atividade,85,
Outras,4618403,,G,46,,,atividade,85,
Publicações,4618403,,G,46,,,atividade,85,
Publicacoes,4618403,,G,46,,,atividade,85,
"Representantes comerciais e agentes do comércio de jornais, revistas e outras publicações",4618403,,G,46,,,palavra_chave,90,
Outros representantes comerciais e agentes do comércio especializado em produtos não especificados anteriormente,4618499,,G,46,,,nome_oficial,100,
Outros,4618499,,G,46,,,atividade,85,
Outros,4618499,,G,46,,,atividade,85,
Representantes,4618499,,G,46,,,atividade,85,
Representantes,4618499,,G,46,,,atividade,85,
Comerciais,4618499,,G,46,,,atividade,85,
Comerciais,4618499,,G,46,,,atividade,85,
Agentes,4618499,,G,46,,,atividade,85,
Agentes,4618499,,G,46,,,atividade,85,
Comércio,4618499,,G,46,,,atividade,85,
Comercio,4618499,,G,46,,,atividade,85,
Especializado,4618499,,G,46,,,atividade,85,
Especializado,4618499,,G,46,,,atividade,85,
Produtos,4618499,,G,46,,,atividade,85,
Produtos,4618499,,G,46,,,atividade,85,
Especificados,4618499,,G,46,,,atividade,85,
Especificados,4618499,,G,46,,,atividade,85,
Outros representantes comerciais e agentes do comércio especializado em produtos não especificados anteriormente,4618499,,G,46,,,palavra_chave,90,
Representantes comerciais e agentes do comércio de mercadorias em geral não especializado,4619200,,G,46,,,nome_oficial,100,
Representantes,4619200,,G,46,,,atividade,85,
Representantes,4619200,,G,46,,,atividade,85,
Comerciais,4619200,,G,46,,,atividade,85,
Comerciais,4619200,,G,46,,,atividade,85,
Agentes,4619200,,G,46,,,atividade,85,
Agentes,4619200,,G,46,,,atividade,85,
Comércio,4619200,,G,46,,,atividade,85,
Comercio,4619200,,G,46,,,atividade,85,
Mercadorias,4619200,,G,46,,,atividade,85,
Mercadorias,4619200,,G,46,,,atividade,85,
Geral,4619200,,G,46,,,atividade,85,
Geral,4619200,,G,46,,,atividade,85,
Especializado,4619200,,G,46,,,atividade,85,
Especializado,4619200,,G,46,,,atividade,85,
Representantes comerciais e agentes do comércio de mercadorias em geral não especializado,4619200,,G,46,,,palavra_chave,90,
Comércio atacadista de café em grão,4621400,,G,46,,,nome_oficial,100,
Comércio,4621400,,G,46,,,atividade,85,
Comercio,4621400,,G,46,,,atividade,85,
Atacadista,4621400,,G,46,,,atividade,85,
Atacadista,4621400,,G,46,,,atividade,85,
Café,4621400,,G,46,,,atividade,85,
Cafe,4621400,,G,46,,,atividade,85,
Grão,4621400,,G,46,,,atividade,85,
Grao,4621400,,G,46,,,atividade,85,
Comércio atacadista de café em grão,4621400,,G,46,,,palavra_chave,90,
Comércio atacadista de soja,4622200,,G,46,,,nome_oficial,100,
Comércio,4622200,,G,46,,,atividade,85,
Comercio,4622200,,G,46,,,atividade,85,
Atacadista,4622200,,G,46,,,atividade,85,
Atacadista,4622200,,G,46,,,atividade,85,
Soja,4622200,,G,46,,,atividade,85,
Soja,4622200,,G,46,,,atividade,85,
Comércio atacadista de soja,4622200,,G,46,,,palavra_chave,90,
Comércio atacadista de animais vivos,4623101,,G,46,,,nome_oficial,100,
Comércio,4623101,,G,46,,,atividade,85,
Comercio,4623101,,G,46,,,atividade,85,
Atacadista,4623101,,G,46,,,atividade,85,
Atacadista,4623101,,G,46,,,atividade,85,
Animais,4623101,,G,46,,,atividade,85,
Animais,4623101,,G,46,,,atividade,85,
Vivos,4623101,,G,46,,,atividade,85,
Vivos,4623101,,G,46,,,atividade,85,
Comércio atacadista de animais vivos,4623101,,G,46,,,palavra_chave,90,
"Comércio atacadista de couros, lãs, peles e outros subprodutos não-comestíveis de origem animal",4623102,,G,46,,,nome_oficial,100,
Comércio,4623102,,G,46,,,atividade,85,
Comercio,4623102,,G,46,,,atividade,85,
Atacadista,4623102,,G,46,,,atividade,85,
Atacadista,4623102,,G,46,,,atividade,85,
Couros,4623102,,G,46,,,atividade,85,
Couros,4623102,,G,46,,,atividade,85,
Lãs,4623102,,G,46,,,atividade,85,
Las,4623102,,G,46,,,atividade,85,
Peles,4623102,,G,46,,,atividade,85,
Peles,4623102,,G,46,,,atividade,85,
Outros,4623102,,G,46,,,atividade,85,
Outros,4623102,,G,46,,,atividade,85,
Subprodutos,4623102,,G,46,,,atividade,85,
Subprodutos,4623102,,G,46,,,atividade,85,
Comestíveis,4623102,,G,46,,,atividade,85,
Comestiveis,4623102,,G,46,,,atividade,85,
"Comércio atacadista de couros, lãs, peles e outros subprodutos não-comestíveis de origem animal",4623102,,G,46,,,palavra_chave,90,
Comércio atacadista de algodão,4623103,,G,46,,,nome_oficial,100,
Comércio,4623103,,G,46,,,atividade,85,
Comercio,4623103,,G,46,,,atividade,85,
Atacadista,4623103,,G,46,,,atividade,85,
Atacadista,4623103,,G,46,,,atividade,85,
Algodão,4623103,,G,46,,,atividade,85,
Algodao,4623103,,G,46,,,atividade,85,
Comércio atacadista de algodão,4623103,,G,46,,,palavra_chave,90,
Comércio atacadista de fumo em folha não beneficiado,4623104,,G,46,,,nome_oficial,100,
Comércio,4623104,,G,46,,,atividade,85,
Comercio,4623104,,G,46,,,atividade,85,
Atacadista,4623104,,G,46,,,atividade,85,
Atacadista,4623104,,G,46,,,atividade,85,
Fumo,4623104,,G,46,,,atividade,85,
Fumo,4623104,,G,46,,,atividade,85,
Folha,4623104,,G,46,,,atividade,85,
Folha,4623104,,G,46,,,atividade,85,
Beneficiado,4623104,,G,46,,,atividade,85,
Beneficiado,4623104,,G,46,,,atividade,85,
Comércio atacadista de fumo em folha não beneficiado,4623104,,G,46,,,palavra_chave,90,
Comércio atacadista de cacau,4623105,,G,46,,,nome_oficial,100,
Comércio,4623105,,G,46,,,atividade,85,
Comercio,4623105,,G,46,,,atividade,85,
Atacadista,4623105,,G,46,,,atividade,85,
Atacadista,4623105,,G,46,,,atividade,85,
Cacau,4623105,,G,46,,,atividade,85,
Cacau,4623105,,G,46,,,atividade,85,
Comércio atacadista de cacau,4623105,,G,46,,,palavra_chave,90,
"Comércio atacadista de sementes, flores, plantas e gramas",4623106,,G,46,,,nome_oficial,100,
Comércio,4623106,,G,46,,,atividade,85,
Comercio,4623106,,G,46,,,atividade,85,
Atacadista,4623106,,G,46,,,atividade,85,
Atacadista,4623106,,G,46,,,atividade,85,
Sementes,4623106,,G,46,,,atividade,85,
Sementes,4623106,,G,46,,,atividade,85,
Flores,4623106,,G,46,,,atividade,85,
Flores,4623106,,G,46,,,atividade,85,
Plantas,4623106,,G,46,,,atividade,85,
Plantas,4623106,,G,46,,,atividade,85,
Gramas,4623106,,G,46,,,atividade,85,
Gramas,4623106,,G,46,,,atividade,85,
"Comércio atacadista de sementes, flores, plantas e gramas",4623106,,G,46,,,palavra_chave,90,
Comércio atacadista de sisal,4623107,,G,46,,,nome_oficial,100,
Comércio,4623107,,G,46,,,atividade,85,
Comercio,4623107,,G,46,,,atividade,85,
Atacadista,4623107,,G,46,,,atividade,85,
Atacadista,4623107,,G,46,,,atividade,85,
Sisal,4623107,,G,46,,,atividade,85,
Sisal,4623107,,G,46,,,atividade,85,
Comércio atacadista de sisal,4623107,,G,46,,,palavra_chave,90,
Comércio atacadista de matérias-primas agrícolas com atividade de fracionamento e acondicionamento associada,4623108,,G,46,,,nome_oficial,100,
Comércio,4623108,,G,46,,,atividade,85,
Comercio,4623108,,G,46,,,atividade,85,
Atacadista,4623108,,G,46,,,atividade,85,
Atacadista,4623108,,G,46,,,atividade,85,
Matérias,4623108,,G,46,,,atividade,85,
Materias,4623108,,G,46,,,atividade,85,
Primas,4623108,,G,46,,,atividade,85,
Primas,4623108,,G,46,,,atividade,85,
Agrícolas,4623108,,G,46,,,atividade,85,
Agricolas,4623108,,G,46,,,atividade,85,
Fracionamento,4623108,,G,46,,,atividade,85,
Fracionamento,4623108,,G,46,,,atividade,85,
Acondicionamento,4623108,,G,46,,,atividade,85,
Acondicionamento,4623108,,G,46,,,atividade,85,
Associada,4623108,,G,46,,,atividade,85,
Associada,4623108,,G,46,,,atividade,85,
Comércio atacadista de matérias-primas agrícolas com atividade de fracionamento e acondicionamento associada,4623108,,G,46,,,palavra_chave,90,
Comércio atacadista de alimentos para animais,4623109,,G,46,,,nome_oficial,100,
Comércio,4623109,,G,46,,,atividade,85,
Comercio,4623109,,G,46,,,atividade,85,
Atacadista,4623109,,G,46,,,atividade,85,
Atacadista,4623109,,G,46,,,atividade,85,
Alimentos,4623109,,G,46,,,atividade,85,
Alimentos,4623109,,G,46,,,atividade,85,
Animais,4623109,,G,46,,,atividade,85,
Animais,4623109,,G,46,,,atividade,85,
Comércio atacadista de alimentos para animais,4623109,,G,46,,,palavra_chave,90,
Comércio atacadista de matérias-primas agrícolas não especificadas anteriormente,4623199,,G,46,,,nome_oficial,100,
Comércio,4623199,,G,46,,,atividade,85,
Comercio,4623199,,G,46,,,atividade,85,
Atacadista,4623199,,G,46,,,atividade,85,
Atacadista,4623199,,G,46,,,atividade,85,
Matérias,4623199,,G,46,,,atividade,85,
Materias,4623199,,G,46,,,atividade,85,
Primas,4623199,,G,46,,,atividade,85,
Primas,4623199,,G,46,,,atividade,85,
Agrícolas,4623199,,G,46,,,atividade,85,
Agricolas,4623199,,G,46,,,atividade,85,
Comércio atacadista de matérias-primas agrícolas não especificadas anteriormente,4623199,,G,46,,,palavra_chave,90,
"Comércio varejista de mercadorias em geral, com predominância de produtos alimentícios - hipermercados",4711301,,G,47,,,nome_oficial,100,
Comércio,4711301,,G,47,,,atividade,85,
Comercio,4711301,,G,47,,,atividade,85,
Varejista,4711301,,G,47,,,atividade,85,
Varejista,4711301,,G,47,,,atividade,85,
Mercadorias,4711301,,G,47,,,atividade,85,
Mercadorias,4711301,,G,47,,,atividade,85,
Geral,4711301,,G,47,,,atividade,85,
Geral,4711301,,G,47,,,atividade,85,
Predominância,4711301,,G,47,,,atividade,85,
Predominancia,4711301,,G,47,,,atividade,85,
Produtos,4711301,,G,47,,,atividade,85,
Produtos,4711301,,G,47,,,atividade,85,
Alimentícios,4711301,,G,47,,,atividade,85,
Alimenticios,4711301,,G,47,,,atividade,85,
Hipermercados,4711301,,G,47,,,atividade,85,
Hipermercados,4711301,,G,47,,,atividade,85,
"Comércio varejista de mercadorias em geral, com predominância de produtos alimentícios - hipermercados",4711301,,G,47,,,palavra_chave,90,
"Comércio varejista de mercadorias em geral, com predominância de produtos alimentícios - supermercados",4711302,,G,47,,,nome_oficial,100,
Comércio,4711302,,G,47,,,atividade,85,
Comercio,4711302,,G,47,,,atividade,85,
Varejista,4711302,,G,47,,,atividade,85,
Varejista,4711302,,G,47,,,atividade,85,
Mercadorias,4711302,,G,47,,,atividade,85,
Mercadorias,4711302,,G,47,,,atividade,85,
Geral,4711302,,G,47,,,atividade,85,
Geral,4711302,,G,47,,,atividade,85,
Predominância,4711302,,G,47,,,atividade,85,
Predominancia,4711302,,G,47,,,atividade,85,
Produtos,4711302,,G,47,,,atividade,85,
Produtos,4711302,,G,47,,,atividade,85,
Alimentícios,4711302,,G,47,,,atividade,85,
Alimenticios,4711302,,G,47,,,atividade,85,
Supermercados,4711302,,G,47,,,atividade,85,
Supermercados,4711302,,G,47,,,atividade,85,
"Comércio varejista de mercadorias em geral, com predominância de produtos alimentícios - supermercados",4711302,,G,47,,,palavra_chave,90,
"Comércio varejista de mercadorias em geral, com predominância de produtos alimentícios - minimercados, mercearias e armazéns",4712100,,G,47,,,nome_oficial,100,
Comércio,4712100,,G,47,,,atividade,85,
Comercio,4712100,,G,47,,,atividade,85,
Varejista,4712100,,G,47,,,atividade,85,
Varejista,4712100,,G,47,,,atividade,85,
Mercadorias,4712100,,G,47,,,atividade,85,
Mercadorias,4712100,,G,47,,,atividade,85,
Geral,4712100,,G,47,,,atividade,85,
Geral,4712100,,G,47,,,atividade,85,
Predominância,4712100,,G,47,,,atividade,85,
Predominancia,4712100,,G,47,,,atividade,85,
Produtos,4712100,,G,47,,,atividade,85,
Produtos,4712100,,G,47,,,atividade,85,
Alimentícios,4712100,,G,47,,,atividade,85,
Alimenticios,4712100,,G,47,,,atividade,85,
Minimercados,4712100,,G,47,,,atividade,85,
Minimercados,4712100,,G,47,,,atividade,85,
"Comércio varejista de mercadorias em geral, com predominância de produtos alimentícios - minimercados, mercearias e armazéns",4712100,,G,47,,,palavra_chave,90,
Lojas de departamentos ou magazines,4713001,,G,47,,,nome_oficial,100,
Lojas,4713001,,G,47,,,atividade,85,
Lojas,4713001,,G,47,,,atividade,85,
Departamentos,4713001,,G,47,,,atividade,85,
Departamentos,4713001,,G,47,,,atividade,85,
Magazines,4713001,,G,47,,,atividade,85,
Magazines,4713001,,G,47,,,atividade,85,
Lojas de departamentos ou magazines,4713001,,G,47,,,palavra_chave,90,
"Lojas de variedades, exceto lojas de departamentos ou magazines",4713002,,G,47,,,nome_oficial,100,
Lojas,4713002,,G,47,,,atividade,85,
Lojas,4713002,,G,47,,,atividade,85,
Variedades,4713002,,G,47,,,atividade,85,
Variedades,4713002,,G,47,,,atividade,85,
Departamentos,4713002,,G,47,,,atividade,85,
Departamentos,4713002,,G,47,,,atividade,85,
Magazines,4713002,,G,47,,,atividade,85,
Magazines,4713002,,G,47,,,atividade,85,
"Lojas de variedades, exceto lojas de departamentos ou magazines",4713002,,G,47,,,palavra_chave,90,
Lojas duty free de aeroportos internacionais,4713003,,G,47,,,nome_oficial,100,
Lojas,4713003,,G,47,,,atividade,85,
Lojas,4713003,,G,47,,,atividade,85,
Duty,4713003,,G,47,,,atividade,85,
Duty,4713003,,G,47,,,atividade,85,
Free,4713003,,G,47,,,atividade,85,
Free,4713003,,G,47,,,atividade,85,
Aeroportos,4713003,,G,47,,,atividade,85,
Aeroportos,4713003,,G,47,,,atividade,85,
Internacionais,4713003,,G,47,,,atividade,85,
Internacionais,4713003,,G,47,,,atividade,85,
Lojas duty free de aeroportos internacionais,4713003,,G,47,,,palavra_chave,90,
Padaria e confeitaria com predominância de produção própria,4721101,,G,47,,,nome_oficial,100,
Padaria,4721101,,G,47,,,atividade,85,
Padaria,4721101,,G,47,,,atividade,85,
Confeitaria,4721101,,G,47,,,atividade,85,
Confeitaria,4721101,,G,47,,,atividade,85,
Predominância,4721101,,G,47,,,atividade,85,
Predominancia,4721101,,G,47,,,atividade,85,
Própria,4721101,,G,47,,,atividade,85,
Propria,4721101,,G,47,,,atividade,85,
Padaria e confeitaria com predominância de produção própria,4721101,,G,47,,,palavra_chave,90,
Padaria e confeitaria com predominância de revenda,4721102,,G,47,,,nome_oficial,100,
Padaria,4721102,,G,47,,,atividade,85,
Padaria,4721102,,G,47,,,atividade,85,
Confeitaria,4721102,,G,47,,,atividade,85,
Confeitaria,4721102,,G,47,,,atividade,85,
Predominância,4721102,,G,47,,,atividade,85,
Predominancia,4721102,,G,47,,,atividade,85,
Revenda,4721102,,G,47,,,atividade,85,
Revenda,4721102,,G,47,,,atividade,85,
Padaria e confeitaria com predominância de revenda,4721102,,G,47,,,palavra_chave,90,
Comércio varejista de laticínios e frios,4721103,,G,47,,,nome_oficial,100,
Comércio,4721103,,G,47,,,atividade,85,
Comercio,4721103,,G,47,,,atividade,85,
Varejista,4721103,,G,47,,,atividade,85,
Varejista,4721103,,G,47,,,atividade,85,
Laticínios,4721103,,G,47,,,atividade,85,
Laticinios,4721103,,G,47,,,atividade,85,
Frios,4721103,,G,47,,,atividade,85,
Frios,4721103,,G,47,,,atividade,85,
Comércio varejista de laticínios e frios,4721103,,G,47,,,palavra_chave,90,
"Comércio varejista de doces, balas, bombons e semelhantes",4721104,,G,47,,,nome_oficial,100,
Comércio,4721104,,G,47,,,atividade,85,
Comercio,4721104,,G,47,,,atividade,85,
Varejista,4721104,,G,47,,,atividade,85,
Varejista,4721104,,G,47,,,atividade,85,
Doces,4721104,,G,47,,,atividade,85,
Doces,4721104,,G,47,,,atividade,85,
Balas,4721104,,G,47,,,atividade,85,
Balas,4721104,,G,47,,,atividade,85,
Bombons,4721104,,G,47,,,atividade,85,
Bombons,4721104,,G,47,,,atividade,85,
Semelhantes,4721104,,G,47,,,atividade,85,
Semelhantes,4721104,,G,47,,,atividade,85,
"Comércio varejista de doces, balas, bombons e semelhantes",4721104,,G,47,,,palavra_chave,90,
Comércio varejista de carnes - açougues,4722901,,G,47,,,nome_oficial,100,
Comércio,4722901,,G,47,,,atividade,85,
Comercio,4722901,,G,47,,,atividade,85,
Varejista,4722901,,G,47,,,atividade,85,
Varejista,4722901,,G,47,,,atividade,85,
Carnes,4722901,,G,47,,,atividade,85,
Carnes,4722901,,G,47,,,atividade,85,
Açougues,4722901,,G,47,,,atividade,85,
Acougues,4722901,,G,47,,,atividade,85,
Comércio varejista de carnes - açougues,4722901,,G,47,,,palavra_chave,90,
Peixaria,4722902,,G,47,,,nome_oficial,100,
Peixaria,4722902,,G,47,,,atividade,85,
Peixaria,4722902,,G,47,,,atividade,85,
Peixaria,4722902,,G,47,,,palavra_chave,90,
Comércio varejista de bebidas,4723700,,G,47,,,nome_oficial,100,
Comércio,4723700,,G,47,,,atividade,85,
Comercio,4723700,,G,47,,,atividade,85,
Varejista,4723700,,G,47,,,atividade,85,
Varejista,4723700,,G,47,,,atividade,85,
Bebidas,4723700,,G,47,,,atividade,85,
Bebidas,4723700,,G,47,,,atividade,85,
Comércio varejista de bebidas,4723700,,G,47,,,palavra_chave,90,
Comércio varejista de hortifrutigranjeiros,4724500,,G,47,,,nome_oficial,100,
Comércio,4724500,,G,47,,,atividade,85,
Comercio,4724500,,G,47,,,atividade,85,
Varejista,4724500,,G,47,,,atividade,85,
Varejista,4724500,,G,47,,,atividade,85,
Hortifrutigranjeiros,4724500,,G,47,,,atividade,85,
Hortifrutigranjeiros,4724500,,G,47,,,atividade,85,
Comércio varejista de hortifrutigranjeiros,4724500,,G,47,,,palavra_chave,90,
Tabacaria,4729601,,G,47,,,nome_oficial,100,
Tabacaria,4729601,,G,47,,,atividade,85,
Tabacaria,4729601,,G,47,,,atividade,85,
Tabacaria,4729601,,G,47,,,palavra_chave,90,
Comércio varejista de mercadorias em lojas de conveniência,4729602,,G,47,,,nome_oficial,100,
Comércio,4729602,,G,47,,,atividade,85,
Comercio,4729602,,G,47,,,atividade,85,
Varejista,4729602,,G,47,,,atividade,85,
Varejista,4729602,,G,47,,,atividade,85,
Mercadorias,4729602,,G,47,,,atividade,85,
Mercadorias,4729602,,G,47,,,atividade,85,
Lojas,4729602,,G,47,,,atividade,85,
Lojas,4729602,,G,47,,,atividade,85,
Conveniência,4729602,,G,47,,,atividade,85,
Conveniencia,4729602,,G,47,,,atividade,85,
Comércio varejista de mercadorias em lojas de conveniência,4729602,,G,47,,,palavra_chave,90,
Comércio varejista de produtos alimentícios em geral ou especializado em produtos alimentícios não especificados anteriormente,4729699,,G,47,,,nome_oficial,100,
Comércio,4729699,,G,47,,,atividade,85,
Comercio,4729699,,G,47,,,atividade,85,
Varejista,4729699,,G,47,,,atividade,85,
Varejista,4729699,,G,47,,,atividade,85,
Produtos,4729699,,G,47,,,atividade,85,
Produtos,4729699,,G,47,,,atividade,85,
Alimentícios,4729699,,G,47,,,atividade,85,
Alimenticios,4729699,,G,47,,,atividade,85,
Geral,4729699,,G,47,,,atividade,85,
Geral,4729699,,G,47,,,atividade,85,
Especializado,4729699,,G,47,,,atividade,85,
Especializado,4729699,,G,47,,,atividade,85,
Comércio varejista de produtos alimentícios em geral ou especializado em produtos alimentícios não especificados anteriormente,4729699,,G,47,,,palavra_chave,90,
Transporte férreo de cargas,4911600,,H,49,,,nome_oficial,100,
Transporte,4911600,,H,49,,,atividade,85,
Transporte,4911600,,H,49,,,atividade,85,
Férreo,4911600,,H,49,,,atividade,85,
Ferreo,4911600,,H,49,,,atividade,85,
Cargas,4911600,,H,49,,,atividade,85,
Cargas,4911600,,H,49,,,atividade,85,
Transporte férreo de cargas,4911600,,H,49,,,palavra_chave,90,
Transporte férreo de passageiros intermunicipal e interestadual,4912401,,H,49,,,nome_oficial,100,
Transporte,4912401,,H,49,,,atividade,85,
Transporte,4912401,,H,49,,,atividade,85,
Férreo,4912401,,H,49,,,atividade,85,
Ferreo,4912401,,H,49,,,atividade,85,
Passageiros,4912401,,H,49,,,atividade,85,
Passageiros,4912401,,H,49,,,atividade,85,
Intermunicipal,4912401,,H,49,,,atividade,85,
Intermunicipal,4912401,,H,49,,,atividade,85,
Interestadual,4912401,,H,49,,,atividade,85,
Interestadual,4912401,,H,49,,,atividade,85,
Transporte férreo de passageiros intermunicipal e interestadual,4912401,,H,49,,,palavra_chave,90,
Transporte férreo de passageiros municipal e em região metropolitana,4912402,,H,49,,,nome_oficial,100,
Transporte,4912402,,H,49,,,atividade,85,
Transporte,4912402,,H,49,,,atividade,85,
Férreo,4912402,,H,49,,,atividade,85,
Ferreo,4912402,,H,49,,,atividade,85,
Passageiros,4912402,,H,49,,,atividade,85,
Passageiros,4912402,,H,49,,,atividade,85,
Municipal,4912402,,H,49,,,atividade,85,
Municipal,4912402,,H,49,,,atividade,85,
Região,4912402,,H,49,,,atividade,85,
Regiao,4912402,,H,49,,,atividade,85,
Metropolitana,4912402,,H,49,,,atividade,85,
Metropolitana,4912402,,H,49,,,atividade,85,
Transporte férreo de passageiros municipal e em região metropolitana,4912402,,H,49,,,palavra_chave,90,
Transporte metroviário,4912403,,H,49,,,nome_oficial,100,
Transporte,4912403,,H,49,,,atividade,85,
Transporte,4912403,,H,49,,,atividade,85,
Metroviário,4912403,,H,49,,,atividade,85,
Metroviario,4912403,,H,49,,,atividade,85,
Transporte metroviário,4912403,,H,49,,,palavra_chave,90,
"Transporte rodoviário coletivo de passageiros, com itinerário fixo, municipal",4921301,,H,49,,,nome_oficial,100,
Transporte,4921301,,H,49,,,atividade,85,
Transporte,4921301,,H,49,,,atividade,85,
Rodoviário,4921301,,H,49,,,atividade,85,
Rodoviario,4921301,,H,49,,,atividade,85,
Coletivo,4921301,,H,49,,,atividade,85,
Coletivo,4921301,,H,49,,,atividade,85,
Passageiros,4921301,,H,49,,,atividade,85,
Passageiros,4921301,,H,49,,,atividade,85,
Itinerário,4921301,,H,49,,,atividade,85,
Itinerario,4921301,,H,49,,,atividade,85,
Fixo,4921301,,H,49,,,atividade,85,
Fixo,4921301,,H,49,,,atividade,85,
Municipal,4921301,,H,49,,,atividade,85,
Municipal,4921301,,H,49,,,atividade,85,
"Transporte rodoviário coletivo de passageiros, com itinerário fixo, municipal",4921301,,H,49,,,palavra_chave,90,
"Transporte rodoviário coletivo de passageiros, com itinerário fixo, intermunicipal em região metropolitana",4921302,,H,49,,,nome_oficial,100,
Transporte,4921302,,H,49,,,atividade,85,
Transporte,4921302,,H,49,,,atividade,85,
Rodoviário,4921302,,H,49,,,atividade,85,
Rodoviario,4921302,,H,49,,,atividade,85,
Coletivo,4921302,,H,49,,,atividade,85,
Coletivo,4921302,,H,49,,,atividade,85,
Passageiros,4921302,,H,49,,,atividade,85,
Passageiros,4921302,,H,49,,,atividade,85,
Itinerário,4921302,,H,49,,,atividade,85,
Itinerario,4921302,,H,49,,,atividade,85,
Fixo,4921302,,H,49,,,atividade,85,
Fixo,4921302,,H,49,,,atividade,85,
Intermunicipal,4921302,,H,49,,,atividade,85,
Intermunicipal,4921302,,H,49,,,atividade,85,
Região,4921302,,H,49,,,atividade,85,
Regiao,4921302,,H,49,,,atividade,85,
"Transporte rodoviário coletivo de passageiros, com itinerário fixo, intermunicipal em região metropolitana",4921302,,H,49,,,palavra_chave,90,
"Transporte rodoviário coletivo de passageiros, com itinerário fixo, intermunicipal, exceto em região metropolitana",4922101,,H,49,,,nome_oficial,100,
Transporte,4922101,,H,49,,,atividade,85,
Transporte,4922101,,H,49,,,atividade,85,
Rodoviário,4922101,,H,49,,,atividade,85,
Rodoviario,4922101,,H,49,,,atividade,85,
Coletivo,4922101,,H,49,,,atividade,85,
Coletivo,4922101,,H,49,,,atividade,85,
Passageiros,4922101,,H,49,,,atividade,85,
Passageiros,4922101,,H,49,,,atividade,85,
Itinerário,4922101,,H,49,,,atividade,85,
Itinerario,4922101,,H,49,,,atividade,85,
Fixo,4922101,,H,49,,,atividade,85,
Fixo,4922101,,H,49,,,atividade,85,
Intermunicipal,4922101,,H,49,,,atividade,85,
Intermunicipal,4922101,,H,49,,,atividade,85,
Região,4922101,,H,49,,,atividade,85,
Regiao,4922101,,H,49,,,atividade,85,
"Transporte rodoviário coletivo de passageiros, com itinerário fixo, intermunicipal, exceto em região metropolitana",4922101,,H,49,,,palavra_chave,90,
Serviço de táxi,4923001,,H,49,,,nome_oficial,100,
Táxi,4923001,,H,49,,,atividade,85,
Taxi,4923001,,H,49,,,atividade,85,
Serviço de táxi,4923001,,H,49,,,palavra_chave,90,
Serviço de transporte de passageiros - locação de automóveis com motorista,4923002,,H,49,,,nome_oficial,100,
Transporte,4923002,,H,49,,,atividade,85,
Transporte,4923002,,H,49,,,atividade,85,
Passageiros,4923002,,H,49,,,atividade,85,
Passageiros,4923002,,H,49,,,atividade,85,
Locação,4923002,,H,49,,,atividade,85,
Locacao,4923002,,H,49,,,atividade,85,
Automóveis,4923002,,H,49,,,atividade,85,
Automoveis,4923002,,H,49,,,atividade,85,
Motorista,4923002,,H,49,,,atividade,85,
Motorista,4923002,,H,49,,,atividade,85,
Serviço de transporte de passageiros - locação de automóveis com motorista,4923002,,H,49,,,palavra_chave,90,
Transporte marítimo de cabotagem - Carga,5011401,,H,50,,,nome_oficial,100,
Transporte,5011401,,H,50,,,atividade,85,
Transporte,5011401,,H,50,,,atividade,85,
Marítimo,5011401,,H,50,,,atividade,85,
Maritimo,5011401,,H,50,,,atividade,85,
Cabotagem,5011401,,H,50,,,atividade,85,
Cabotagem,5011401,,H,50,,,atividade,85,
Carga,5011401,,H,50,,,atividade,85,
Carga,5011401,,H,50,,,atividade,85,
Transporte marítimo de cabotagem - Carga,5011401,,H,50,,,palavra_chave,90,
Transporte marítimo de cabotagem - Passageiros,5011402,,H,50,,,nome_oficial,100,
Transporte,5011402,,H,50,,,atividade,85,
Transporte,5011402,,H,50,,,atividade,85,
Marítimo,5011402,,H,50,,,atividade,85,
Maritimo,5011402,,H,50,,,atividade,85,
Cabotagem,5011402,,H,50,,,atividade,85,
Cabotagem,5011402,,H,50,,,atividade,85,
Passageiros,5011402,,H,50,,,atividade,85,
Passageiros,5011402,,H,50,,,atividade,85,
Transporte marítimo de cabotagem - Passageiros,5011402,,H,50,,,palavra_chave,90,
Transporte marítimo de longo curso - Carga,5012201,,H,50,,,nome_oficial,100,
Transporte,5012201,,H,50,,,atividade,85,
Transporte,5012201,,H,50,,,atividade,85,
Marítimo,5012201,,H,50,,,atividade,85,
Maritimo,5012201,,H,50,,,atividade,85,
Longo,5012201,,H,50,,,atividade,85,
Longo,5012201,,H,50,,,atividade,85,
Curso,5012201,,H,50,,,atividade,85,
Curso,5012201,,H,50,,,atividade,85,
Carga,5012201,,H,50,,,atividade,85,
Carga,5012201,,H,50,,,atividade,85,
Transporte marítimo de longo curso - Carga,5012201,,H,50,,,palavra_chave,90,
Transporte marítimo de longo curso - Passageiros,5012202,,H,50,,,nome_oficial,100,
Transporte,5012202,,H,50,,,atividade,85,
Transporte,5012202,,H,50,,,atividade,85,
Marítimo,5012202,,H,50,,,atividade,85,
Maritimo,5012202,,H,50,,,atividade,85,
Longo,5012202,,H,50,,,atividade,85,
Longo,5012202,,H,50,,,atividade,85,
Curso,5012202,,H,50,,,atividade,85,
Curso,5012202,,H,50,,,atividade,85,
Passageiros,5012202,,H,50,,,atividade,85,
Passageiros,5012202,,H,50,,,atividade,85,
Transporte marítimo de longo curso - Passageiros,5012202,,H,50,,,palavra_chave,90,
Transporte aéreo de passageiros regular,5111100,,H,51,,,nome_oficial,100,
Transporte,5111100,,H,51,,,atividade,85,
Transporte,5111100,,H,51,,,atividade,85,
Aéreo,5111100,,H,51,,,atividade,85,
Aereo,5111100,,H,51,,,atividade,85,
Passageiros,5111100,,H,51,,,atividade,85,
Passageiros,5111100,,H,51,,,atividade,85,
Regular,5111100,,H,51,,,atividade,85,
Regular,5111100,,H,51,,,atividade,85,
Transporte aéreo de passageiros regular,5111100,,H,51,,,palavra_chave,90,
Serviço de táxi aéreo e locação de aeronaves com tripulação,5112901,,H,51,,,nome_oficial,100,
Táxi,5112901,,H,51,,,atividade,85,
Taxi,5112901,,H,51,,,atividade,85,
Aéreo,5112901,,H,51,,,atividade,85,
Aereo,5112901,,H,51,,,atividade,85,
Locação,5112901,,H,51,,,atividade,85,
Locacao,5112901,,H,51,,,atividade,85,
Aeronaves,5112901,,H,51,,,atividade,85,
Aeronaves,5112901,,H,51,,,atividade,85,
Tripulação,5112901,,H,51,,,atividade,85,
Tripulacao,5112901,,H,51,,,atividade,85,
Serviço de táxi aéreo e locação de aeronaves com tripulação,5112901,,H,51,,,palavra_chave,90,
Outros serviços de transporte aéreo de passageiros não-regular,5112999,,H,51,,,nome_oficial,100,
Outros,5112999,,H,51,,,atividade,85,
Outros,5112999,,H,51,,,atividade,85,
Transporte,5112999,,H,51,,,atividade,85,
Transporte,5112999,,H,51,,,atividade,85,
Aéreo,5112999,,H,51,,,atividade,85,
Aereo,5112999,,H,51,,,atividade,85,
Passageiros,5112999,,H,51,,,atividade,85,
Passageiros,5112999,,H,51,,,atividade,85,
Regular,5112999,,H,51,,,atividade,85,
Regular,5112999,,H,51,,,atividade,85,
Outros serviços de transporte aéreo de passageiros não-regular,5112999,,H,51,,,palavra_chave,90,
Transporte aéreo de carga,5120000,,H,51,,,nome_oficial,100,
Transporte,5120000,,H,51,,,atividade,85,
Transporte,5120000,,H,51,,,atividade,85,
Aéreo,5120000,,H,51,,,atividade,85,
Aereo,5120000,,H,51,,,atividade,85,
Carga,5120000,,H,51,,,atividade,85,
Carga,5120000,,H,51,,,atividade,85,
Transporte aéreo de carga,5120000,,H,51,,,palavra_chave,90,
Armazéns gerais - emissão de warrant,5211701,,H,52,,,nome_oficial,100,
Armazéns,5211701,,H,52,,,atividade,85,
Armazens,5211701,,H,52,,,atividade,85,
Gerais,5211701,,H,52,,,atividade,85,
Gerais,5211701,,H,52,,,atividade,85,
Emissão,5211701,,H,52,,,atividade,85,
Emissao,5211701,,H,52,,,atividade,85,
Warrant,5211701,,H,52,,,atividade,85,
Warrant,5211701,,H,52,,,atividade,85,
Armazéns gerais - emissão de warrant,5211701,,H,52,,,palavra_chave,90,
Guarda-móveis,5211702,,H,52,,,nome_oficial,100,
Guarda,5211702,,H,52,,,atividade,85,
Guarda,5211702,,H,52,,,atividade,85,
Móveis,5211702,,H,52,,,atividade,85,
Moveis,5211702,,H,52,,,atividade,85,
Guarda-móveis,5211702,,H,52,,,palavra_chave,90,
"Depósitos de mercadorias para terceiros, exceto armazéns gerais e guarda-móveis",5211799,,H,52,,,nome_oficial,100,
Depósitos,5211799,,H,52,,,atividade,85,
Depositos,5211799,,H,52,,,atividade,85,
Mercadorias,5211799,,H,52,,,atividade,85,
Mercadorias,5211799,,H,52,,,atividade,85,
Terceiros,5211799,,H,52,,,atividade,85,
Terceiros,5211799,,H,52,,,atividade,85,
Armazéns,5211799,,H,52,,,atividade,85,
Armazens,5211799,,H,52,,,atividade,85,
Gerais,5211799,,H,52,,,atividade,85,
Gerais,5211799,,H,52,,,atividade,85,
Guarda,5211799,,H,52,,,atividade,85,
Guarda,5211799,,H,52,,,atividade,85,
Móveis,5211799,,H,52,,,atividade,85,
Moveis,5211799,,H,52,,,atividade,85,
"Depósitos de mercadorias para terceiros, exceto armazéns gerais e guarda-móveis",5211799,,H,52,,,palavra_chave,90,
Carga e descarga,5212500,,H,52,,,nome_oficial,100,
Carga,5212500,,H,52,,,atividade,85,
Carga,5212500,,H,52,,,atividade,85,
Descarga,5212500,,H,52,,,atividade,85,
Descarga,5212500,,H,52,,,atividade,85,
Carga e descarga,5212500,,H,52,,,palavra_chave,90,
"Concessionárias de rodovias, pontes, túneis e serviços relacionados",5221400,,H,52,,,nome_oficial,100,
Concessionárias,5221400,,H,52,,,atividade,85,
Concessionarias,5221400,,H,52,,,atividade,85,
Rodovias,5221400,,H,52,,,atividade,85,
Rodovias,5221400,,H,52,,,atividade,85,
Pontes,5221400,,H,52,,,atividade,85,
Pontes,5221400,,H,52,,,atividade,85,
Túneis,5221400,,H,52,,,atividade,85,
Tuneis,5221400,,H,52,,,atividade,85,
Relacionados,5221400,,H,52,,,atividade,85,
Relacionados,5221400,,H,52,,,atividade,85,
"Concessionárias de rodovias, pontes, túneis e serviços relacionados",5221400,,H,52,,,palavra_chave,90,
Terminais rodoviários e ferroviários,5222200,,H,52,,,nome_oficial,100,
Terminais,5222200,,H,52,,,atividade,85,
Terminais,5222200,,H,52,,,atividade,85,
Rodoviários,5222200,,H,52,,,atividade,85,
Rodoviarios,5222200,,H,52,,,atividade,85,
Ferroviários,5222200,,H,52,,,atividade,85,
Ferroviarios,5222200,,H,52,,,atividade,85,
Terminais rodoviários e ferroviários,5222200,,H,52,,,palavra_chave,90,
Estacionamento de veículos,5223100,,H,52,,,nome_oficial,100,
Estacionamento,5223100,,H,52,,,atividade,85,
Estacionamento,5223100,,H,52,,,atividade,85,
Veículos,5223100,,H,52,,,atividade,85,
Veiculos,5223100,,H,52,,,atividade,85,
Estacionamento de veículos,5223100,,H,52,,,palavra_chave,90,
"Serviços de apoio ao transporte por táxi, inclusive centrais de chamada",5229001,,H,52,,,nome_oficial,100,
Apoio,5229001,,H,52,,,atividade,85,
Apoio,5229001,,H,52,,,atividade,85,
Transporte,5229001,,H,52,,,atividade,85,
Transporte,5229001,,H,52,,,atividade,85,
Táxi,5229001,,H,52,,,atividade,85,
Taxi,5229001,,H,52,,,atividade,85,
Inclusive,5229001,,H,52,,,atividade,85,
Inclusive,5229001,,H,52,,,atividade,85,
Centrais,5229001,,H,52,,,atividade,85,
Centrais,5229001,,H,52,,,atividade,85,
Chamada,5229001,,H,52,,,atividade,85,
Chamada,5229001,,H,52,,,atividade,85,
"Serviços de apoio ao transporte por táxi, inclusive centrais de chamada",5229001,,H,52,,,palavra_chave,90,
Serviços de reboque de veículos,5229002,,H,52,,,nome_oficial,100,
Reboque,5229002,,H,52,,,atividade,85,
Reboque,5229002,,H,52,,,atividade,85,
Veículos,5229002,,H,52,,,atividade,85,
Veiculos,5229002,,H,52,,,atividade,85,
Serviços de reboque de veículos,5229002,,H,52,,,palavra_chave,90,
Outras atividades auxiliares dos transportes terrestres não especificadas anteriormente,5229099,,H,52,,,nome_oficial,100,
Outras,5229099,,H,52,,,atividade,85,
Outras,5229099,,H,52,,,atividade,85,
Auxiliares,5229099,,H,52,,,atividade,85,
Auxiliares,5229099,,H,52,,,atividade,85,
Transportes,5229099,,H,52,,,atividade,85,
Transportes,5229099,,H,52,,,atividade,85,
Terrestres,5229099,,H,52,,,atividade,85,
Terrestres,5229099,,H,52,,,atividade,85,
Outras atividades auxiliares dos transportes terrestres não especificadas anteriormente,5229099,,H,52,,,palavra_chave,90,
Atividades do Correio Nacional,5310501,,H,53,,,nome_oficial,100,
Correio,5310501,,H,53,,,atividade,85,
Correio,5310501,,H,53,,,atividade,85,
Nacional,5310501,,H,53,,,atividade,85,
Nacional,5310501,,H,53,,,atividade,85,
Atividades do Correio Nacional,5310501,,H,53,,,palavra_chave,90,
Atividades de entrega rápida,5310502,,H,53,,,nome_oficial,100,
Entrega,5310502,,H,53,,,atividade,85,
Entrega,5310502,,H,53,,,atividade,85,
Rápida,5310502,,H,53,,,atividade,85,
Rapida,5310502,,H,53,,,atividade,85,
Atividades de entrega rápida,5310502,,H,53,,,palavra_chave,90,
Hotéis,5510801,,I,55,,,nome_oficial,100,
Hotéis,5510801,,I,55,,,atividade,85,
Hoteis,5510801,,I,55,,,atividade,85,
Hotéis,5510801,,I,55,,,palavra_chave,90,
Apart-hotéis,5510802,,I,55,,,nome_oficial,100,
Apart,5510802,,I,55,,,atividade,85,
Apart,5510802,,I,55,,,atividade,85,
Hotéis,5510802,,I,55,,,atividade,85,
Hoteis,5510802,,I,55,,,atividade,85,
Apart-hotéis,5510802,,I,55,,,palavra_chave,90,
Motéis,5510803,,I,55,,,nome_oficial,100,
Motéis,5510803,,I,55,,,atividade,85,
Moteis,5510803,,I,55,,,atividade,85,
Motéis,5510803,,I,55,,,palavra_chave,90,
"Albergues, exceto assistenciais",5590601,,I,55,,,nome_oficial,100,
Albergues,5590601,,I,55,,,atividade,85,
Albergues,5590601,,I,55,,,atividade,85,
Assistenciais,5590601,,I,55,,,atividade,85,
Assistenciais,5590601,,I,55,,,atividade,85,
"Albergues, exceto assistenciais",5590601,,I,55,,,palavra_chave,90,
Restaurantes e similares,5611201,,I,56,,,nome_oficial,100,
Restaurantes,5611201,,I,56,,,atividade,85,
Restaurantes,5611201,,I,56,,,atividade,85,
Similares,5611201,,I,56,,,atividade,85,
Similares,5611201,,I,56,,,atividade,85,
Restaurantes e similares,5611201,,I,56,,,palavra_chave,90,
Bares e outros estabelecimentos especializados em servir bebidas,5611202,,I,56,,,nome_oficial,100,
Bares,5611202,,I,56,,,atividade,85,
Bares,5611202,,I,56,,,atividade,85,
Outros,5611202,,I,56,,,atividade,85,
Outros,5611202,,I,56,,,atividade,85,
Estabelecimentos,5611202,,I,56,,,atividade,85,
Estabelecimentos,5611202,,I,56,,,atividade,85,
Especializados,5611202,,I,56,,,atividade,85,
Especializados,5611202,,I,56,,,atividade,85,
Servir,5611202,,I,56,,,atividade,85,
Servir,5611202,,I,56,,,atividade,85,
Bebidas,5611202,,I,56,,,atividade,85,
Bebidas,5611202,,I,56,,,atividade,85,
Bares e outros estabelecimentos especializados em servir bebidas,5611202,,I,56,,,palavra_chave,90,
Restaurantes e outros estabelecimentos de serviços de alimentação e bebidas,5612100,,I,56,,,nome_oficial,100,
Restaurantes,5612100,,I,56,,,atividade,85,
Restaurantes,5612100,,I,56,,,atividade,85,
Outros,5612100,,I,56,,,atividade,85,
Outros,5612100,,I,56,,,atividade,85,
Estabelecimentos,5612100,,I,56,,,atividade,85,
Estabelecimentos,5612100,,I,56,,,atividade,85,
Alimentação,5612100,,I,56,,,atividade,85,
Alimentacao,5612100,,I,56,,,atividade,85,
Bebidas,5612100,,I,56,,,atividade,85,
Bebidas,5612100,,I,56,,,atividade,85,
Restaurantes e outros estabelecimentos de serviços de alimentação e bebidas,5612100,,I,56,,,palavra_chave,90,
Fornecimento de alimentos preparados preponderantemente para empresas,5620101,,I,56,,,nome_oficial,100,
Fornecimento,5620101,,I,56,,,atividade,85,
Fornecimento,5620101,,I,56,,,atividade,85,
Alimentos,5620101,,I,56,,,atividade,85,
Alimentos,5620101,,I,56,,,atividade,85,
Preparados,5620101,,I,56,,,atividade,85,
Preparados,5620101,,I,56,,,atividade,85,
Preponderantemente,5620101,,I,56,,,atividade,85,
Preponderantemente,5620101,,I,56,,,atividade,85,
Empresas,5620101,,I,56,,,atividade,85,
Empresas,5620101,,I,56,,,atividade,85,
Fornecimento de alimentos preparados preponderantemente para empresas,5620101,,I,56,,,palavra_chave,90,
Edição de livros,5811500,,J,58,,,nome_oficial,100,
Edição,5811500,,J,58,,,atividade,85,
Edicao,5811500,,J,58,,,atividade,85,
Livros,5811500,,J,58,,,atividade,85,
Livros,5811500,,J,58,,,atividade,85,
Edição de livros,5811500,,J,58,,,palavra_chave,90,
Edição de jornais diários,5812301,,J,58,,,nome_oficial,100,
Edição,5812301,,J,58,,,atividade,85,
Edicao,5812301,,J,58,,,atividade,85,
Jornais,5812301,,J,58,,,atividade,85,
Jornais,5812301,,J,58,,,atividade,85,
Diários,5812301,,J,58,,,atividade,85,
Diarios,5812301,,J,58,,,atividade,85,
Edição de jornais diários,5812301,,J,58,,,palavra_chave,90,
Edição de jornais não-diários,5812302,,J,58,,,nome_oficial,100,
Edição,5812302,,J,58,,,atividade,85,
Edicao,5812302,,J,58,,,atividade,85,
Jornais,5812302,,J,58,,,atividade,85,
Jornais,5812302,,J,58,,,atividade,85,
Diários,5812302,,J,58,,,atividade,85,
Diarios,5812302,,J,58,,,atividade,85,
Edição de jornais não-diários,5812302,,J,58,,,palavra_chave,90,
Edição de revistas,5813100,,J,58,,,nome_oficial,100,
Edição,5813100,,J,58,,,atividade,85,
Edicao,5813100,,J,58,,,atividade,85,
Revistas,5813100,,J,58,,,atividade,85,
Revistas,5813100,,J,58,,,atividade,85,
Edição de revistas,5813100,,J,58,,,palavra_chave,90,
"Edição de cadastros, listas e de outros produtos gráficos",5819100,,J,58,,,nome_oficial,100,
Edição,5819100,,J,58,,,atividade,85,
Edicao,5819100,,J,58,,,atividade,85,
Cadastros,5819100,,J,58,,,atividade,85,
Cadastros,5819100,,J,58,,,atividade,85,
Listas,5819100,,J,58,,,atividade,85,
Listas,5819100,,J,58,,,atividade,85,
Outros,5819100,,J,58,,,atividade,85,
Outros,5819100,,J,58,,,atividade,85,
Produtos,5819100,,J,58,,,atividade,85,
Produtos,5819100,,J,58,,,atividade,85,
Gráficos,5819100,,J,58,,,atividade,85,
Graficos,5819100,,J,58,,,atividade,85,
"Edição de cadastros, listas e de outros produtos gráficos",5819100,,J,58,,,palavra_chave,90,
Estúdios cinematográficos,5911101,,J,59,,,nome_oficial,100,
Estúdios,5911101,,J,59,,,atividade,85,
Estudios,5911101,,J,59,,,atividade,85,
Cinematográficos,5911101,,J,59,,,atividade,85,
Cinematograficos,5911101,,J,59,,,atividade,85,
Estúdios cinematográficos,5911101,,J,59,,,palavra_chave,90,
Produção de filmes para cinema,5911102,,J,59,,,nome_oficial,100,
Filmes,5911102,,J,59,,,atividade,85,
Filmes,5911102,,J,59,,,atividade,85,
Cinema,5911102,,J,59,,,atividade,85,
Cinema,5911102,,J,59,,,atividade,85,
Produção de filmes para cinema,5911102,,J,59,,,palavra_chave,90,
"Atividades de pós-produção cinematográfica, vídeos e animações",5912001,,J,59,,,nome_oficial,100,
Pós,5912001,,J,59,,,atividade,85,
Pos,5912001,,J,59,,,atividade,85,
Cinematográfica,5912001,,J,59,,,atividade,85,
Cinematografica,5912001,,J,59,,,atividade,85,
Vídeos,5912001,,J,59,,,atividade,85,
Videos,5912001,,J,59,,,atividade,85,
Animações,5912001,,J,59,,,atividade,85,
Animacoes,5912001,,J,59,,,atividade,85,
"Atividades de pós-produção cinematográfica, vídeos e animações",5912001,,J,59,,,palavra_chave,90,
Laboratórios de revelação de filmes,5912002,,J,59,,,nome_oficial,100,
Laboratórios,5912002,,J,59,,,atividade,85,
Laboratorios,5912002,,J,59,,,atividade,85,
Revelação,5912002,,J,59,,,atividade,85,
Revelacao,5912002,,J,59,,,atividade,85,
Filmes,5912002,,J,59,,,atividade,85,
Filmes,5912002,,J,59,,,atividade,85,
Laboratórios de revelação de filmes,5912002,,J,59,,,palavra_chave,90,
"Distribuição cinematográfica, de vídeo e de programas de televisão",5913800,,J,59,,,nome_oficial,100,
Distribuição,5913800,,J,59,,,atividade,85,
Distribuicao,5913800,,J,59,,,atividade,85,
Cinematográfica,5913800,,J,59,,,atividade,85,
Cinematografica,5913800,,J,59,,,atividade,85,
Vídeo,5913800,,J,59,,,atividade,85,
Video,5913800,,J,59,,,atividade,85,
Programas,5913800,,J,59,,,atividade,85,
Programas,5913800,,J,59,,,atividade,85,
Televisão,5913800,,J,59,,,atividade,85,
Televisao,5913800,,J,59,,,atividade,85,
"Distribuição cinematográfica, de vídeo e de programas de televisão",5913800,,J,59,,,palavra_chave,90,
Atividades de exibição cinematográfica,5914700,,J,59,,,nome_oficial,100,
Exibição,5914700,,J,59,,,atividade,85,
Exibicao,5914700,,J,59,,,atividade,85,
Cinematográfica,5914700,,J,59,,,atividade,85,
Cinematografica,5914700,,J,59,,,atividade,85,
Atividades de exibição cinematográfica,5914700,,J,59,,,palavra_chave,90,
Atividades de rádio,6010100,,J,60,,,nome_oficial,100,
Rádio,6010100,,J,60,,,atividade,85,
Radio,6010100,,J,60,,,atividade,85,
Atividades de rádio,6010100,,J,60,,,palavra_chave,90,
Atividades de televisão aberta,6021700,,J,60,,,nome_oficial,100,
Televisão,6021700,,J,60,,,atividade,85,
Televisao,6021700,,J,60,,,atividade,85,
Aberta,6021700,,J,60,,,atividade,85,
Aberta,6021700,,J,60,,,atividade,85,
Atividades de televisão aberta,6021700,,J,60,,,palavra_chave,90,
Programadoras e atividades de televisão por assinatura por cabo,6022501,,J,60,,,nome_oficial,100,
Programadoras,6022501,,J,60,,,atividade,85,
Programadoras,6022501,,J,60,,,atividade,85,
Televisão,6022501,,J,60,,,atividade,85,
Televisao,6022501,,J,60,,,atividade,85,
Assinatura,6022501,,J,60,,,atividade,85,
Assinatura,6022501,,J,60,,,atividade,85,
Cabo,6022501,,J,60,,,atividade,85,
Cabo,6022501,,J,60,,,atividade,85,
Programadoras e atividades de televisão por assinatura por cabo,6022501,,J,60,,,palavra_chave,90,
"Atividades relacionadas à televisão por assinatura, exceto programadoras",6022502,,J,60,,,nome_oficial,100,
Relacionadas,6022502,,J,60,,,atividade,85,
Relacionadas,6022502,,J,60,,,atividade,85,
Televisão,6022502,,J,60,,,atividade,85,
Televisao,6022502,,J,60,,,atividade,85,
Assinatura,6022502,,J,60,,,atividade,85,
Assinatura,6022502,,J,60,,,atividade,85,
Programadoras,6022502,,J,60,,,atividade,85,
Programadoras,6022502,,J,60,,,atividade,85,
"Atividades relacionadas à televisão por assinatura, exceto programadoras",6022502,,J,60,,,palavra_chave,90,
Serviços de telefonia fixa comutada - STFC,6110801,,J,61,,,nome_oficial,100,
Telefonia,6110801,,J,61,,,atividade,85,
Telefonia,6110801,,J,61,,,atividade,85,
Fixa,6110801,,J,61,,,atividade,85,
Fixa,6110801,,J,61,,,atividade,85,
Comutada,6110801,,J,61,,,atividade,85,
Comutada,6110801,,J,61,,,atividade,85,
Stfc,6110801,,J,61,,,atividade,85,
Stfc,6110801,,J,61,,,atividade,85,
Serviços de telefonia fixa comutada - STFC,6110801,,J,61,,,palavra_chave,90,
Serviços de redes de transporte de telecomunicações - SRTT,6110802,,J,61,,,nome_oficial,100,
Redes,6110802,,J,61,,,atividade,85,
Redes,6110802,,J,61,,,atividade,85,
Transporte,6110802,,J,61,,,atividade,85,
Transporte,6110802,,J,61,,,atividade,85,
Telecomunicações,6110802,,J,61,,,atividade,85,
Telecomunicacoes,6110802,,J,61,,,atividade,85,
Srtt,6110802,,J,61,,,atividade,85,
Srtt,6110802,,J,61,,,atividade,85,
Serviços de redes de transporte de telecomunicações - SRTT,6110802,,J,61,,,palavra_chave,90,
Serviços de comunicação multimídia - SCM,6110803,,J,61,,,nome_oficial,100,
Comunicação,6110803,,J,61,,,atividade,85,
Comunicacao,6110803,,J,61,,,atividade,85,
Multimídia,6110803,,J,61,,,atividade,85,
Multimidia,6110803,,J,61,,,atividade,85,
Scm,6110803,,J,61,,,atividade,85,
Scm,6110803,,J,61,,,atividade,85,
Serviços de comunicação multimídia - SCM,6110803,,J,61,,,palavra_chave,90,
Telefonia móvel celular,6120501,,J,61,,,nome_oficial,100,
Telefonia,6120501,,J,61,,,atividade,85,
Telefonia,6120501,,J,61,,,atividade,85,
Móvel,6120501,,J,61,,,atividade,85,
Movel,6120501,,J,61,,,atividade,85,
Celular,6120501,,J,61,,,atividade,85,
Celular,6120501,,J,61,,,atividade,85,
Telefonia móvel celular,6120501,,J,61,,,palavra_chave,90,
Serviço móvel especializado - SME,6120502,,J,61,,,nome_oficial,100,
Móvel,6120502,,J,61,,,atividade,85,
Movel,6120502,,J,61,,,atividade,85,
Especializado,6120502,,J,61,,,atividade,85,
Especializado,6120502,,J,61,,,atividade,85,
Sme,6120502,,J,61,,,atividade,85,
Sme,6120502,,J,61,,,atividade,85,
Serviço móvel especializado - SME,6120502,,J,61,,,palavra_chave,90,
Desenvolvimento de programas de computador sob encomenda,6201500,,J,62,,,nome_oficial,100,
Desenvolvimento,6201500,,J,62,,,atividade,85,
Desenvolvimento,6201500,,J,62,,,atividade,85,
Programas,6201500,,J,62,,,atividade,85,
Programas,6201500,,J,62,,,atividade,85,
Computador,6201500,,J,62,,,atividade,85,
Computador,6201500,,J,62,,,atividade,85,
Sob,6201500,,J,62,,,atividade,85,
Sob,6201500,,J,62,,,atividade,85,
Encomenda,6201500,,J,62,,,atividade,85,
Encomenda,6201500,,J,62,,,atividade,85,
Desenvolvimento de programas de computador sob encomenda,6201500,,J,62,,,palavra_chave,90,
Desenvolvimento de programas de computador sob encomenda,6201501,,J,62,,,nome_oficial,100,
Desenvolvimento,6201501,,J,62,,,atividade,85,
Desenvolvimento,6201501,,J,62,,,atividade,85,
Programas,6201501,,J,62,,,atividade,85,
Programas,6201501,,J,62,,,atividade,85,
Computador,6201501,,J,62,,,atividade,85,
Computador,6201501,,J,62,,,atividade,85,
Sob,6201501,,J,62,,,atividade,85,
Sob,6201501,,J,62,,,atividade,85,
Encomenda,6201501,,J,62,,,atividade,85,
Encomenda,6201501,,J,62,,,atividade,85,
Desenvolvimento de programas de computador sob encomenda,6201501,,J,62,,,palavra_chave,90,
Web design,6201502,,J,62,,,nome_oficial,100,
Web,6201502,,J,62,,,atividade,85,
Web,6201502,,J,62,,,atividade,85,
Design,6201502,,J,62,,,atividade,85,
Design,6201502,,J,62,,,atividade,85,
Web design,6201502,,J,62,,,palavra_chave,90,
Desenvolvimento e licenciamento de programas de computador customizáveis,6202300,,J,62,,,nome_oficial,100,
Desenvolvimento,6202300,,J,62,,,atividade,85,
Desenvolvimento,6202300,,J,62,,,atividade,85,
Licenciamento,6202300,,J,62,,,atividade,85,
Licenciamento,6202300,,J,62,,,atividade,85,
Programas,6202300,,J,62,,,atividade,85,
Programas,6202300,,J,62,,,atividade,85,
Computador,6202300,,J,62,,,atividade,85,
Computador,6202300,,J,62,,,atividade,85,
Customizáveis,6202300,,J,62,,,atividade,85,
Customizaveis,6202300,,J,62,,,atividade,85,
Desenvolvimento e licenciamento de programas de computador customizáveis,6202300,,J,62,,,palavra_chave,90,
Desenvolvimento e licenciamento de programas de computador não-customizáveis,6203100,,J,62,,,nome_oficial,100,
Desenvolvimento,6203100,,J,62,,,atividade,85,
Desenvolvimento,6203100,,J,62,,,atividade,85,
Licenciamento,6203100,,J,62,,,atividade,85,
Licenciamento,6203100,,J,62,,,atividade,85,
Programas,6203100,,J,62,,,atividade,85,
Programas,6203100,,J,62,,,atividade,85,
Computador,6203100,,J,62,,,atividade,85,
Computador,6203100,,J,62,,,atividade,85,
Customizáveis,6203100,,J,62,,,atividade,85,
Customizaveis,6203100,,J,62,,,atividade,85,
Desenvolvimento e licenciamento de programas de computador não-customizáveis,6203100,,J,62,,,palavra_chave,90,
Consultoria em tecnologia da informação,6204000,,J,62,,,nome_oficial,100,
Consultoria,6204000,,J,62,,,profissao,85,
Consultoria,6204000,,J,62,,,profissao,85,
Tecnologia,6204000,,J,62,,,atividade,85,
Tecnologia,6204000,,J,62,,,atividade,85,
Informação,6204000,,J,62,,,atividade,85,
Informacao,6204000,,J,62,,,atividade,85,
Consultoria em tecnologia da informação,6204000,,J,62,,,palavra_chave,90,
"Tratamento de dados, provedores de serviços de aplicação e serviços de hospedagem na internet",6311900,,J,63,,,nome_oficial,100,
Tratamento,6311900,,J,63,,,atividade,85,
Tratamento,6311900,,J,63,,,atividade,85,
Dados,6311900,,J,63,,,atividade,85,
Dados,6311900,,J,63,,,atividade,85,
Provedores,6311900,,J,63,,,atividade,85,
Provedores,6311900,,J,63,,,atividade,85,
Aplicação,6311900,,J,63,,,atividade,85,
Aplicacao,6311900,,J,63,,,atividade,85,
Hospedagem,6311900,,J,63,,,atividade,85,
Hospedagem,6311900,,J,63,,,atividade,85,
Internet,6311900,,J,63,,,atividade,85,
Internet,6311900,,J,63,,,atividade,85,
"Tratamento de dados, provedores de serviços de aplicação e serviços de hospedagem na internet",6311900,,J,63,,,palavra_chave,90,
"Portais, provedores de conteúdo e outros serviços de informação na internet",6312000,,J,63,,,nome_oficial,100,
Portais,6312000,,J,63,,,atividade,85,
Portais,6312000,,J,63,,,atividade,85,
Provedores,6312000,,J,63,,,atividade,85,
Provedores,6312000,,J,63,,,atividade,85,
Conteúdo,6312000,,J,63,,,atividade,85,
Conteudo,6312000,,J,63,,,atividade,85,
Outros,6312000,,J,63,,,atividade,85,
Outros,6312000,,J,63,,,atividade,85,
Informação,6312000,,J,63,,,atividade,85,
Informacao,6312000,,J,63,,,atividade,85,
Internet,6312000,,J,63,,,atividade,85,
Internet,6312000,,J,63,,,atividade,85,
"Portais, provedores de conteúdo e outros serviços de informação na internet",6312000,,J,63,,,palavra_chave,90,
"Tratamento de dados, provedores de serviços de aplicação e serviços de hospedagem na internet",6319400,,J,63,,,nome_oficial,100,
Tratamento,6319400,,J,63,,,atividade,85,
Tratamento,6319400,,J,63,,,atividade,85,
Dados,6319400,,J,63,,,atividade,85,
Dados,6319400,,J,63,,,atividade,85,
Provedores,6319400,,J,63,,,atividade,85,
Provedores,6319400,,J,63,,,atividade,85,
Aplicação,6319400,,J,63,,,atividade,85,
Aplicacao,6319400,,J,63,,,atividade,85,
Hospedagem,6319400,,J,63,,,atividade,85,
Hospedagem,6319400,,J,63,,,atividade,85,
Internet,6319400,,J,63,,,atividade,85,
Internet,6319400,,J,63,,,atividade,85,
"Tratamento de dados, provedores de serviços de aplicação e serviços de hospedagem na internet",6319400,,J,63,,,palavra_chave,90,
Agências de notícias,6391700,,J,63,,,nome_oficial,100,
Agências,6391700,,J,63,,,atividade,85,
Agencias,6391700,,J,63,,,atividade,85,
Notícias,6391700,,J,63,,,atividade,85,
Noticias,6391700,,J,63,,,atividade,85,
Agências de notícias,6391700,,J,63,,,palavra_chave,90,
Outras atividades de prestação de serviços de informação não especificadas anteriormente,6399200,,J,63,,,nome_oficial,100,
Outras,6399200,,J,63,,,atividade,85,
Outras,6399200,,J,63,,,atividade,85,
Prestação,6399200,,J,63,,,servico,85,
Prestacao,6399200,,J,63,,,servico,85,
Informação,6399200,,J,63,,,atividade,85,
Informacao,6399200,,J,63,,,atividade,85,
Outras atividades de prestação de serviços de informação não especificadas anteriormente,6399200,,J,63,,,palavra_chave,90,
Banco Central,6410700,,K,64,,,nome_oficial,100,
Banco,6410700,,K,64,,,atividade,85,
Banco,6410700,,K,64,,,atividade,85,
Central,6410700,,K,64,,,atividade,85,
Central,6410700,,K,64,,,atividade,85,
Banco Central,6410700,,K,64,,,palavra_chave,90,
Bancos comerciais,6421200,,K,64,,,nome_oficial,100,
Bancos,6421200,,K,64,,,atividade,85,
Bancos,6421200,,K,64,,,atividade,85,
Comerciais,6421200,,K,64,,,atividade,85,
Comerciais,6421200,,K,64,,,atividade,85,
Bancos comerciais,6421200,,K,64,,,palavra_chave,90,
"Bancos múltiplos, com carteira comercial",6422100,,K,64,,,nome_oficial,100,
Bancos,6422100,,K,64,,,atividade,85,
Bancos,6422100,,K,64,,,atividade,85,
Múltiplos,6422100,,K,64,,,atividade,85,
Multiplos,6422100,,K,64,,,atividade,85,
Carteira,6422100,,K,64,,,atividade,85,
Carteira,6422100,,K,64,,,atividade,85,
Comercial,6422100,,K,64,,,atividade,85,
Comercial,6422100,,K,64,,,atividade,85,
"Bancos múltiplos, com carteira comercial",6422100,,K,64,,,palavra_chave,90,
Caixas econômicas,6423900,,K,64,,,nome_oficial,100,
Caixas,6423900,,K,64,,,atividade,85,
Caixas,6423900,,K,64,,,atividade,85,
Econômicas,6423900,,K,64,,,atividade,85,
Economicas,6423900,,K,64,,,atividade,85,
Caixas econômicas,6423900,,K,64,,,palavra_chave,90,
"Bancos múltiplos, sem carteira comercial",6431000,,K,64,,,nome_oficial,100,
Bancos,6431000,,K,64,,,atividade,85,
Bancos,6431000,,K,64,,,atividade,85,
Múltiplos,6431000,,K,64,,,atividade,85,
Multiplos,6431000,,K,64,,,atividade,85,
Sem,6431000,,K,64,,,atividade,85,
Sem,6431000,,K,64,,,atividade,85,
Carteira,6431000,,K,64,,,atividade,85,
Carteira,6431000,,K,64,,,atividade,85,
Comercial,6431000,,K,64,,,atividade,85,
Comercial,6431000,,K,64,,,atividade,85,
"Bancos múltiplos, sem carteira comercial",6431000,,K,64,,,palavra_chave,90,
Bancos de investimento,6432800,,K,64,,,nome_oficial,100,
Bancos,6432800,,K,64,,,atividade,85,
Bancos,6432800,,K,64,,,atividade,85,
Investimento,6432800,,K,64,,,atividade,85,
Investimento,6432800,,K,64,,,atividade,85,
Bancos de investimento,6432800,,K,64,,,palavra_chave,90,
Bancos de desenvolvimento,6433600,,K,64,,,nome_oficial,100,
Bancos,6433600,,K,64,,,atividade,85,
Bancos,6433600,,K,64,,,atividade,85,
Desenvolvimento,6433600,,K,64,,,atividade,85,
Desenvolvimento,6433600,,K,64,,,atividade,85,
Bancos de desenvolvimento,6433600,,K,64,,,palavra_chave,90,
Agências de fomento,6434400,,K,64,,,nome_oficial,100,
Agências,6434400,,K,64,,,atividade,85,
Agencias,6434400,,K,64,,,atividade,85,
Fomento,6434400,,K,64,,,atividade,85,
Fomento,6434400,,K,64,,,atividade,85,
Agências de fomento,6434400,,K,64,,,palavra_chave,90,
Sociedades de crédito imobiliário,6435201,,K,64,,,nome_oficial,100,
Sociedades,6435201,,K,64,,,atividade,85,
Sociedades,6435201,,K,64,,,atividade,85,
Crédito,6435201,,K,64,,,atividade,85,
Credito,6435201,,K,64,,,atividade,85,
Imobiliário,6435201,,K,64,,,atividade,85,
Imobiliario,6435201,,K,64,,,atividade,85,
Sociedades de crédito imobiliário,6435201,,K,64,,,palavra_chave,90,
Associações de poupança e empréstimo,6435202,,K,64,,,nome_oficial,100,
Associações,6435202,,K,64,,,atividade,85,
Associacoes,6435202,,K,64,,,atividade,85,
Poupança,6435202,,K,64,,,atividade,85,
Poupanca,6435202,,K,64,,,atividade,85,
Empréstimo,6435202,,K,64,,,atividade,85,
Emprestimo,6435202,,K,64,,,atividade,85,
Associações de poupança e empréstimo,6435202,,K,64,,,palavra_chave,90,
Seguros de vida,6511101,,K,65,,,nome_oficial,100,
Seguros,6511101,,K,65,,,atividade,85,
Seguros,6511101,,K,65,,,atividade,85,
Vida,6511101,,K,65,,,atividade,85,
Vida,6511101,,K,65,,,atividade,85,
Seguros de vida,6511101,,K,65,,,palavra_chave,90,
Planos de auxílio-funeral,6511102,,K,65,,,nome_oficial,100,
Planos,6511102,,K,65,,,atividade,85,
Planos,6511102,,K,65,,,atividade,85,
Auxílio,6511102,,K,65,,,atividade,85,
Auxilio,6511102,,K,65,,,atividade,85,
Funeral,6511102,,K,65,,,atividade,85,
Funeral,6511102,,K,65,,,atividade,85,
Planos de auxílio-funeral,6511102,,K,65,,,palavra_chave,90,
Seguros não-vida,6512000,,K,65,,,nome_oficial,100,
Seguros,6512000,,K,65,,,atividade,85,
Seguros,6512000,,K,65,,,atividade,85,
Vida,6512000,,K,65,,,atividade,85,
Vida,6512000,,K,65,,,atividade,85,
Seguros não-vida,6512000,,K,65,,,palavra_chave,90,
Seguros-saúde,6520100,,K,65,,,nome_oficial,100,
Seguros,6520100,,K,65,,,atividade,85,
Seguros,6520100,,K,65,,,atividade,85,
Saúde,6520100,,K,65,,,atividade,85,
Saude,6520100,,K,65,,,atividade,85,
Seguros-saúde,6520100,,K,65,,,palavra_chave,90,
Bolsa de valores,6611801,,K,66,,,nome_oficial,100,
Bolsa,6611801,,K,66,,,atividade,85,
Bolsa,6611801,,K,66,,,atividade,85,
Valores,6611801,,K,66,,,atividade,85,
Valores,6611801,,K,66,,,atividade,85,
Bolsa de valores,6611801,,K,66,,,palavra_chave,90,
Bolsa de mercadorias,6611802,,K,66,,,nome_oficial,100,
Bolsa,6611802,,K,66,,,atividade,85,
Bolsa,6611802,,K,66,,,atividade,85,
Mercadorias,6611802,,K,66,,,atividade,85,
Mercadorias,6611802,,K,66,,,atividade,85,
Bolsa de mercadorias,6611802,,K,66,,,palavra_chave,90,
Bolsa de mercadorias e futuros,6611803,,K,66,,,nome_oficial,100,
Bolsa,6611803,,K,66,,,atividade,85,
Bolsa,6611803,,K,66,,,atividade,85,
Mercadorias,6611803,,K,66,,,atividade,85,
Mercadorias,6611803,,K,66,,,atividade,85,
Futuros,6611803,,K,66,,,atividade,85,
Futuros,6611803,,K,66,,,atividade,85,
Bolsa de mercadorias e futuros,6611803,,K,66,,,palavra_chave,90,
Administração de consórcios para aquisição de bens e direitos,6611804,,K,66,,,nome_oficial,100,
Administração,6611804,,K,66,,,atividade,85,
Administracao,6611804,,K,66,,,atividade,85,
Consórcios,6611804,,K,66,,,atividade,85,
Consorcios,6611804,,K,66,,,atividade,85,
Aquisição,6611804,,K,66,,,atividade,85,
Aquisicao,6611804,,K,66,,,atividade,85,
Bens,6611804,,K,66,,,atividade,85,
Bens,6611804,,K,66,,,atividade,85,
Direitos,6611804,,K,66,,,atividade,85,
Direitos,6611804,,K,66,,,atividade,85,
Administração de consórcios para aquisição de bens e direitos,6611804,,K,66,,,palavra_chave,90,
Corretoras de títulos e valores mobiliários,6612600,,K,66,,,nome_oficial,100,
Corretoras,6612600,,K,66,,,atividade,85,
Corretoras,6612600,,K,66,,,atividade,85,
Títulos,6612600,,K,66,,,atividade,85,
Titulos,6612600,,K,66,,,atividade,85,
Valores,6612600,,K,66,,,atividade,85,
Valores,6612600,,K,66,,,atividade,85,
Mobiliários,6612600,,K,66,,,atividade,85,
Mobiliarios,6612600,,K,66,,,atividade,85,
Corretoras de títulos e valores mobiliários,6612600,,K,66,,,palavra_chave,90,
Compra e venda de imóveis próprios,6810201,,L,68,,,nome_oficial,100,
Compra,6810201,,L,68,,,atividade,85,
Compra,6810201,,L,68,,,atividade,85,
Venda,6810201,,L,68,,,atividade,85,
Venda,6810201,,L,68,,,atividade,85,
Imóveis,6810201,,L,68,,,atividade,85,
Imoveis,6810201,,L,68,,,atividade,85,
Próprios,6810201,,L,68,,,atividade,85,
Proprios,6810201,,L,68,,,atividade,85,
Compra e venda de imóveis próprios,6810201,,L,68,,,palavra_chave,90,
Aluguel de imóveis próprios,6810202,,L,68,,,nome_oficial,100,
Aluguel,6810202,,L,68,,,atividade,85,
Aluguel,6810202,,L,68,,,atividade,85,
Imóveis,6810202,,L,68,,,atividade,85,
Imoveis,6810202,,L,68,,,atividade,85,
Próprios,6810202,,L,68,,,atividade,85,
Proprios,6810202,,L,68,,,atividade,85,
Aluguel de imóveis próprios,6810202,,L,68,,,palavra_chave,90,
Loteamento de imóveis próprios,6810203,,L,68,,,nome_oficial,100,
Loteamento,6810203,,L,68,,,atividade,85,
Loteamento,6810203,,L,68,,,atividade,85,
Imóveis,6810203,,L,68,,,atividade,85,
Imoveis,6810203,,L,68,,,atividade,85,
Próprios,6810203,,L,68,,,atividade,85,
Proprios,6810203,,L,68,,,atividade,85,
Loteamento de imóveis próprios,6810203,,L,68,,,palavra_chave,90,
Serviços advocatícios,6911701,,M,69,,,nome_oficial,100,
Advocatícios,6911701,,M,69,,,atividade,85,
Advocaticios,6911701,,M,69,,,atividade,85,
Serviços advocatícios,6911701,,M,69,,,palavra_chave,90,
Atividades auxiliares da justiça,6911702,,M,69,,,nome_oficial,100,
Auxiliares,6911702,,M,69,,,atividade,85,
Auxiliares,6911702,,M,69,,,atividade,85,
Justiça,6911702,,M,69,,,atividade,85,
Justica,6911702,,M,69,,,atividade,85,
Atividades auxiliares da justiça,6911702,,M,69,,,palavra_chave,90,
Agente de propriedade industrial,6911703,,M,69,,,nome_oficial,100,
Agente,6911703,,M,69,,,atividade,85,
Agente,6911703,,M,69,,,atividade,85,
Propriedade,6911703,,M,69,,,atividade,85,
Propriedade,6911703,,M,69,,,atividade,85,
Industrial,6911703,,M,69,,,atividade,85,
Industrial,6911703,,M,69,,,atividade,85,
Agente de propriedade industrial,6911703,,M,69,,,palavra_chave,90,
Sedes de empresas e administração integrada,7010600,,M,70,,,nome_oficial,100,
Sedes,7010600,,M,70,,,atividade,85,
Sedes,7010600,,M,70,,,atividade,85,
Empresas,7010600,,M,70,,,atividade,85,
Empresas,7010600,,M,70,,,atividade,85,
Administração,7010600,,M,70,,,atividade,85,
Administracao,7010600,,M,70,,,atividade,85,
Integrada,7010600,,M,70,,,atividade,85,
Integrada,7010600,,M,70,,,atividade,85,
Sedes de empresas e administração integrada,7010600,,M,70,,,palavra_chave,90,
"Atividades de consultoria em gestão empresarial, exceto consultoria técnica específica",7020400,,M,70,,,nome_oficial,100,
Consultoria,7020400,,M,70,,,profissao,85,
Consultoria,7020400,,M,70,,,profissao,85,
Gestão,7020400,,M,70,,,atividade,85,
Gestao,7020400,,M,70,,,atividade,85,
Empresarial,7020400,,M,70,,,atividade,85,
Empresarial,7020400,,M,70,,,atividade,85,
Técnica,7020400,,M,70,,,atividade,85,
Tecnica,7020400,,M,70,,,atividade,85,
Específica,7020400,,M,70,,,atividade,85,
Especifica,7020400,,M,70,,,atividade,85,
"Atividades de consultoria em gestão empresarial, exceto consultoria técnica específica",7020400,,M,70,,,palavra_chave,90,
Serviços de arquitetura,7111100,,M,71,,,nome_oficial,100,
Arquitetura,7111100,,M,71,,,atividade,85,
Arquitetura,7111100,,M,71,,,atividade,85,
Serviços de arquitetura,7111100,,M,71,,,palavra_chave,90,
Serviços de engenharia,7112000,,M,71,,,nome_oficial,100,
Engenharia,7112000,,M,71,,,atividade,85,
Engenharia,7112000,,M,71,,,atividade,85,
Serviços de engenharia,7112000,,M,71,,,palavra_chave,90,
"Serviços de cartografia, topografia e geodésia",7119701,,M,71,,,nome_oficial,100,
Cartografia,7119701,,M,71,,,atividade,85,
Cartografia,7119701,,M,71,,,atividade,85,
Topografia,7119701,,M,71,,,atividade,85,
Topografia,7119701,,M,71,,,atividade,85,
Geodésia,7119701,,M,71,,,atividade,85,
Geodesia,7119701,,M,71,,,atividade,85,
"Serviços de cartografia, topografia e geodésia",7119701,,M,71,,,palavra_chave,90,
Atividades de estudos geológicos,7119702,,M,71,,,nome_oficial,100,
Estudos,7119702,,M,71,,,atividade,85,
Estudos,7119702,,M,71,,,atividade,85,
Geológicos,7119702,,M,71,,,atividade,85,
Geologicos,7119702,,M,71,,,atividade,85,
Atividades de estudos geológicos,7119702,,M,71,,,palavra_chave,90,
Serviços de desenho técnico relacionados à arquitetura e engenharia,7119703,,M,71,,,nome_oficial,100,
Desenho,7119703,,M,71,,,atividade,85,
Desenho,7119703,,M,71,,,atividade,85,
Técnico,7119703,,M,71,,,profissao,85,
Tecnico,7119703,,M,71,,,profissao,85,
Relacionados,7119703,,M,71,,,atividade,85,
Relacionados,7119703,,M,71,,,atividade,85,
Arquitetura,7119703,,M,71,,,atividade,85,
Arquitetura,7119703,,M,71,,,atividade,85,
Engenharia,7119703,,M,71,,,atividade,85,
Engenharia,7119703,,M,71,,,atividade,85,
Serviços de desenho técnico relacionados à arquitetura e engenharia,7119703,,M,71,,,palavra_chave,90,
Serviços de perícia técnica relacionados à segurança do trabalho,7119704,,M,71,,,nome_oficial,100,
Perícia,7119704,,M,71,,,atividade,85,
Pericia,7119704,,M,71,,,atividade,85,
Técnica,7119704,,M,71,,,atividade,85,
Tecnica,7119704,,M,71,,,atividade,85,
Relacionados,7119704,,M,71,,,atividade,85,
Relacionados,7119704,,M,71,,,atividade,85,
Segurança,7119704,,M,71,,,atividade,85,
Seguranca,7119704,,M,71,,,atividade,85,
Trabalho,7119704,,M,71,,,atividade,85,
Trabalho,7119704,,M,71,,,atividade,85,
Serviços de perícia técnica relacionados à segurança do trabalho,7119704,,M,71,,,palavra_chave,90,
Testes e análises técnicas,7120100,,M,71,,,nome_oficial,100,
Testes,7120100,,M,71,,,atividade,85,
Testes,7120100,,M,71,,,atividade,85,
Análises,7120100,,M,71,,,atividade,85,
Analises,7120100,,M,71,,,atividade,85,
Técnicas,7120100,,M,71,,,atividade,85,
Tecnicas,7120100,,M,71,,,atividade,85,
Testes e análises técnicas,7120100,,M,71,,,palavra_chave,90,
Pesquisa e desenvolvimento experimental em ciências físicas e naturais,7210000,,M,72,,,nome_oficial,100,
Pesquisa,7210000,,M,72,,,atividade,85,
Pesquisa,7210000,,M,72,,,atividade,85,
Desenvolvimento,7210000,,M,72,,,atividade,85,
Desenvolvimento,7210000,,M,72,,,atividade,85,
Experimental,7210000,,M,72,,,atividade,85,
Experimental,7210000,,M,72,,,atividade,85,
Ciências,7210000,,M,72,,,atividade,85,
Ciencias,7210000,,M,72,,,atividade,85,
Físicas,7210000,,M,72,,,atividade,85,
Fisicas,7210000,,M,72,,,atividade,85,
Naturais,7210000,,M,72,,,atividade,85,
Naturais,7210000,,M,72,,,atividade,85,
Pesquisa e desenvolvimento experimental em ciências físicas e naturais,7210000,,M,72,,,palavra_chave,90,
Pesquisa e desenvolvimento experimental em ciências sociais e humanas,7220700,,M,72,,,nome_oficial,100,
Pesquisa,7220700,,M,72,,,atividade,85,
Pesquisa,7220700,,M,72,,,atividade,85,
Desenvolvimento,7220700,,M,72,,,atividade,85,
Desenvolvimento,7220700,,M,72,,,atividade,85,
Experimental,7220700,,M,72,,,atividade,85,
Experimental,7220700,,M,72,,,atividade,85,
Ciências,7220700,,M,72,,,atividade,85,
Ciencias,7220700,,M,72,,,atividade,85,
Sociais,7220700,,M,72,,,atividade,85,
Sociais,7220700,,M,72,,,atividade,85,
Humanas,7220700,,M,72,,,atividade,85,
Humanas,7220700,,M,72,,,atividade,85,
Pesquisa e desenvolvimento experimental em ciências sociais e humanas,7220700,,M,72,,,palavra_chave,90,
Agências de publicidade,7311400,,M,73,,,nome_oficial,100,
Agências,7311400,,M,73,,,atividade,85,
Agencias,7311400,,M,73,,,atividade,85,
Publicidade,7311400,,M,73,,,atividade,85,
Publicidade,7311400,,M,73,,,atividade,85,
Agências de publicidade,7311400,,M,73,,,palavra_chave,90,
"Agenciamento de espaços para publicidade, exceto em veículos de comunicação",7312200,,M,73,,,nome_oficial,100,
Agenciamento,7312200,,M,73,,,atividade,85,
Agenciamento,7312200,,M,73,,,atividade,85,
Espaços,7312200,,M,73,,,atividade,85,
Espacos,7312200,,M,73,,,atividade,85,
Publicidade,7312200,,M,73,,,atividade,85,
Publicidade,7312200,,M,73,,,atividade,85,
Veículos,7312200,,M,73,,,atividade,85,
Veiculos,7312200,,M,73,,,atividade,85,
Comunicação,7312200,,M,73,,,atividade,85,
Comunicacao,7312200,,M,73,,,atividade,85,
"Agenciamento de espaços para publicidade, exceto em veículos de comunicação",7312200,,M,73,,,palavra_chave,90,
Pesquisas de mercado e de opinião pública,7320300,,M,73,,,nome_oficial,100,
Pesquisas,7320300,,M,73,,,atividade,85,
Pesquisas,7320300,,M,73,,,atividade,85,
Mercado,7320300,,M,73,,,atividade,85,
Mercado,7320300,,M,73,,,atividade,85,
Opinião,7320300,,M,73,,,atividade,85,
Opiniao,7320300,,M,73,,,atividade,85,
Pública,7320300,,M,73,,,atividade,85,
Publica,7320300,,M,73,,,atividade,85,
Pesquisas de mercado e de opinião pública,7320300,,M,73,,,palavra_chave,90,
Design,7410201,,M,74,,,nome_oficial,100,
Design,7410201,,M,74,,,atividade,85,
Design,7410201,,M,74,,,atividade,85,
Design,7410201,,M,74,,,palavra_chave,90,
Design de interiores,7410202,,M,74,,,nome_oficial,100,
Design,7410202,,M,74,,,atividade,85,
Design,7410202,,M,74,,,atividade,85,
Interiores,7410202,,M,74,,,atividade,85,
Interiores,7410202,,M,74,,,atividade,85,
Design de interiores,7410202,,M,74,,,palavra_chave,90,
Design de produto,7410203,,M,74,,,nome_oficial,100,
Design,7410203,,M,74,,,atividade,85,
Design,7410203,,M,74,,,atividade,85,
Produto,7410203,,M,74,,,atividade,85,
Produto,7410203,,M,74,,,atividade,85,
Design de produto,7410203,,M,74,,,palavra_chave,90,
"Atividades de fotografia, exceto aérea",7420001,,M,74,,,nome_oficial,100,
Fotografia,7420001,,M,74,,,atividade,85,
Fotografia,7420001,,M,74,,,atividade,85,
Aérea,7420001,,M,74,,,atividade,85,
Aerea,7420001,,M,74,,,atividade,85,
"Atividades de fotografia, exceto aérea",7420001,,M,74,,,palavra_chave,90,
Atividades de filmagem de festas e eventos,7420002,,M,74,,,nome_oficial,100,
Filmagem,7420002,,M,74,,,atividade,85,
Filmagem,7420002,,M,74,,,atividade,85,
Festas,7420002,,M,74,,,atividade,85,
Festas,7420002,,M,74,,,atividade,85,
Eventos,7420002,,M,74,,,atividade,85,
Eventos,7420002,,M,74,,,atividade,85,
Atividades de filmagem de festas e eventos,7420002,,M,74,,,palavra_chave,90,
Atividades de filmagem de vídeos para internet,7420003,,M,74,,,nome_oficial,100,
Filmagem,7420003,,M,74,,,atividade,85,
Filmagem,7420003,,M,74,,,atividade,85,
Vídeos,7420003,,M,74,,,atividade,85,
Videos,7420003,,M,74,,,atividade,85,
Internet,7420003,,M,74,,,atividade,85,
Internet,7420003,,M,74,,,atividade,85,
Atividades de filmagem de vídeos para internet,7420003,,M,74,,,palavra_chave,90,
Atividades veterinárias,7500100,,M,75,,,nome_oficial,100,
Veterinárias,7500100,,M,75,,,atividade,85,
Veterinarias,7500100,,M,75,,,atividade,85,
Atividades veterinárias,7500100,,M,75,,,palavra_chave,90,
Locação de automóveis sem condutor,7711000,,N,77,,,nome_oficial,100,
Locação,7711000,,N,77,,,atividade,85,
Locacao,7711000,,N,77,,,atividade,85,
Automóveis,7711000,,N,77,,,atividade,85,
Automoveis,7711000,,N,77,,,atividade,85,
Sem,7711000,,N,77,,,atividade,85,
Sem,7711000,,N,77,,,atividade,85,
Condutor,7711000,,N,77,,,atividade,85,
Condutor,7711000,,N,77,,,atividade,85,
Locação de automóveis sem condutor,7711000,,N,77,,,palavra_chave,90,
"Locação de embarcações sem tripulação, exceto para fins recreativos",7719501,,N,77,,,nome_oficial,100,
Locação,7719501,,N,77,,,atividade,85,
Locacao,7719501,,N,77,,,atividade,85,
Embarcações,7719501,,N,77,,,atividade,85,
Embarcacoes,7719501,,N,77,,,atividade,85,
Sem,7719501,,N,77,,,atividade,85,
Sem,7719501,,N,77,,,atividade,85,
Tripulação,7719501,,N,77,,,atividade,85,
Tripulacao,7719501,,N,77,,,atividade,85,
Fins,7719501,,N,77,,,atividade,85,
Fins,7719501,,N,77,,,atividade,85,
Recreativos,7719501,,N,77,,,atividade,85,
Recreativos,7719501,,N,77,,,atividade,85,
"Locação de embarcações sem tripulação, exceto para fins recreativos",7719501,,N,77,,,palavra_chave,90,
Locação de aeronaves sem tripulação,7719502,,N,77,,,nome_oficial,100,
Locação,7719502,,N,77,,,atividade,85,
Locacao,7719502,,N,77,,,atividade,85,
Aeronaves,7719502,,N,77,,,atividade,85,
Aeronaves,7719502,,N,77,,,atividade,85,
Sem,7719502,,N,77,,,atividade,85,
Sem,7719502,,N,77,,,atividade,85,
Tripulação,7719502,,N,77,,,atividade,85,
Tripulacao,7719502,,N,77,,,atividade,85,
Locação de aeronaves sem tripulação,7719502,,N,77,,,palavra_chave,90,
"Locação de outros meios de transporte não especificados anteriormente, sem condutor",7719599,,N,77,,,nome_oficial,100,
Locação,7719599,,N,77,,,atividade,85,
Locacao,7719599,,N,77,,,atividade,85,
Outros,7719599,,N,77,,,atividade,85,
Outros,7719599,,N,77,,,atividade,85,
Meios,7719599,,N,77,,,atividade,85,
Meios,7719599,,N,77,,,atividade,85,
Transporte,7719599,,N,77,,,atividade,85,
Transporte,7719599,,N,77,,,atividade,85,
Especificados,7719599,,N,77,,,atividade,85,
Especificados,7719599,,N,77,,,atividade,85,
Sem,7719599,,N,77,,,atividade,85,
Sem,7719599,,N,77,,,atividade,85,
Condutor,7719599,,N,77,,,atividade,85,
Condutor,7719599,,N,77,,,atividade,85,
"Locação de outros meios de transporte não especificados anteriormente, sem condutor",7719599,,N,77,,,palavra_chave,90,
Aluguel de equipamentos recreativos e esportivos,7721700,,N,77,,,nome_oficial,100,
Aluguel,7721700,,N,77,,,atividade,85,
Aluguel,7721700,,N,77,,,atividade,85,
Equipamentos,7721700,,N,77,,,atividade,85,
Equipamentos,7721700,,N,77,,,atividade,85,
Recreativos,7721700,,N,77,,,atividade,85,
Recreativos,7721700,,N,77,,,atividade,85,
Esportivos,7721700,,N,77,,,atividade,85,
Esportivos,7721700,,N,77,,,atividade,85,
Aluguel de equipamentos recreativos e esportivos,7721700,,N,77,,,palavra_chave,90,
Seleção e agenciamento de mão-de-obra,7810800,,N,78,,,nome_oficial,100,
Seleção,7810800,,N,78,,,atividade,85,
Selecao,7810800,,N,78,,,atividade,85,
Agenciamento,7810800,,N,78,,,atividade,85,
Agenciamento,7810800,,N,78,,,atividade,85,
Mão,7810800,,N,78,,,atividade,85,
Mao,7810800,,N,78,,,atividade,85,
Obra,7810800,,N,78,,,atividade,85,
Obra,7810800,,N,78,,,atividade,85,
Seleção e agenciamento de mão-de-obra,7810800,,N,78,,,palavra_chave,90,
Locação de mão-de-obra temporária,7820500,,N,78,,,nome_oficial,100,
Locação,7820500,,N,78,,,atividade,85,
Locacao,7820500,,N,78,,,atividade,85,
Mão,7820500,,N,78,,,atividade,85,
Mao,7820500,,N,78,,,atividade,85,
Obra,7820500,,N,78,,,atividade,85,
Obra,7820500,,N,78,,,atividade,85,
Temporária,7820500,,N,78,,,atividade,85,
Temporaria,7820500,,N,78,,,atividade,85,
Locação de mão-de-obra temporária,7820500,,N,78,,,palavra_chave,90,
Fornecimento e gestão de recursos humanos para terceiros,7830200,,N,78,,,nome_oficial,100,
Fornecimento,7830200,,N,78,,,atividade,85,
Fornecimento,7830200,,N,78,,,atividade,85,
Gestão,7830200,,N,78,,,atividade,85,
Gestao,7830200,,N,78,,,atividade,85,
Recursos,7830200,,N,78,,,atividade,85,
Recursos,7830200,,N,78,,,atividade,85,
Humanos,7830200,,N,78,,,atividade,85,
Humanos,7830200,,N,78,,,atividade,85,
Terceiros,7830200,,N,78,,,atividade,85,
Terceiros,7830200,,N,78,,,atividade,85,
Fornecimento e gestão de recursos humanos para terceiros,7830200,,N,78,,,palavra_chave,90,
Agências de viagens,7911200,,N,79,,,nome_oficial,100,
Agências,7911200,,N,79,,,atividade,85,
Agencias,7911200,,N,79,,,atividade,85,
Viagens,7911200,,N,79,,,atividade,85,
Viagens,7911200,,N,79,,,atividade,85,
Agências de viagens,7911200,,N,79,,,palavra_chave,90,
Operadores turísticos,7912100,,N,79,,,nome_oficial,100,
Operadores,7912100,,N,79,,,atividade,85,
Operadores,7912100,,N,79,,,atividade,85,
Turísticos,7912100,,N,79,,,atividade,85,
Turisticos,7912100,,N,79,,,atividade,85,
Operadores turísticos,7912100,,N,79,,,palavra_chave,90,
Atividades de reservas e outros serviços de turismo não especificados anteriormente,7920200,,N,79,,,nome_oficial,100,
Reservas,7920200,,N,79,,,atividade,85,
Reservas,7920200,,N,79,,,atividade,85,
Outros,7920200,,N,79,,,atividade,85,
Outros,7920200,,N,79,,,atividade,85,
Turismo,7920200,,N,79,,,atividade,85,
Turismo,7920200,,N,79,,,atividade,85,
Especificados,7920200,,N,79,,,atividade,85,
Especificados,7920200,,N,79,,,atividade,85,
Atividades de reservas e outros serviços de turismo não especificados anteriormente,7920200,,N,79,,,palavra_chave,90,
Atividades de vigilância e segurança privada,8011100,,N,80,,,nome_oficial,100,
Vigilância,8011100,,N,80,,,atividade,85,
Vigilancia,8011100,,N,80,,,atividade,85,
Segurança,8011100,,N,80,,,atividade,85,
Seguranca,8011100,,N,80,,,atividade,85,
Privada,8011100,,N,80,,,atividade,85,
Privada,8011100,,N,80,,,atividade,85,
Atividades de vigilância e segurança privada,8011100,,N,80,,,palavra_chave,90,
Vigilância e segurança eletrônica,8011101,,N,80,,,nome_oficial,100,
Vigilância,8011101,,N,80,,,atividade,85,
Vigilancia,8011101,,N,80,,,atividade,85,
Segurança,8011101,,N,80,,,atividade,85,
Seguranca,8011101,,N,80,,,atividade,85,
Eletrônica,8011101,,N,80,,,atividade,85,
Eletronica,8011101,,N,80,,,atividade,85,
Vigilância e segurança eletrônica,8011101,,N,80,,,palavra_chave,90,
Atividades de transporte de valores,8012900,,N,80,,,nome_oficial,100,
Transporte,8012900,,N,80,,,atividade,85,
Transporte,8012900,,N,80,,,atividade,85,
Valores,8012900,,N,80,,,atividade,85,
Valores,8012900,,N,80,,,atividade,85,
Atividades de transporte de valores,8012900,,N,80,,,palavra_chave,90,
"Serviços combinados para apoio a edifícios, exceto condomínios prediais",8111700,,N,81,,,nome_oficial,100,
Combinados,8111700,,N,81,,,atividade,85,
Combinados,8111700,,N,81,,,atividade,85,
Apoio,8111700,,N,81,,,atividade,85,
Apoio,8111700,,N,81,,,atividade,85,
Edifícios,8111700,,N,81,,,atividade,85,
Edificios,8111700,,N,81,,,atividade,85,
Condomínios,8111700,,N,81,,,atividade,85,
Condominios,8111700,,N,81,,,atividade,85,
Prediais,8111700,,N,81,,,atividade,85,
Prediais,8111700,,N,81,,,atividade,85,
"Serviços combinados para apoio a edifícios, exceto condomínios prediais",8111700,,N,81,,,palavra_chave,90,
Condomínios prediais,8112500,,N,81,,,nome_oficial,100,
Condomínios,8112500,,N,81,,,atividade,85,
Condominios,8112500,,N,81,,,atividade,85,
Prediais,8112500,,N,81,,,atividade,85,
Prediais,8112500,,N,81,,,atividade,85,
Condomínios prediais,8112500,,N,81,,,palavra_chave,90,
Limpeza em prédios e em domicílios,8121400,,N,81,,,nome_oficial,100,
Limpeza,8121400,,N,81,,,atividade,85,
Limpeza,8121400,,N,81,,,atividade,85,
Prédios,8121400,,N,81,,,atividade,85,
Predios,8121400,,N,81,,,atividade,85,
Domicílios,8121400,,N,81,,,atividade,85,
Domicilios,8121400,,N,81,,,atividade,85,
Limpeza em prédios e em domicílios,8121400,,N,81,,,palavra_chave,90,
Imunização e controle de pragas urbanas,8122200,,N,81,,,nome_oficial,100,
Imunização,8122200,,N,81,,,atividade,85,
Imunizacao,8122200,,N,81,,,atividade,85,
Controle,8122200,,N,81,,,atividade,85,
Controle,8122200,,N,81,,,atividade,85,
Pragas,8122200,,N,81,,,atividade,85,
Pragas,8122200,,N,81,,,atividade,85,
Urbanas,8122200,,N,81,,,atividade,85,
Urbanas,8122200,,N,81,,,atividade,85,
Imunização e controle de pragas urbanas,8122200,,N,81,,,palavra_chave,90,
Atividades paisagísticas,8130300,,N,81,,,nome_oficial,100,
Paisagísticas,8130300,,N,81,,,atividade,85,
Paisagisticas,8130300,,N,81,,,atividade,85,
Atividades paisagísticas,8130300,,N,81,,,palavra_chave,90,
Serviços combinados de escritório e apoio administrativo,8211300,,N,82,,,nome_oficial,100,
Combinados,8211300,,N,82,,,atividade,85,
Combinados,8211300,,N,82,,,atividade,85,
Escritório,8211300,,N,82,,,atividade,85,
Escritorio,8211300,,N,82,,,atividade,85,
Apoio,8211300,,N,82,,,atividade,85,
Apoio,8211300,,N,82,,,atividade,85,
Administrativo,8211300,,N,82,,,atividade,85,
Administrativo,8211300,,N,82,,,atividade,85,
Serviços combinados de escritório e apoio administrativo,8211300,,N,82,,,palavra_chave,90,
Fotocópias,8219901,,N,82,,,nome_oficial,100,
Fotocópias,8219901,,N,82,,,atividade,85,
Fotocopias,8219901,,N,82,,,atividade,85,
Fotocópias,8219901,,N,82,,,palavra_chave,90,
Preparação de documentos e serviços especializados de apoio administrativo não especificados anteriormente,8219999,,N,82,,,nome_oficial,100,
Preparação,8219999,,N,82,,,atividade,85,
Preparacao,8219999,,N,82,,,atividade,85,
Documentos,8219999,,N,82,,,atividade,85,
Documentos,8219999,,N,82,,,atividade,85,
Especializados,8219999,,N,82,,,atividade,85,
Especializados,8219999,,N,82,,,atividade,85,
Apoio,8219999,,N,82,,,atividade,85,
Apoio,8219999,,N,82,,,atividade,85,
Administrativo,8219999,,N,82,,,atividade,85,
Administrativo,8219999,,N,82,,,atividade,85,
Especificados,8219999,,N,82,,,atividade,85,
Especificados,8219999,,N,82,,,atividade,85,
Preparação de documentos e serviços especializados de apoio administrativo não especificados anteriormente,8219999,,N,82,,,palavra_chave,90,
Atividades de teleatendimento,8220200,,N,82,,,nome_oficial,100,
Teleatendimento,8220200,,N,82,,,atividade,85,
Teleatendimento,8220200,,N,82,,,atividade,85,
Atividades de teleatendimento,8220200,,N,82,,,palavra_chave,90,
"Serviços de organização de feiras, congressos, exposições e festas",8230001,,N,82,,,nome_oficial,100,
Organização,8230001,,N,82,,,atividade,85,
Organizacao,8230001,,N,82,,,atividade,85,
Feiras,8230001,,N,82,,,atividade,85,
Feiras,8230001,,N,82,,,atividade,85,
Congressos,8230001,,N,82,,,atividade,85,
Congressos,8230001,,N,82,,,atividade,85,
Exposições,8230001,,N,82,,,atividade,85,
Exposicoes,8230001,,N,82,,,atividade,85,
Festas,8230001,,N,82,,,atividade,85,
Festas,8230001,,N,82,,,atividade,85,
"Serviços de organização de feiras, congressos, exposições e festas",8230001,,N,82,,,palavra_chave,90,
Casas de festas e eventos,8230002,,N,82,,,nome_oficial,100,
Casas,8230002,,N,82,,,atividade,85,
Casas,8230002,,N,82,,,atividade,85,
Festas,8230002,,N,82,,,atividade,85,
Festas,8230002,,N,82,,,atividade,85,
Eventos,8230002,,N,82,,,atividade,85,
Eventos,8230002,,N,82,,,atividade,85,
Casas de festas e eventos,8230002,,N,82,,,palavra_chave,90,
Atividades de cobranças e informações cadastrais,8291100,,N,82,,,nome_oficial,100,
Cobranças,8291100,,N,82,,,atividade,85,
Cobrancas,8291100,,N,82,,,atividade,85,
Informações,8291100,,N,82,,,atividade,85,
Informacoes,8291100,,N,82,,,atividade,85,
Cadastrais,8291100,,N,82,,,atividade,85,
Cadastrais,8291100,,N,82,,,atividade,85,
Atividades de cobranças e informações cadastrais,8291100,,N,82,,,palavra_chave,90,
Administração pública em geral,8411600,,O,84,,,nome_oficial,100,
Administração,8411600,,O,84,,,atividade,85,
Administracao,8411600,,O,84,,,atividade,85,
Pública,8411600,,O,84,,,atividade,85,
Publica,8411600,,O,84,,,atividade,85,
Geral,8411600,,O,84,,,atividade,85,
Geral,8411600,,O,84,,,atividade,85,
Administração pública em geral,8411600,,O,84,,,palavra_chave,90,
"Regulação das atividades de saúde, educação, serviços culturais e outros serviços sociais",8412400,,O,84,,,nome_oficial,100,
Regulação,8412400,,O,84,,,atividade,85,
Regulacao,8412400,,O,84,,,atividade,85,
Saúde,8412400,,O,84,,,atividade,85,
Saude,8412400,,O,84,,,atividade,85,
Educação,8412400,,O,84,,,atividade,85,
Educacao,8412400,,O,84,,,atividade,85,
Culturais,8412400,,O,84,,,produto,85,
Culturais,8412400,,O,84,,,produto,85,
Outros,8412400,,O,84,,,atividade,85,
Outros,8412400,,O,84,,,atividade,85,
Sociais,8412400,,O,84,,,atividade,85,
Sociais,8412400,,O,84,,,atividade,85,
"Regulação das atividades de saúde, educação, serviços culturais e outros serviços sociais",8412400,,O,84,,,palavra_chave,90,
Regulação das atividades econômicas,8413200,,O,84,,,nome_oficial,100,
Regulação,8413200,,O,84,,,atividade,85,
Regulacao,8413200,,O,84,,,atividade,85,
Econômicas,8413200,,O,84,,,atividade,85,
Economicas,8413200,,O,84,,,atividade,85,
Regulação das atividades econômicas,8413200,,O,84,,,palavra_chave,90,
Relações exteriores,8421300,,O,84,,,nome_oficial,100,
Relações,8421300,,O,84,,,atividade,85,
Relacoes,8421300,,O,84,,,atividade,85,
Exteriores,8421300,,O,84,,,atividade,85,
Exteriores,8421300,,O,84,,,atividade,85,
Relações exteriores,8421300,,O,84,,,palavra_chave,90,
Defesa,8422100,,O,84,,,nome_oficial,100,
Defesa,8422100,,O,84,,,atividade,85,
Defesa,8422100,,O,84,,,atividade,85,
Defesa,8422100,,O,84,,,palavra_chave,90,
Justiça,8423000,,O,84,,,nome_oficial,100,
Justiça,8423000,,O,84,,,atividade,85,
Justica,8423000,,O,84,,,atividade,85,
Justiça,8423000,,O,84,,,palavra_chave,90,
Seguridade social obrigatória,8430200,,O,84,,,nome_oficial,100,
Seguridade,8430200,,O,84,,,atividade,85,
Seguridade,8430200,,O,84,,,atividade,85,
Social,8430200,,O,84,,,atividade,85,
Social,8430200,,O,84,,,atividade,85,
Obrigatória,8430200,,O,84,,,atividade,85,
Obrigatoria,8430200,,O,84,,,atividade,85,
Seguridade social obrigatória,8430200,,O,84,,,palavra_chave,90,
Educação infantil - creche,8511200,,P,85,,,nome_oficial,100,
Educação,8511200,,P,85,,,atividade,85,
Educacao,8511200,,P,85,,,atividade,85,
Infantil,8511200,,P,85,,,atividade,85,
Infantil,8511200,,P,85,,,atividade,85,
Creche,8511200,,P,85,,,atividade,85,
Creche,8511200,,P,85,,,atividade,85,
Educação infantil - creche,8511200,,P,85,,,palavra_chave,90,
Educação infantil - pré-escola,8512100,,P,85,,,nome_oficial,100,
Educação,8512100,,P,85,,,atividade,85,
Educacao,8512100,,P,85,,,atividade,85,
Infantil,8512100,,P,85,,,atividade,85,
Infantil,8512100,,P,85,,,atividade,85,
Pré,8512100,,P,85,,,atividade,85,
Pre,8512100,,P,85,,,atividade,85,
Escola,8512100,,P,85,,,atividade,85,
Escola,8512100,,P,85,,,atividade,85,
Educação infantil - pré-escola,8512100,,P,85,,,palavra_chave,90,
Ensino fundamental,8513900,,P,85,,,nome_oficial,100,
Ensino,8513900,,P,85,,,atividade,85,
Ensino,8513900,,P,85,,,atividade,85,
Fundamental,8513900,,P,85,,,atividade,85,
Fundamental,8513900,,P,85,,,atividade,85,
Ensino fundamental,8513900,,P,85,,,palavra_chave,90,
Ensino médio,8520100,,P,85,,,nome_oficial,100,
Ensino,8520100,,P,85,,,atividade,85,
Ensino,8520100,,P,85,,,atividade,85,
Médio,8520100,,P,85,,,atividade,85,
Medio,8520100,,P,85,,,atividade,85,
Ensino médio,8520100,,P,85,,,palavra_chave,90,
Educação superior - graduação,8531700,,P,85,,,nome_oficial,100,
Educação,8531700,,P,85,,,atividade,85,
Educacao,8531700,,P,85,,,atividade,85,
Superior,8531700,,P,85,,,atividade,85,
Superior,8531700,,P,85,,,atividade,85,
Graduação,8531700,,P,85,,,atividade,85,
Graduacao,8531700,,P,85,,,atividade,85,
Educação superior - graduação,8531700,,P,85,,,palavra_chave,90,
Educação superior - graduação e pós-graduação,8532500,,P,85,,,nome_oficial,100,
Educação,8532500,,P,85,,,atividade,85,
Educacao,8532500,,P,85,,,atividade,85,
Superior,8532500,,P,85,,,atividade,85,
Superior,8532500,,P,85,,,atividade,85,
Graduação,8532500,,P,85,,,atividade,85,
Graduacao,8532500,,P,85,,,atividade,85,
Pós,8532500,,P,85,,,atividade,85,
Pos,8532500,,P,85,,,atividade,85,
Educação superior - graduação e pós-graduação,8532500,,P,85,,,palavra_chave,90,
"Atividades de atendimento hospitalar, exceto pronto-socorro e unidades para atendimento a urgências",8610101,,Q,86,,,nome_oficial,100,
Atendimento,8610101,,Q,86,,,atividade,85,
Atendimento,8610101,,Q,86,,,atividade,85,
Hospitalar,8610101,,Q,86,,,atividade,85,
Hospitalar,8610101,,Q,86,,,atividade,85,
Pronto,8610101,,Q,86,,,atividade,85,
Pronto,8610101,,Q,86,,,atividade,85,
Socorro,8610101,,Q,86,,,atividade,85,
Socorro,8610101,,Q,86,,,atividade,85,
Unidades,8610101,,Q,86,,,atividade,85,
Unidades,8610101,,Q,86,,,atividade,85,
Urgências,8610101,,Q,86,,,atividade,85,
Urgencias,8610101,,Q,86,,,atividade,85,
"Atividades de atendimento hospitalar, exceto pronto-socorro e unidades para atendimento a urgências",8610101,,Q,86,,,palavra_chave,90,
Atividades de atendimento em pronto-socorro e unidades hospitalares para atendimento a urgências,8610102,,Q,86,,,nome_oficial,100,
Atendimento,8610102,,Q,86,,,atividade,85,
Atendimento,8610102,,Q,86,,,atividade,85,
Pronto,8610102,,Q,86,,,atividade,85,
Pronto,8610102,,Q,86,,,atividade,85,
Socorro,8610102,,Q,86,,,atividade,85,
Socorro,8610102,,Q,86,,,atividade,85,
Unidades,8610102,,Q,86,,,atividade,85,
Unidades,8610102,,Q,86,,,atividade,85,
Hospitalares,8610102,,Q,86,,,atividade,85,
Hospitalares,8610102,,Q,86,,,atividade,85,
Urgências,8610102,,Q,86,,,atividade,85,
Urgencias,8610102,,Q,86,,,atividade,85,
Atividades de atendimento em pronto-socorro e unidades hospitalares para atendimento a urgências,8610102,,Q,86,,,palavra_chave,90,
UTI móvel,8621601,,Q,86,,,nome_oficial,100,
Uti,8621601,,Q,86,,,atividade,85,
Uti,8621601,,Q,86,,,atividade,85,
Móvel,8621601,,Q,86,,,atividade,85,
Movel,8621601,,Q,86,,,atividade,85,
UTI móvel,8621601,,Q,86,,,palavra_chave,90,
"Serviços móveis de atendimento a urgências, exceto por UTI móvel",8621602,,Q,86,,,nome_oficial,100,
Móveis,8621602,,Q,86,,,atividade,85,
Moveis,8621602,,Q,86,,,atividade,85,
Atendimento,8621602,,Q,86,,,atividade,85,
Atendimento,8621602,,Q,86,,,atividade,85,
Urgências,8621602,,Q,86,,,atividade,85,
Urgencias,8621602,,Q,86,,,atividade,85,
Uti,8621602,,Q,86,,,atividade,85,
Uti,8621602,,Q,86,,,atividade,85,
Móvel,8621602,,Q,86,,,atividade,85,
Movel,8621602,,Q,86,,,atividade,85,
"Serviços móveis de atendimento a urgências, exceto por UTI móvel",8621602,,Q,86,,,palavra_chave,90,
"Serviços de remoção de pacientes, exceto os serviços móveis de atendimento a urgências",8622400,,Q,86,,,nome_oficial,100,
Remoção,8622400,,Q,86,,,atividade,85,
Remocao,8622400,,Q,86,,,atividade,85,
Pacientes,8622400,,Q,86,,,atividade,85,
Pacientes,8622400,,Q,86,,,atividade,85,
Móveis,8622400,,Q,86,,,atividade,85,
Moveis,8622400,,Q,86,,,atividade,85,
Atendimento,8622400,,Q,86,,,atividade,85,
Atendimento,8622400,,Q,86,,,atividade,85,
Urgências,8622400,,Q,86,,,atividade,85,
Urgencias,8622400,,Q,86,,,atividade,85,
"Serviços de remoção de pacientes, exceto os serviços móveis de atendimento a urgências",8622400,,Q,86,,,palavra_chave,90,
Atividade médica ambulatorial com recursos para realização de procedimentos cirúrgicos,8630501,,Q,86,,,nome_oficial,100,
Médica,8630501,,Q,86,,,atividade,85,
Medica,8630501,,Q,86,,,atividade,85,
Ambulatorial,8630501,,Q,86,,,atividade,85,
Ambulatorial,8630501,,Q,86,,,atividade,85,
Recursos,8630501,,Q,86,,,atividade,85,
Recursos,8630501,,Q,86,,,atividade,85,
Realização,8630501,,Q,86,,,atividade,85,
Realizacao,8630501,,Q,86,,,atividade,85,
Procedimentos,8630501,,Q,86,,,atividade,85,
Procedimentos,8630501,,Q,86,,,atividade,85,
Cirúrgicos,8630501,,Q,86,,,atividade,85,
Cirurgicos,8630501,,Q,86,,,atividade,85,
Atividade médica ambulatorial com recursos para realização de procedimentos cirúrgicos,8630501,,Q,86,,,palavra_chave,90,
Atividade médica ambulatorial com recursos para realização de exames complementares,8630502,,Q,86,,,nome_oficial,100,
Médica,8630502,,Q,86,,,atividade,85,
Medica,8630502,,Q,86,,,atividade,85,
Ambulatorial,8630502,,Q,86,,,atividade,85,
Ambulatorial,8630502,,Q,86,,,atividade,85,
Recursos,8630502,,Q,86,,,atividade,85,
Recursos,8630502,,Q,86,,,atividade,85,
Realização,8630502,,Q,86,,,atividade,85,
Realizacao,8630502,,Q,86,,,atividade,85,
Exames,8630502,,Q,86,,,atividade,85,
Exames,8630502,,Q,86,,,atividade,85,
Complementares,8630502,,Q,86,,,atividade,85,
Complementares,8630502,,Q,86,,,atividade,85,
Atividade médica ambulatorial com recursos para realização de exames complementares,8630502,,Q,86,,,palavra_chave,90,
Clínicas e residências geriátricas,8711500,,Q,87,,,nome_oficial,100,
Clínicas,8711500,,Q,87,,,atividade,85,
Clinicas,8711500,,Q,87,,,atividade,85,
Residências,8711500,,Q,87,,,atividade,85,
Residencias,8711500,,Q,87,,,atividade,85,
Geriátricas,8711500,,Q,87,,,atividade,85,
Geriatricas,8711500,,Q,87,,,atividade,85,
Clínicas e residências geriátricas,8711500,,Q,87,,,palavra_chave,90,
Atividades de fornecimento de infraestrutura de apoio e assistência a paciente no domicílio,8712300,,Q,87,,,nome_oficial,100,
Fornecimento,8712300,,Q,87,,,atividade,85,
Fornecimento,8712300,,Q,87,,,atividade,85,
Infraestrutura,8712300,,Q,87,,,atividade,85,
Infraestrutura,8712300,,Q,87,,,atividade,85,
Apoio,8712300,,Q,87,,,atividade,85,
Apoio,8712300,,Q,87,,,atividade,85,
Assistência,8712300,,Q,87,,,atividade,85,
Assistencia,8712300,,Q,87,,,atividade,85,
Paciente,8712300,,Q,87,,,atividade,85,
Paciente,8712300,,Q,87,,,atividade,85,
Domicílio,8712300,,Q,87,,,atividade,85,
Domicilio,8712300,,Q,87,,,atividade,85,
Atividades de fornecimento de infraestrutura de apoio e assistência a paciente no domicílio,8712300,,Q,87,,,palavra_chave,90,
Serviços de assistência social sem alojamento,8800600,,Q,88,,,nome_oficial,100,
Assistência,8800600,,Q,88,,,atividade,85,
Assistencia,8800600,,Q,88,,,atividade,85,
Social,8800600,,Q,88,,,atividade,85,
Social,8800600,,Q,88,,,atividade,85,
Sem,8800600,,Q,88,,,atividade,85,
Sem,8800600,,Q,88,,,atividade,85,
Alojamento,8800600,,Q,88,,,atividade,85,
Alojamento,8800600,,Q,88,,,atividade,85,
Serviços de assistência social sem alojamento,8800600,,Q,88,,,palavra_chave,90,
Produção teatral,9001901,,R,90,,,nome_oficial,100,
Teatral,9001901,,R,90,,,atividade,85,
Teatral,9001901,,R,90,,,atividade,85,
Produção teatral,9001901,,R,90,,,palavra_chave,90,
Produção musical,9001902,,R,90,,,nome_oficial,100,
Musical,9001902,,R,90,,,atividade,85,
Musical,9001902,,R,90,,,atividade,85,
Produção musical,9001902,,R,90,,,palavra_chave,90,
Produção de espetáculos de dança,9001903,,R,90,,,nome_oficial,100,
Espetáculos,9001903,,R,90,,,atividade,85,
Espetaculos,9001903,,R,90,,,atividade,85,
Dança,9001903,,R,90,,,atividade,85,
Danca,9001903,,R,90,,,atividade,85,
Produção de espetáculos de dança,9001903,,R,90,,,palavra_chave,90,
Atividades de bibliotecas e arquivos,9101500,,R,91,,,nome_oficial,100,
Bibliotecas,9101500,,R,91,,,atividade,85,
Bibliotecas,9101500,,R,91,,,atividade,85,
Arquivos,9101500,,R,91,,,atividade,85,
Arquivos,9101500,,R,91,,,atividade,85,
Atividades de bibliotecas e arquivos,9101500,,R,91,,,palavra_chave,90,
Atividades de museus e de exploração de lugares e prédios históricos e atrações similares,9102301,,R,91,,,nome_oficial,100,
Museus,9102301,,R,91,,,atividade,85,
Museus,9102301,,R,91,,,atividade,85,
Exploração,9102301,,R,91,,,atividade,85,
Exploracao,9102301,,R,91,,,atividade,85,
Lugares,9102301,,R,91,,,atividade,85,
Lugares,9102301,,R,91,,,atividade,85,
Prédios,9102301,,R,91,,,atividade,85,
Predios,9102301,,R,91,,,atividade,85,
Históricos,9102301,,R,91,,,atividade,85,
Historicos,9102301,,R,91,,,atividade,85,
Atrações,9102301,,R,91,,,atividade,85,
Atracoes,9102301,,R,91,,,atividade,85,
Similares,9102301,,R,91,,,atividade,85,
Similares,9102301,,R,91,,,atividade,85,
Atividades de museus e de exploração de lugares e prédios históricos e atrações similares,9102301,,R,91,,,palavra_chave,90,
Restauração e conservação de lugares e prédios históricos,9102302,,R,91,,,nome_oficial,100,
Restauração,9102302,,R,91,,,atividade,85,
Restauracao,9102302,,R,91,,,atividade,85,
Conservação,9102302,,R,91,,,atividade,85,
Conservacao,9102302,,R,91,,,atividade,85,
Lugares,9102302,,R,91,,,atividade,85,
Lugares,9102302,,R,91,,,atividade,85,
Prédios,9102302,,R,91,,,atividade,85,
Predios,9102302,,R,91,,,atividade,85,
Históricos,9102302,,R,91,,,atividade,85,
Historicos,9102302,,R,91,,,atividade,85,
Restauração e conservação de lugares e prédios históricos,9102302,,R,91,,,palavra_chave,90,
"Atividades de jardins botânicos, zoológicos, parques nacionais, reservas ecológicas e áreas de proteção ambiental",9103100,,R,91,,,nome_oficial,100,
Jardins,9103100,,R,91,,,atividade,85,
Jardins,9103100,,R,91,,,atividade,85,
Botânicos,9103100,,R,91,,,atividade,85,
Botanicos,9103100,,R,91,,,atividade,85,
Zoológicos,9103100,,R,91,,,atividade,85,
Zoologicos,9103100,,R,91,,,atividade,85,
Parques,9103100,,R,91,,,atividade,85,
Parques,9103100,,R,91,,,atividade,85,
Nacionais,9103100,,R,91,,,atividade,85,
Nacionais,9103100,,R,91,,,atividade,85,
Reservas,9103100,,R,91,,,atividade,85,
Reservas,9103100,,R,91,,,atividade,85,
Ecológicas,9103100,,R,91,,,atividade,85,
Ecologicas,9103100,,R,91,,,atividade,85,
Áreas,9103100,,R,91,,,atividade,85,
Areas,9103100,,R,91,,,atividade,85,
"Atividades de jardins botânicos, zoológicos, parques nacionais, reservas ecológicas e áreas de proteção ambiental",9103100,,R,91,,,palavra_chave,90,
Casas de bingo,9200301,,R,92,,,nome_oficial,100,
Casas,9200301,,R,92,,,atividade,85,
Casas,9200301,,R,92,,,atividade,85,
Bingo,9200301,,R,92,,,atividade,85,
Bingo,9200301,,R,92,,,atividade,85,
Casas de bingo,9200301,,R,92,,,palavra_chave,90,
Exploração de apostas em corridas de cavalos,9200302,,R,92,,,nome_oficial,100,
Exploração,9200302,,R,92,,,atividade,85,
Exploracao,9200302,,R,92,,,atividade,85,
Apostas,9200302,,R,92,,,atividade,85,
Apostas,9200302,,R,92,,,atividade,85,
Corridas,9200302,,R,92,,,atividade,85,
Corridas,9200302,,R,92,,,atividade,85,
Cavalos,9200302,,R,92,,,atividade,85,
Cavalos,9200302,,R,92,,,atividade,85,
Exploração de apostas em corridas de cavalos,9200302,,R,92,,,palavra_chave,90,
Exploração de jogos de azar e apostas não especificados anteriormente,9200399,,R,92,,,nome_oficial,100,
Exploração,9200399,,R,92,,,atividade,85,
Exploracao,9200399,,R,92,,,atividade,85,
Jogos,9200399,,R,92,,,atividade,85,
Jogos,9200399,,R,92,,,atividade,85,
Azar,9200399,,R,92,,,atividade,85,
Azar,9200399,,R,92,,,atividade,85,
Apostas,9200399,,R,92,,,atividade,85,
Apostas,9200399,,R,92,,,atividade,85,
Especificados,9200399,,R,92,,,atividade,85,
Especificados,9200399,,R,92,,,atividade,85,
Exploração de jogos de azar e apostas não especificados anteriormente,9200399,,R,92,,,palavra_chave,90,
Gestão de instalações de esportes,9311500,,R,93,,,nome_oficial,100,
Gestão,9311500,,R,93,,,atividade,85,
Gestao,9311500,,R,93,,,atividade,85,
Instalações,9311500,,R,93,,,atividade,85,
Instalacoes,9311500,,R,93,,,atividade,85,
Esportes,9311500,,R,93,,,atividade,85,
Esportes,9311500,,R,93,,,atividade,85,
Gestão de instalações de esportes,9311500,,R,93,,,palavra_chave,90,
"Clubes sociais, esportivos e similares",9312300,,R,93,,,nome_oficial,100,
Clubes,9312300,,R,93,,,atividade,85,
Clubes,9312300,,R,93,,,atividade,85,
Sociais,9312300,,R,93,,,atividade,85,
Sociais,9312300,,R,93,,,atividade,85,
Esportivos,9312300,,R,93,,,atividade,85,
Esportivos,9312300,,R,93,,,atividade,85,
Similares,9312300,,R,93,,,atividade,85,
Similares,9312300,,R,93,,,atividade,85,
"Clubes sociais, esportivos e similares",9312300,,R,93,,,palavra_chave,90,
Atividades de condicionamento físico,9313100,,R,93,,,nome_oficial,100,
Condicionamento,9313100,,R,93,,,atividade,85,
Condicionamento,9313100,,R,93,,,atividade,85,
Físico,9313100,,R,93,,,atividade,85,
Fisico,9313100,,R,93,,,atividade,85,
Atividades de condicionamento físico,9313100,,R,93,,,palavra_chave,90,
Produção e promoção de eventos esportivos,9319101,,R,93,,,nome_oficial,100,
Promoção,9319101,,R,93,,,atividade,85,
Promocao,9319101,,R,93,,,atividade,85,
Eventos,9319101,,R,93,,,atividade,85,
Eventos,9319101,,R,93,,,atividade,85,
Esportivos,9319101,,R,93,,,atividade,85,
Esportivos,9319101,,R,93,,,atividade,85,
Produção e promoção de eventos esportivos,9319101,,R,93,,,palavra_chave,90,
Outras atividades esportivas não especificadas anteriormente,9319199,,R,93,,,nome_oficial,100,
Outras,9319199,,R,93,,,atividade,85,
Outras,9319199,,R,93,,,atividade,85,
Esportivas,9319199,,R,93,,,atividade,85,
Esportivas,9319199,,R,93,,,atividade,85,
Outras atividades esportivas não especificadas anteriormente,9319199,,R,93,,,palavra_chave,90,
Atividades de organizações associativas patronais e empresariais,9411100,,S,94,,,nome_oficial,100,
Organizações,9411100,,S,94,,,atividade,85,
Organizacoes,9411100,,S,94,,,atividade,85,
Associativas,9411100,,S,94,,,atividade,85,
Associativas,9411100,,S,94,,,atividade,85,
Patronais,9411100,,S,94,,,atividade,85,
Patronais,9411100,,S,94,,,atividade,85,
Empresariais,9411100,,S,94,,,atividade,85,
Empresariais,9411100,,S,94,,,atividade,85,
Atividades de organizações associativas patronais e empresariais,9411100,,S,94,,,palavra_chave,90,
Atividades de organizações associativas profissionais,9412000,,S,94,,,nome_oficial,100,
Organizações,9412000,,S,94,,,atividade,85,
Organizacoes,9412000,,S,94,,,atividade,85,
Associativas,9412000,,S,94,,,atividade,85,
Associativas,9412000,,S,94,,,atividade,85,
Profissionais,9412000,,S,94,,,atividade,85,
Profissionais,9412000,,S,94,,,atividade,85,
Atividades de organizações associativas profissionais,9412000,,S,94,,,palavra_chave,90,
"Atividades de fiscalização profissional, exceto auditoria contábil",9412001,,S,94,,,nome_oficial,100,
Fiscalização,9412001,,S,94,,,atividade,85,
Fiscalizacao,9412001,,S,94,,,atividade,85,
Profissional,9412001,,S,94,,,profissao,85,
Profissional,9412001,,S,94,,,profissao,85,
Auditoria,9412001,,S,94,,,atividade,85,
Auditoria,9412001,,S,94,,,atividade,85,
Contábil,9412001,,S,94,,,atividade,85,
Contabil,9412001,,S,94,,,atividade,85,
"Atividades de fiscalização profissional, exceto auditoria contábil",9412001,,S,94,,,palavra_chave,90,
Reparação e manutenção de computadores e de equipamentos periféricos,9511800,,S,95,,,nome_oficial,100,
Reparação,9511800,,S,95,,,atividade,85,
Reparacao,9511800,,S,95,,,atividade,85,
Manutenção,9511800,,S,95,,,atividade,85,
Manutencao,9511800,,S,95,,,atividade,85,
Computadores,9511800,,S,95,,,atividade,85,
Computadores,9511800,,S,95,,,atividade,85,
Equipamentos,9511800,,S,95,,,atividade,85,
Equipamentos,9511800,,S,95,,,atividade,85,
Periféricos,9511800,,S,95,,,atividade,85,
Perifericos,9511800,,S,95,,,atividade,85,
Reparação e manutenção de computadores e de equipamentos periféricos,9511800,,S,95,,,palavra_chave,90,
Reparação e manutenção de equipamentos de comunicação,9512600,,S,95,,,nome_oficial,100,
Reparação,9512600,,S,95,,,atividade,85,
Reparacao,9512600,,S,95,,,atividade,85,
Manutenção,9512600,,S,95,,,atividade,85,
Manutencao,9512600,,S,95,,,atividade,85,
Equipamentos,9512600,,S,95,,,atividade,85,
Equipamentos,9512600,,S,95,,,atividade,85,
Comunicação,9512600,,S,95,,,atividade,85,
Comunicacao,9512600,,S,95,,,atividade,85,
Reparação e manutenção de equipamentos de comunicação,9512600,,S,95,,,palavra_chave,90,
Reparação e manutenção de equipamentos eletroeletrônicos de uso pessoal e doméstico,9521500,,S,95,,,nome_oficial,100,
Reparação,9521500,,S,95,,,atividade,85,
Reparacao,9521500,,S,95,,,atividade,85,
Manutenção,9521500,,S,95,,,atividade,85,
Manutencao,9521500,,S,95,,,atividade,85,
Equipamentos,9521500,,S,95,,,atividade,85,
Equipamentos,9521500,,S,95,,,atividade,85,
Eletroeletrônicos,9521500,,S,95,,,atividade,85,
Eletroeletronicos,9521500,,S,95,,,atividade,85,
Uso,9521500,,S,95,,,atividade,85,
Uso,9521500,,S,95,,,atividade,85,
Pessoal,9521500,,S,95,,,atividade,85,
Pessoal,9521500,,S,95,,,atividade,85,
Doméstico,9521500,,S,95,,,atividade,85,
Domestico,9521500,,S,95,,,atividade,85,
Reparação e manutenção de equipamentos eletroeletrônicos de uso pessoal e doméstico,9521500,,S,95,,,palavra_chave,90,
Reparação e manutenção de objetos e equipamentos pessoais e domésticos não especificados anteriormente,9529100,,S,95,,,nome_oficial,100,
Reparação,9529100,,S,95,,,atividade,85,
Reparacao,9529100,,S,95,,,atividade,85,
Manutenção,9529100,,S,95,,,atividade,85,
Manutencao,9529100,,S,95,,,atividade,85,
Objetos,9529100,,S,95,,,atividade,85,
Objetos,9529100,,S,95,,,atividade,85,
Equipamentos,9529100,,S,95,,,atividade,85,
Equipamentos,9529100,,S,95,,,atividade,85,
Pessoais,9529100,,S,95,,,atividade,85,
Pessoais,9529100,,S,95,,,atividade,85,
Domésticos,9529100,,S,95,,,atividade,85,
Domesticos,9529100,,S,95,,,atividade,85,
Especificados,9529100,,S,95,,,atividade,85,
Especificados,9529100,,S,95,,,atividade,85,
Reparação e manutenção de objetos e equipamentos pessoais e domésticos não especificados anteriormente,9529100,,S,95,,,palavra_chave,90,
Lavanderias,9601701,,S,96,,,nome_oficial,100,
Lavanderias,9601701,,S,96,,,atividade,85,
Lavanderias,9601701,,S,96,,,atividade,85,
Lavanderias,9601701,,S,96,,,palavra_chave,90,
Tinturarias,9601702,,S,96,,,nome_oficial,100,
Tinturarias,9601702,,S,96,,,atividade,85,
Tinturarias,9601702,,S,96,,,atividade,85,
Tinturarias,9601702,,S,96,,,palavra_chave,90,
Toalete de animais domésticos,9601703,,S,96,,,nome_oficial,100,
Toalete,9601703,,S,96,,,atividade,85,
Toalete,9601703,,S,96,,,atividade,85,
Animais,9601703,,S,96,,,atividade,85,
Animais,9601703,,S,96,,,atividade,85,
Domésticos,9601703,,S,96,,,atividade,85,
Domesticos,9601703,,S,96,,,atividade,85,
Toalete de animais domésticos,9601703,,S,96,,,palavra_chave,90,
"Cabeleireiros, manicure e pedicure",9602501,,S,96,,,nome_oficial,100,
Cabeleireiros,9602501,,S,96,,,atividade,85,
Cabeleireiros,9602501,,S,96,,,atividade,85,
Manicure,9602501,,S,96,,,atividade,85,
Manicure,9602501,,S,96,,,atividade,85,
Pedicure,9602501,,S,96,,,atividade,85,
Pedicure,9602501,,S,96,,,atividade,85,
"Cabeleireiros, manicure e pedicure",9602501,,S,96,,,palavra_chave,90,
Atividades de estética e outros serviços de cuidados com a beleza,9602502,,S,96,,,nome_oficial,100,
Estética,9602502,,S,96,,,atividade,85,
Estetica,9602502,,S,96,,,atividade,85,
Outros,9602502,,S,96,,,atividade,85,
Outros,9602502,,S,96,,,atividade,85,
Cuidados,9602502,,S,96,,,atividade,85,
Cuidados,9602502,,S,96,,,atividade,85,
Beleza,9602502,,S,96,,,atividade,85,
Beleza,9602502,,S,96,,,atividade,85,
Atividades de estética e outros serviços de cuidados com a beleza,9602502,,S,96,,,palavra_chave,90,
Serviços domésticos,9700500,,T,97,,,nome_oficial,100,
Domésticos,9700500,,T,97,,,atividade,85,
Domesticos,9700500,,T,97,,,atividade,85,
Serviços domésticos,9700500,,T,97,,,palavra_chave,90,
Organismos internacionais e outras instituições extraterritoriais,9900800,,U,99,,,nome_oficial,100,
Organismos,9900800,,U,99,,,atividade,85,
Organismos,9900800,,U,99,,,atividade,85,
Internacionais,9900800,,U,99,,,atividade,85,
Internacionais,9900800,,U,99,,,atividade,85,
Outras,9900800,,U,99,,,atividade,85,
Outras,9900800,,U,99,,,atividade,85,
Instituições,9900800,,U,99,,,atividade,85,
Instituicoes,9900800,,U,99,,,atividade,85,
Extraterritoriais,9900800,,U,99,,,atividade,85,
Extraterritoriais,9900800,,U,99,,,atividade,85,
Organismos internacionais e outras instituições extraterritoriais,9900800,,U,99,,,palavra_chave,90,
Extração e beneficiamento de xisto,0600002,,B,06,060,0600,nome_oficial,100,
beneficiamento,0600002,,B,06,060,0600,palavra_chave,85,
xisto,0600002,,B,06,060,0600,palavra_chave,85,
Extração de xisto betuminoso,0600003,,B,06,060,0600,nome_oficial,100,
xisto,0600003,,B,06,060,0600,palavra_chave,85,
betuminoso,0600003,,B,06,060,0600,palavra_chave,85,
Extração de minério de metais não-ferrosos de cobre e zinco,0724301,,B,07,072,0724,nome_oficial,100,
minério,0724301,,B,07,072,0724,palavra_chave,85,
metais,0724301,,B,07,072,0724,palavra_chave,85,
ferrosos,0724301,,B,07,072,0724,palavra_chave,85,
cobre,0724301,,B,07,072,0724,palavra_chave,85,
zinco,0724301,,B,07,072,0724,palavra_chave,85,
Extração de minério de metais não-ferrosos não especificados anteriormente,0724302,,B,07,072,0724,nome_oficial,100,
minério,0724302,,B,07,072,0724,palavra_chave,85,
metais,0724302,,B,07,072,0724,palavra_chave,85,
ferrosos,0724302,,B,07,072,0724,palavra_chave,85,
especificados,0724302,,B,07,072,0724,palavra_chave,85,
anteriormente,0724302,,B,07,072,0724,palavra_chave,85,
Extração de minerais radioativos,0725100,,B,07,072,0725,nome_oficial,100,
minerais,0725100,,B,07,072,0725,palavra_chave,85,
radioativos,0725100,,B,07,072,0725,palavra_chave,85,
Atividades de apoio à extração de petróleo e gás natural,0910601,,B,09,091,0910,nome_oficial,100,
apoio,0910601,,B,09,091,0910,palavra_chave,85,
petróleo,0910601,,B,09,091,0910,palavra_chave,85,
gás,0910601,,B,09,091,0910,palavra_chave,85,
natural,0910601,,B,09,091,0910,palavra_chave,85,
Atividades de apoio à extração de minerais metálicos não-ferrosos,0910602,,B,09,091,0910,nome_oficial,100,
apoio,0910602,,B,09,091,0910,palavra_chave,85,
minerais,0910602,,B,09,091,0910,palavra_chave,85,
metálicos,0910602,,B,09,091,0910,palavra_chave,85,
ferrosos,0910602,,B,09,091,0910,palavra_chave,85,
Atividades de apoio à extração de minerais metálicos não especificados anteriormente,0910603,,B,09,091,0910,nome_oficial,100,
apoio,0910603,,B,09,091,0910,palavra_chave,85,
minerais,0910603,,B,09,091,0910,palavra_chave,85,
metálicos,0910603,,B,09,091,0910,palavra_chave,85,
especificados,0910603,,B,09,091,0910,palavra_chave,85,
anteriormente,0910603,,B,09,091,0910,palavra_chave,85,
Processamento industrial do fumo,1210101,,C,12,121,1210,nome_oficial,100,
processamento,1210101,,C,12,121,1210,palavra_chave,85,
industrial,1210101,,C,12,121,1210,palavra_chave,85,
fumo,1210101,,C,12,121,1210,palavra_chave,85,
"Fabricação de cigarros, cigarrilhas e charutos",1210102,,C,12,121,1210,nome_oficial,100,
"cigarros,",1210102,,C,12,121,1210,palavra_chave,85,
cigarrilhas,1210102,,C,12,121,1210,palavra_chave,85,
charutos,1210102,,C,12,121,1210,palavra_chave,85,
Fabricação de outros produtos do fumo,1210103,,C,12,121,1210,nome_oficial,100,
outros,1210103,,C,12,121,1210,palavra_chave,85,
produtos,1210103,,C,12,121,1210,palavra_chave,85,
fumo,1210103,,C,12,121,1210,palavra_chave,85,
Fabricação de outros produtos têxteis não especificados anteriormente,1359600,,C,13,135,1359,nome_oficial,100,
outros,1359600,,C,13,135,1359,palavra_chave,85,
produtos,1359600,,C,13,135,1359,palavra_chave,85,
têxteis,1359600,,C,13,135,1359,palavra_chave,85,
especificados,1359600,,C,13,135,1359,palavra_chave,85,
anteriormente,1359600,,C,13,135,1359,palavra_chave,85,
Confecção de roupas íntimas masculinas,1411803,,C,14,141,1411,nome_oficial,100,
confecção,1411803,,C,14,141,1411,palavra_chave,85,
roupas,1411803,,C,14,141,1411,palavra_chave,85,
íntimas,1411803,,C,14,141,1411,palavra_chave,85,
masculinas,1411803,,C,14,141,1411,palavra_chave,85,
Facção de roupas íntimas masculinas,1411804,,C,14,141,1411,nome_oficial,100,
facção,1411804,,C,14,141,1411,palavra_chave,85,
roupas,1411804,,C,14,141,1411,palavra_chave,85,
íntimas,1411804,,C,14,141,1411,palavra_chave,85,
masculinas,1411804,,C,14,141,1411,palavra_chave,85,
"Facção de roupas profissionais masculinas, exceto roupas íntimas",1413403,,C,14,141,1413,nome_oficial,100,
facção,1413403,,C,14,141,1413,palavra_chave,85,
roupas,1413403,,C,14,141,1413,palavra_chave,85,
profissionais,1413403,,C,14,141,1413,palavra_chave,85,
"masculinas,",1413403,,C,14,141,1413,palavra_chave,85,
íntimas,1413403,,C,14,141,1413,palavra_chave,85,
Curtimento e outras preparações de couro,1510601,,C,15,151,1510,nome_oficial,100,
curtimento,1510601,,C,15,151,1510,palavra_chave,85,
outras,1510601,,C,15,151,1510,palavra_chave,85,
preparações,1510601,,C,15,151,1510,palavra_chave,85,
couro,1510601,,C,15,151,1510,palavra_chave,85,
"Fabricação de artigos de viagem, bolsas e semelhantes de qualquer material",1510602,,C,15,151,1510,nome_oficial,100,
artigos,1510602,,C,15,151,1510,palavra_chave,85,
"viagem,",1510602,,C,15,151,1510,palavra_chave,85,
bolsas,1510602,,C,15,151,1510,palavra_chave,85,
semelhantes,1510602,,C,15,151,1510,palavra_chave,85,
qualquer,1510602,,C,15,151,1510,palavra_chave,85,
material,1510602,,C,15,151,1510,palavra_chave,85,
"Fabricação de artigos de couro, exceto vestuário e calçados",1510603,,C,15,151,1510,nome_oficial,100,
artigos,1510603,,C,15,151,1510,palavra_chave,85,
"couro,",1510603,,C,15,151,1510,palavra_chave,85,
vestuário,1510603,,C,15,151,1510,palavra_chave,85,
calçados,1510603,,C,15,151,1510,palavra_chave,85,
Fabricação de artefatos de pele para vestuário,1510604,,C,15,151,1510,nome_oficial,100,
artefatos,1510604,,C,15,151,1510,palavra_chave,85,
pele,1510604,,C,15,151,1510,palavra_chave,85,
vestuário,1510604,,C,15,151,1510,palavra_chave,85,
"Fabricação de artigos para selaria, arreios e similares",1510605,,C,15,151,1510,nome_oficial,100,
artigos,1510605,,C,15,151,1510,palavra_chave,85,
"selaria,",1510605,,C,15,151,1510,palavra_chave,85,
arreios,1510605,,C,15,151,1510,palavra_chave,85,
similares,1510605,,C,15,151,1510,palavra_chave,85,
Fabricação de objetos de cortiça e artefatos diversos de cortiça,1629301,,C,16,162,1629,nome_oficial,100,
objetos,1629301,,C,16,162,1629,palavra_chave,85,
cortiça,1629301,,C,16,162,1629,palavra_chave,85,
artefatos,1629301,,C,16,162,1629,palavra_chave,85,
diversos,1629301,,C,16,162,1629,palavra_chave,85,
"Fabricação de artefatos diversos de madeira, vime, bambu e palha, exceto móveis",1629302,,C,16,162,1629,nome_oficial,100,
artefatos,1629302,,C,16,162,1629,palavra_chave,85,
diversos,1629302,,C,16,162,1629,palavra_chave,85,
"madeira,",1629302,,C,16,162,1629,palavra_chave,85,
"vime,",1629302,,C,16,162,1629,palavra_chave,85,
bambu,1629302,,C,16,162,1629,palavra_chave,85,
"palha,",1629302,,C,16,162,1629,palavra_chave,85,
Fabricação de celulose e outras pastas para fabricação de papel,1710901,,C,17,171,1710,nome_oficial,100,
celulose,1710901,,C,17,171,1710,palavra_chave,85,
outras,1710901,,C,17,171,1710,palavra_chave,85,
pastas,1710901,,C,17,171,1710,palavra_chave,85,
papel,1710901,,C,17,171,1710,palavra_chave,85,
Fabricação de papel,1710902,,C,17,171,1710,nome_oficial,100,
papel,1710902,,C,17,171,1710,palavra_chave,85,
Fabricação de cartolina e papel-cartão,1710903,,C,17,171,1710,nome_oficial,100,
cartolina,1710903,,C,17,171,1710,palavra_chave,85,
papel,1710903,,C,17,171,1710,palavra_chave,85,
cartão,1710903,,C,17,171,1710,palavra_chave,85,
Fabricação de formulários contínuos,1741901,,C,17,174,1741,nome_oficial,100,
formulários,1741901,,C,17,174,1741,palavra_chave,85,
contínuos,1741901,,C,17,174,1741,palavra_chave,85,
"Fabricação de produtos de papel, cartolina, papel cartão e papelão para uso comercial e de escritório, exceto formulário contínuo",1741902,,C,17,174,1741,nome_oficial,100,
produtos,1741902,,C,17,174,1741,palavra_chave,85,
"papel,",1741902,,C,17,174,1741,palavra_chave,85,
"cartolina,",1741902,,C,17,174,1741,palavra_chave,85,
papel,1741902,,C,17,174,1741,palavra_chave,85,
cartão,1741902,,C,17,174,1741,palavra_chave,85,
papelão,1741902,,C,17,174,1741,palavra_chave,85,
Fabricação de fraldas descartáveis,1742701,,C,17,174,1742,nome_oficial,100,
fraldas,1742701,,C,17,174,1742,palavra_chave,85,
descartáveis,1742701,,C,17,174,1742,palavra_chave,85,
Fabricação de absorventes higiênicos,1742702,,C,17,174,1742,nome_oficial,100,
absorventes,1742702,,C,17,174,1742,palavra_chave,85,
higiênicos,1742702,,C,17,174,1742,palavra_chave,85,
Fabricação de produtos de papel para uso doméstico-higiênico-sanitário não especificados anteriormente,1742799,,C,17,174,1742,nome_oficial,100,
produtos,1742799,,C,17,174,1742,palavra_chave,85,
papel,1742799,,C,17,174,1742,palavra_chave,85,
uso,1742799,,C,17,174,1742,palavra_chave,85,
doméstico,1742799,,C,17,174,1742,palavra_chave,85,
higiênico,1742799,,C,17,174,1742,palavra_chave,85,
sanitário,1742799,,C,17,174,1742,palavra_chave,85,
"Fabricação de produtos de pastas celulósicas, papel, cartolina, papel-cartão e papelão não especificados anteriormente",1749400,,C,17,174,1749,nome_oficial,100,
produtos,1749400,,C,17,174,1749,palavra_chave,85,
pastas,1749400,,C,17,174,1749,palavra_chave,85,
"celulósicas,",1749400,,C,17,174,1749,palavra_chave,85,
"papel,",1749400,,C,17,174,1749,palavra_chave,85,
"cartolina,",1749400,,C,17,174,1749,palavra_chave,85,
papel,1749400,,C,17,174,1749,palavra_chave,85,
Impressão de material para uso publicitário,1813001,,C,18,181,1813,nome_oficial,100,
impressão,1813001,,C,18,181,1813,palavra_chave,85,
material,1813001,,C,18,181,1813,palavra_chave,85,
uso,1813001,,C,18,181,1813,palavra_chave,85,
publicitário,1813001,,C,18,181,1813,palavra_chave,85,
Impressão de material para outros usos,1813099,,C,18,181,1813,nome_oficial,100,
impressão,1813099,,C,18,181,1813,palavra_chave,85,
material,1813099,,C,18,181,1813,palavra_chave,85,
outros,1813099,,C,18,181,1813,palavra_chave,85,
usos,1813099,,C,18,181,1813,palavra_chave,85,
"Serviços de acabamentos gráficos, exceto encadernação e plastificação",1822999,,C,18,182,1822,nome_oficial,100,
acabamentos,1822999,,C,18,182,1822,palavra_chave,85,
"gráficos,",1822999,,C,18,182,1822,palavra_chave,85,
encadernação,1822999,,C,18,182,1822,palavra_chave,85,
plastificação,1822999,,C,18,182,1822,palavra_chave,85,
Reprodução de som em qualquer suporte,1830001,,C,18,183,1830,nome_oficial,100,
reprodução,1830001,,C,18,183,1830,palavra_chave,85,
som,1830001,,C,18,183,1830,palavra_chave,85,
qualquer,1830001,,C,18,183,1830,palavra_chave,85,
suporte,1830001,,C,18,183,1830,palavra_chave,85,
Reprodução de vídeo em qualquer suporte,1830002,,C,18,183,1830,nome_oficial,100,
reprodução,1830002,,C,18,183,1830,palavra_chave,85,
vídeo,1830002,,C,18,183,1830,palavra_chave,85,
qualquer,1830002,,C,18,183,1830,palavra_chave,85,
suporte,1830002,,C,18,183,1830,palavra_chave,85,
Reprodução de software em qualquer suporte,1830003,,C,18,183,1830,nome_oficial,100,
reprodução,1830003,,C,18,183,1830,palavra_chave,85,
software,1830003,,C,18,183,1830,palavra_chave,85,
qualquer,1830003,,C,18,183,1830,palavra_chave,85,
suporte,1830003,,C,18,183,1830,palavra_chave,85,
Fabricação de produtos do refino de petróleo,1911700,,C,19,191,1911,nome_oficial,100,
produtos,1911700,,C,19,191,1911,palavra_chave,85,
refino,1911700,,C,19,191,1911,palavra_chave,85,
petróleo,1911700,,C,19,191,1911,palavra_chave,85,
"Fabricação de produtos derivados do petróleo, exceto combustíveis",1912500,,C,19,191,1912,nome_oficial,100,
produtos,1912500,,C,19,191,1912,palavra_chave,85,
derivados,1912500,,C,19,191,1912,palavra_chave,85,
"petróleo,",1912500,,C,19,191,1912,palavra_chave,85,
combustíveis,1912500,,C,19,191,1912,palavra_chave,85,
Fabricação de outros combustíveis não especificados anteriormente,1922599,,C,19,192,1922,nome_oficial,100,
outros,1922599,,C,19,192,1922,palavra_chave,85,
combustíveis,1922599,,C,19,192,1922,palavra_chave,85,
especificados,1922599,,C,19,192,1922,palavra_chave,85,
anteriormente,1922599,,C,19,192,1922,palavra_chave,85,
Fabricação de coque,1931400,,C,19,193,1931,nome_oficial,100,
coque,1931400,,C,19,193,1931,palavra_chave,85,
Fabricação de briquetes de carvão,1932200,,C,19,193,1932,nome_oficial,100,
briquetes,1932200,,C,19,193,1932,palavra_chave,85,
carvão,1932200,,C,19,193,1932,palavra_chave,85,
Fabricação de fibras artificiais e sintéticas,2040100,,C,20,204,2040,nome_oficial,100,
fibras,2040100,,C,20,204,2040,palavra_chave,85,
artificiais,2040100,,C,20,204,2040,palavra_chave,85,
sintéticas,2040100,,C,20,204,2040,palavra_chave,85,
"Fabricação de impermeabilizantes, solventes e produtos afins",2073800,,C,20,207,2073,nome_oficial,100,
"impermeabilizantes,",2073800,,C,20,207,2073,palavra_chave,85,
solventes,2073800,,C,20,207,2073,palavra_chave,85,
produtos,2073800,,C,20,207,2073,palavra_chave,85,
afins,2073800,,C,20,207,2073,palavra_chave,85,
"Fabricação de chapas, filmes, papéis e outros materiais e produtos químicos para fotografia",2099101,,C,20,209,2099,nome_oficial,100,
"chapas,",2099101,,C,20,209,2099,palavra_chave,85,
"filmes,",2099101,,C,20,209,2099,palavra_chave,85,
papéis,2099101,,C,20,209,2099,palavra_chave,85,
outros,2099101,,C,20,209,2099,palavra_chave,85,
materiais,2099101,,C,20,209,2099,palavra_chave,85,
produtos,2099101,,C,20,209,2099,palavra_chave,85,
Produção de arames de aço,2424501,,C,24,242,2424,nome_oficial,100,
arames,2424501,,C,24,242,2424,palavra_chave,85,
aço,2424501,,C,24,242,2424,palavra_chave,85,
"Produção de relaminados, trefilados e perfilados de aço, exceto arames",2424502,,C,24,242,2424,nome_oficial,100,
"relaminados,",2424502,,C,24,242,2424,palavra_chave,85,
trefilados,2424502,,C,24,242,2424,palavra_chave,85,
perfilados,2424502,,C,24,242,2424,palavra_chave,85,
"aço,",2424502,,C,24,242,2424,palavra_chave,85,
arames,2424502,,C,24,242,2424,palavra_chave,85,
Fabricação de ânodos para galvanoplastia,2449103,,C,24,244,2449,nome_oficial,100,
ânodos,2449103,,C,24,244,2449,palavra_chave,85,
galvanoplastia,2449103,,C,24,244,2449,palavra_chave,85,
Metalurgia do chumbo,2449104,,C,24,244,2449,nome_oficial,100,
metalurgia,2449104,,C,24,244,2449,palavra_chave,85,
chumbo,2449104,,C,24,244,2449,palavra_chave,85,
Metalurgia do estanho,2449105,,C,24,244,2449,nome_oficial,100,
metalurgia,2449105,,C,24,244,2449,palavra_chave,85,
estanho,2449105,,C,24,244,2449,palavra_chave,85,
Metalurgia do magnésio,2449106,,C,24,244,2449,nome_oficial,100,
metalurgia,2449106,,C,24,244,2449,palavra_chave,85,
magnésio,2449106,,C,24,244,2449,palavra_chave,85,
Metalurgia do titânio,2449107,,C,24,244,2449,nome_oficial,100,
metalurgia,2449107,,C,24,244,2449,palavra_chave,85,
titânio,2449107,,C,24,244,2449,palavra_chave,85,
Metalurgia do tungstênio,2449108,,C,24,244,2449,nome_oficial,100,
metalurgia,2449108,,C,24,244,2449,palavra_chave,85,
tungstênio,2449108,,C,24,244,2449,palavra_chave,85,
Metalurgia do manganês,2449109,,C,24,244,2449,nome_oficial,100,
metalurgia,2449109,,C,24,244,2449,palavra_chave,85,
manganês,2449109,,C,24,244,2449,palavra_chave,85,
Metalurgia do cobalto,2449110,,C,24,244,2449,nome_oficial,100,
metalurgia,2449110,,C,24,244,2449,palavra_chave,85,
cobalto,2449110,,C,24,244,2449,palavra_chave,85,
Metalurgia do crômio,2449111,,C,24,244,2449,nome_oficial,100,
metalurgia,2449111,,C,24,244,2449,palavra_chave,85,
crômio,2449111,,C,24,244,2449,palavra_chave,85,
Metalurgia do urânio e outros metais radioativos,2449112,,C,24,244,2449,nome_oficial,100,
metalurgia,2449112,,C,24,244,2449,palavra_chave,85,
urânio,2449112,,C,24,244,2449,palavra_chave,85,
outros,2449112,,C,24,244,2449,palavra_chave,85,
metais,2449112,,C,24,244,2449,palavra_chave,85,
radioativos,2449112,,C,24,244,2449,palavra_chave,85,
Fundição de ferro e aço,2451200,,C,24,245,2451,nome_oficial,100,
fundição,2451200,,C,24,245,2451,palavra_chave,85,
ferro,2451200,,C,24,245,2451,palavra_chave,85,
aço,2451200,,C,24,245,2451,palavra_chave,85,
Fundição de metais não-ferrosos e suas ligas,2452100,,C,24,245,2452,nome_oficial,100,
fundição,2452100,,C,24,245,2452,palavra_chave,85,
metais,2452100,,C,24,245,2452,palavra_chave,85,
ferrosos,2452100,,C,24,245,2452,palavra_chave,85,
suas,2452100,,C,24,245,2452,palavra_chave,85,
ligas,2452100,,C,24,245,2452,palavra_chave,85,
"Fabricação de máquinas para a indústria metalúrgica, peças e acessórios, exceto máquinas-ferramenta",2861500,,C,28,286,2861,nome_oficial,100,
máquinas,2861500,,C,28,286,2861,palavra_chave,85,
indústria,2861500,,C,28,286,2861,palavra_chave,85,
"metalúrgica,",2861500,,C,28,286,2861,palavra_chave,85,
"acessórios,",2861500,,C,28,286,2861,palavra_chave,85,
ferramenta,2861500,,C,28,286,2861,palavra_chave,85,
"Fabricação de máquinas e equipamentos para as indústrias de alimentos, bebidas e fumo, peças e acessórios",2862300,,C,28,286,2862,nome_oficial,100,
máquinas,2862300,,C,28,286,2862,palavra_chave,85,
equipamentos,2862300,,C,28,286,2862,palavra_chave,85,
indústrias,2862300,,C,28,286,2862,palavra_chave,85,
"alimentos,",2862300,,C,28,286,2862,palavra_chave,85,
bebidas,2862300,,C,28,286,2862,palavra_chave,85,
"fumo,",2862300,,C,28,286,2862,palavra_chave,85,
"Fabricação de máquinas e equipamentos para a indústria têxtil, peças e acessórios",2863100,,C,28,286,2863,nome_oficial,100,
máquinas,2863100,,C,28,286,2863,palavra_chave,85,
equipamentos,2863100,,C,28,286,2863,palavra_chave,85,
indústria,2863100,,C,28,286,2863,palavra_chave,85,
"têxtil,",2863100,,C,28,286,2863,palavra_chave,85,
acessórios,2863100,,C,28,286,2863,palavra_chave,85,
"Fabricação de máquinas e equipamentos para as indústrias do vestuário, do couro e de calçados, peças e acessórios",2864000,,C,28,286,2864,nome_oficial,100,
máquinas,2864000,,C,28,286,2864,palavra_chave,85,
equipamentos,2864000,,C,28,286,2864,palavra_chave,85,
indústrias,2864000,,C,28,286,2864,palavra_chave,85,
"vestuário,",2864000,,C,28,286,2864,palavra_chave,85,
couro,2864000,,C,28,286,2864,palavra_chave,85,
"calçados,",2864000,,C,28,286,2864,palavra_chave,85,
"Fabricação de máquinas e equipamentos para as indústrias de celulose, papel e papelão e artefatos, peças e acessórios",2865800,,C,28,286,2865,nome_oficial,100,
máquinas,2865800,,C,28,286,2865,palavra_chave,85,
equipamentos,2865800,,C,28,286,2865,palavra_chave,85,
indústrias,2865800,,C,28,286,2865,palavra_chave,85,
"celulose,",2865800,,C,28,286,2865,palavra_chave,85,
papel,2865800,,C,28,286,2865,palavra_chave,85,
papelão,2865800,,C,28,286,2865,palavra_chave,85,
"Fabricação de máquinas e equipamentos para a indústria do plástico, peças e acessórios",2866600,,C,28,286,2866,nome_oficial,100,
máquinas,2866600,,C,28,286,2866,palavra_chave,85,
equipamentos,2866600,,C,28,286,2866,palavra_chave,85,
indústria,2866600,,C,28,286,2866,palavra_chave,85,
"plástico,",2866600,,C,28,286,2866,palavra_chave,85,
acessórios,2866600,,C,28,286,2866,palavra_chave,85,
"Fabricação de máquinas e equipamentos para uso industrial específico não especificados anteriormente, peças e acessórios",2869100,,C,28,286,2869,nome_oficial,100,
máquinas,2869100,,C,28,286,2869,palavra_chave,85,
equipamentos,2869100,,C,28,286,2869,palavra_chave,85,
uso,2869100,,C,28,286,2869,palavra_chave,85,
industrial,2869100,,C,28,286,2869,palavra_chave,85,
específico,2869100,,C,28,286,2869,palavra_chave,85,
especificados,2869100,,C,28,286,2869,palavra_chave,85,
"Fabricação de aparelhos e utensílios para correção de defeitos físicos e aparelhos ortopédicos em geral, exceto sob encomenda",3250704,,C,32,325,3250,nome_oficial,100,
aparelhos,3250704,,C,32,325,3250,palavra_chave,85,
utensílios,3250704,,C,32,325,3250,palavra_chave,85,
correção,3250704,,C,32,325,3250,palavra_chave,85,
defeitos,3250704,,C,32,325,3250,palavra_chave,85,
físicos,3250704,,C,32,325,3250,palavra_chave,85,
ortopédicos,3250704,,C,32,325,3250,palavra_chave,85,
Fabricação de materiais para medicina e odontologia,3250705,,C,32,325,3250,nome_oficial,100,
materiais,3250705,,C,32,325,3250,palavra_chave,85,
medicina,3250705,,C,32,325,3250,palavra_chave,85,
odontologia,3250705,,C,32,325,3250,palavra_chave,85,
Serviços de prótese dentária,3250706,,C,32,325,3250,nome_oficial,100,
prótese,3250706,,C,32,325,3250,palavra_chave,85,
dentária,3250706,,C,32,325,3250,palavra_chave,85,
Fabricação de artigos ópticos,3250707,,C,32,325,3250,nome_oficial,100,
artigos,3250707,,C,32,325,3250,palavra_chave,85,
ópticos,3250707,,C,32,325,3250,palavra_chave,85,
Fabricação de artefatos de tecido não tecido para uso odonto-médico-hospitalar,3250708,,C,32,325,3250,nome_oficial,100,
artefatos,3250708,,C,32,325,3250,palavra_chave,85,
tecido,3250708,,C,32,325,3250,palavra_chave,85,
uso,3250708,,C,32,325,3250,palavra_chave,85,
odonto,3250708,,C,32,325,3250,palavra_chave,85,
médico,3250708,,C,32,325,3250,palavra_chave,85,
hospitalar,3250708,,C,32,325,3250,palavra_chave,85,
Serviço de laboratório óptico,3250709,,C,32,325,3250,nome_oficial,100,
serviço,3250709,,C,32,325,3250,palavra_chave,85,
laboratório,3250709,,C,32,325,3250,palavra_chave,85,
óptico,3250709,,C,32,325,3250,palavra_chave,85,
"Fabricação de escovas, pincéis e vassouras",3261500,,C,32,326,3261,nome_oficial,100,
"escovas,",3261500,,C,32,326,3261,palavra_chave,85,
pincéis,3261500,,C,32,326,3261,palavra_chave,85,
vassouras,3261500,,C,32,326,3261,palavra_chave,85,
Fabricação de esquadrias de material plástico e de peças para esquadrias,3262300,,C,32,326,3262,nome_oficial,100,
esquadrias,3262300,,C,32,326,3262,palavra_chave,85,
material,3262300,,C,32,326,3262,palavra_chave,85,
plástico,3262300,,C,32,326,3262,palavra_chave,85,
"Fabricação de escovas, pincéis e vassouras",3291400,,C,32,329,3291,nome_oficial,100,
"escovas,",3291400,,C,32,329,3291,palavra_chave,85,
pincéis,3291400,,C,32,329,3291,palavra_chave,85,
vassouras,3291400,,C,32,329,3291,palavra_chave,85,
Fabricação de roupas de proteção e segurança e resistentes a fogo,3292201,,C,32,329,3292,nome_oficial,100,
roupas,3292201,,C,32,329,3292,palavra_chave,85,
proteção,3292201,,C,32,329,3292,palavra_chave,85,
segurança,3292201,,C,32,329,3292,palavra_chave,85,
resistentes,3292201,,C,32,329,3292,palavra_chave,85,
fogo,3292201,,C,32,329,3292,palavra_chave,85,
Fabricação de equipamentos e acessórios para segurança pessoal e profissional,3292202,,C,32,329,3292,nome_oficial,100,
equipamentos,3292202,,C,32,329,3292,palavra_chave,85,
acessórios,3292202,,C,32,329,3292,palavra_chave,85,
segurança,3292202,,C,32,329,3292,palavra_chave,85,
pessoal,3292202,,C,32,329,3292,palavra_chave,85,
profissional,3292202,,C,32,329,3292,palavra_chave,85,
Fabricação de guarda-chuvas e similares,3299001,,C,32,329,3299,nome_oficial,100,
guarda,3299001,,C,32,329,3299,palavra_chave,85,
chuvas,3299001,,C,32,329,3299,palavra_chave,85,
similares,3299001,,C,32,329,3299,palavra_chave,85,
"Fabricação de canetas, lápis e outros artigos para escritório",3299002,,C,32,329,3299,nome_oficial,100,
"canetas,",3299002,,C,32,329,3299,palavra_chave,85,
lápis,3299002,,C,32,329,3299,palavra_chave,85,
outros,3299002,,C,32,329,3299,palavra_chave,85,
artigos,3299002,,C,32,329,3299,palavra_chave,85,
escritório,3299002,,C,32,329,3299,palavra_chave,85,
"Fabricação de letras, letreiros e placas de qualquer material, exceto iluminação",3299003,,C,32,329,3299,nome_oficial,100,
"letras,",3299003,,C,32,329,3299,palavra_chave,85,
letreiros,3299003,,C,32,329,3299,palavra_chave,85,
placas,3299003,,C,32,329,3299,palavra_chave,85,
qualquer,3299003,,C,32,329,3299,palavra_chave,85,
"material,",3299003,,C,32,329,3299,palavra_chave,85,
iluminação,3299003,,C,32,329,3299,palavra_chave,85,
Fabricação de painéis e letreiros luminosos,3299004,,C,32,329,3299,nome_oficial,100,
painéis,3299004,,C,32,329,3299,palavra_chave,85,
letreiros,3299004,,C,32,329,3299,palavra_chave,85,
luminosos,3299004,,C,32,329,3299,palavra_chave,85,
Fabricação de aviamentos para costura,3299005,,C,32,329,3299,nome_oficial,100,
aviamentos,3299005,,C,32,329,3299,palavra_chave,85,
costura,3299005,,C,32,329,3299,palavra_chave,85,
"Fabricação de velas, inclusive decorativas",3299006,,C,32,329,3299,nome_oficial,100,
"velas,",3299006,,C,32,329,3299,palavra_chave,85,
decorativas,3299006,,C,32,329,3299,palavra_chave,85,
Fabricação de produtos diversos não especificados anteriormente,3299099,,C,32,329,3299,nome_oficial,100,
produtos,3299099,,C,32,329,3299,palavra_chave,85,
diversos,3299099,,C,32,329,3299,palavra_chave,85,
especificados,3299099,,C,32,329,3299,palavra_chave,85,
anteriormente,3299099,,C,32,329,3299,palavra_chave,85,
Manutenção e reparação de equipamentos transmissores de comunicação,3312101,,C,33,331,3312,nome_oficial,100,
manutenção,3312101,,C,33,331,3312,palavra_chave,85,
reparação,3312101,,C,33,331,3312,palavra_chave,85,
equipamentos,3312101,,C,33,331,3312,palavra_chave,85,
transmissores,3312101,,C,33,331,3312,palavra_chave,85,
comunicação,3312101,,C,33,331,3312,palavra_chave,85,
Atividades de coordenação e controle da operação da geração e transmissão de energia elétrica,3511502,,D,35,351,3511,nome_oficial,100,
coordenação,3511502,,D,35,351,3511,palavra_chave,85,
controle,3511502,,D,35,351,3511,palavra_chave,85,
operação,3511502,,D,35,351,3511,palavra_chave,85,
geração,3511502,,D,35,351,3511,palavra_chave,85,
transmissão,3511502,,D,35,351,3511,palavra_chave,85,
energia,3511502,,D,35,351,3511,palavra_chave,85,
Operação de estações de tratamento de água,3600604,,E,36,360,3600,nome_oficial,100,
operação,3600604,,E,36,360,3600,palavra_chave,85,
estações,3600604,,E,36,360,3600,palavra_chave,85,
tratamento,3600604,,E,36,360,3600,palavra_chave,85,
água,3600604,,E,36,360,3600,palavra_chave,85,
Manutenção de redes de abastecimento de água,3600605,,E,36,360,3600,nome_oficial,100,
manutenção,3600605,,E,36,360,3600,palavra_chave,85,
redes,3600605,,E,36,360,3600,palavra_chave,85,
abastecimento,3600605,,E,36,360,3600,palavra_chave,85,
água,3600605,,E,36,360,3600,palavra_chave,85,
Tratamento de esgoto doméstico,3701101,,E,37,370,3701,nome_oficial,100,
tratamento,3701101,,E,37,370,3701,palavra_chave,85,
esgoto,3701101,,E,37,370,3701,palavra_chave,85,
doméstico,3701101,,E,37,370,3701,palavra_chave,85,
Operação de estações de tratamento de esgoto,3702901,,E,37,370,3702,nome_oficial,100,
operação,3702901,,E,37,370,3702,palavra_chave,85,
estações,3702901,,E,37,370,3702,palavra_chave,85,
tratamento,3702901,,E,37,370,3702,palavra_chave,85,
esgoto,3702901,,E,37,370,3702,palavra_chave,85,
Manutenção de redes de esgoto,3702902,,E,37,370,3702,nome_oficial,100,
manutenção,3702902,,E,37,370,3702,palavra_chave,85,
redes,3702902,,E,37,370,3702,palavra_chave,85,
esgoto,3702902,,E,37,370,3702,palavra_chave,85,
Descontaminação e outros serviços de gestão de resíduos,3900501,,E,39,390,3900,nome_oficial,100,
descontaminação,3900501,,E,39,390,3900,palavra_chave,85,
outros,3900501,,E,39,390,3900,palavra_chave,85,
gestão,3900501,,E,39,390,3900,palavra_chave,85,
resíduos,3900501,,E,39,390,3900,palavra_chave,85,
Serviços de recuperação de áreas degradadas,3900502,,E,39,390,3900,nome_oficial,100,
recuperação,3900502,,E,39,390,3900,palavra_chave,85,
áreas,3900502,,E,39,390,3900,palavra_chave,85,
degradadas,3900502,,E,39,390,3900,palavra_chave,85,
Construção de edifícios residenciais,4120401,,F,41,412,4120,nome_oficial,100,
construção,4120401,,F,41,412,4120,palavra_chave,85,
edifícios,4120401,,F,41,412,4120,palavra_chave,85,
residenciais,4120401,,F,41,412,4120,palavra_chave,85,
Construção de edifícios não-residenciais,4120402,,F,41,412,4120,nome_oficial,100,
construção,4120402,,F,41,412,4120,palavra_chave,85,
edifícios,4120402,,F,41,412,4120,palavra_chave,85,
residenciais,4120402,,F,41,412,4120,palavra_chave,85,
Construção de prédios e edificações,4120403,,F,41,412,4120,nome_oficial,100,
construção,4120403,,F,41,412,4120,palavra_chave,85,
prédios,4120403,,F,41,412,4120,palavra_chave,85,
edificações,4120403,,F,41,412,4120,palavra_chave,85,
Reformas de edificações,4120404,,F,41,412,4120,nome_oficial,100,
reformas,4120404,,F,41,412,4120,palavra_chave,85,
edificações,4120404,,F,41,412,4120,palavra_chave,85,
Transporte rodoviário de carga municipal,4930201,,H,49,493,4930,nome_oficial,100,
transporte,4930201,,H,49,493,4930,palavra_chave,85,
rodoviário,4930201,,H,49,493,4930,palavra_chave,85,
carga,4930201,,H,49,493,4930,palavra_chave,85,
municipal,4930201,,H,49,493,4930,palavra_chave,85,
Atividades de agenciamento marítimo,5232000,,H,52,523,5232,nome_oficial,100,
agenciamento,5232000,,H,52,523,5232,palavra_chave,85,
marítimo,5232000,,H,52,523,5232,palavra_chave,85,
Distribuição e entrega de encomendas,5310503,,H,53,531,5310,nome_oficial,100,
distribuição,5310503,,H,53,531,5310,palavra_chave,85,
entrega,5310503,,H,53,531,5310,palavra_chave,85,
encomendas,5310503,,H,53,531,5310,palavra_chave,85,
Transporte de encomendas,5320203,,H,53,532,5320,nome_oficial,100,
transporte,5320203,,H,53,532,5320,palavra_chave,85,
encomendas,5320203,,H,53,532,5320,palavra_chave,85,
Atividades de exibição cinematográfica,5914600,,J,59,591,5914,nome_oficial,100,
exibição,5914600,,J,59,591,5914,palavra_chave,85,
cinematográfica,5914600,,J,59,591,5914,palavra_chave,85,
Atividades de gravação de som em qualquer suporte,5920101,,J,59,592,5920,nome_oficial,100,
gravação,5920101,,J,59,592,5920,palavra_chave,85,
som,5920101,,J,59,592,5920,palavra_chave,85,
qualquer,5920101,,J,59,592,5920,palavra_chave,85,
suporte,5920101,,J,59,592,5920,palavra_chave,85,
Atividades de gravação de som e de edição de música,5920102,,J,59,592,5920,nome_oficial,100,
gravação,5920102,,J,59,592,5920,palavra_chave,85,
som,5920102,,J,59,592,5920,palavra_chave,85,
edição,5920102,,J,59,592,5920,palavra_chave,85,
música,5920102,,J,59,592,5920,palavra_chave,85,
Serviços de telecomunicações por fio não especificados anteriormente,6110899,,J,61,611,6110,nome_oficial,100,
telecomunicações,6110899,,J,61,611,6110,palavra_chave,85,
fio,6110899,,J,61,611,6110,palavra_chave,85,
especificados,6110899,,J,61,611,6110,palavra_chave,85,
anteriormente,6110899,,J,61,611,6110,palavra_chave,85,
Serviços de telecomunicações sem fio não especificados anteriormente,6120599,,J,61,612,6120,nome_oficial,100,
telecomunicações,6120599,,J,61,612,6120,palavra_chave,85,
sem,6120599,,J,61,612,6120,palavra_chave,85,
fio,6120599,,J,61,612,6120,palavra_chave,85,
especificados,6120599,,J,61,612,6120,palavra_chave,85,
anteriormente,6120599,,J,61,612,6120,palavra_chave,85,
Telecomunicações por satélite,6130200,,J,61,613,6130,nome_oficial,100,
telecomunicações,6130200,,J,61,613,6130,palavra_chave,85,
satélite,6130200,,J,61,613,6130,palavra_chave,85,
Operadoras de televisão por assinatura por cabo,6141800,,J,61,614,6141,nome_oficial,100,
operadoras,6141800,,J,61,614,6141,palavra_chave,85,
televisão,6141800,,J,61,614,6141,palavra_chave,85,
assinatura,6141800,,J,61,614,6141,palavra_chave,85,
cabo,6141800,,J,61,614,6141,palavra_chave,85,
Operadoras de televisão por assinatura por microondas,6142600,,J,61,614,6142,nome_oficial,100,
operadoras,6142600,,J,61,614,6142,palavra_chave,85,
televisão,6142600,,J,61,614,6142,palavra_chave,85,
assinatura,6142600,,J,61,614,6142,palavra_chave,85,
microondas,6142600,,J,61,614,6142,palavra_chave,85,
Operadoras de televisão por assinatura por satélite,6143400,,J,61,614,6143,nome_oficial,100,
operadoras,6143400,,J,61,614,6143,palavra_chave,85,
televisão,6143400,,J,61,614,6143,palavra_chave,85,
assinatura,6143400,,J,61,614,6143,palavra_chave,85,
satélite,6143400,,J,61,614,6143,palavra_chave,85,
Provedores de acesso às redes de comunicações,6190601,,J,61,619,6190,nome_oficial,100,
provedores,6190601,,J,61,619,6190,palavra_chave,85,
acesso,6190601,,J,61,619,6190,palavra_chave,85,
redes,6190601,,J,61,619,6190,palavra_chave,85,
comunicações,6190601,,J,61,619,6190,palavra_chave,85,
Provedores de voz sobre protocolo internet - VOIP,6190602,,J,61,619,6190,nome_oficial,100,
provedores,6190602,,J,61,619,6190,palavra_chave,85,
voz,6190602,,J,61,619,6190,palavra_chave,85,
sobre,6190602,,J,61,619,6190,palavra_chave,85,
protocolo,6190602,,J,61,619,6190,palavra_chave,85,
internet,6190602,,J,61,619,6190,palavra_chave,85,
voip,6190602,,J,61,619,6190,palavra_chave,85,
Outras atividades de telecomunicações não especificadas anteriormente,6190699,,J,61,619,6190,nome_oficial,100,
outras,6190699,,J,61,619,6190,palavra_chave,85,
telecomunicações,6190699,,J,61,619,6190,palavra_chave,85,
especificadas,6190699,,J,61,619,6190,palavra_chave,85,
anteriormente,6190699,,J,61,619,6190,palavra_chave,85,
"Suporte técnico, manutenção e outros serviços em tecnologia da informação",6209100,,J,62,620,6209,nome_oficial,100,
suporte,6209100,,J,62,620,6209,palavra_chave,85,
"técnico,",6209100,,J,62,620,6209,palavra_chave,85,
manutenção,6209100,,J,62,620,6209,palavra_chave,85,
outros,6209100,,J,62,620,6209,palavra_chave,85,
tecnologia,6209100,,J,62,620,6209,palavra_chave,85,
informação,6209100,,J,62,620,6209,palavra_chave,85,
Cultivo de sorgo,0111304,,A,01,,,nome_oficial,100,
Cultivo,0111304,,A,01,,,produto,80,
sorgo,0111304,,A,01,,,produto,80,
Cultivo de cevada,0111305,,A,01,,,nome_oficial,100,
Cultivo,0111305,,A,01,,,produto,80,
cevada,0111305,,A,01,,,produto,80,
Cultivo de fumo,0114801,,A,01,,,nome_oficial,100,
Cultivo,0114801,,A,01,,,produto,80,
fumo,0114801,,A,01,,,produto,80,
Cultivo de soja,0115601,,A,01,,,nome_oficial,100,
Cultivo,0115601,,A,01,,,produto,80,
soja,0115601,,A,01,,,produto,80,
Cultivo de amendoim,0115602,,A,01,,,nome_oficial,100,
Cultivo,0115602,,A,01,,,produto,80,
amendoim,0115602,,A,01,,,produto,80,
Cultivo de girassol,0115603,,A,01,,,nome_oficial,100,
Cultivo,0115603,,A,01,,,produto,80,
girassol,0115603,,A,01,,,produto,80,
Cultivo de mamona,0115604,,A,01,,,nome_oficial,100,
Cultivo,0115604,,A,01,,,produto,80,
mamona,0115604,,A,01,,,produto,80,
Cultivo de grão-de-bico,0116404,,A,01,,,nome_oficial,100,
Cultivo,0116404,,A,01,,,produto,80,
grão,0116404,,A,01,,,produto,80,
bico,0116404,,A,01,,,produto,80,
cultivo de grãodebico,0116404,,A,01,,,variante_normalizada,70,
Cultivo de fava,0116405,,A,01,,,nome_oficial,100,
Cultivo,0116405,,A,01,,,produto,80,
fava,0116405,,A,01,,,produto,80,
Cultivo de batata-inglesa,0117201,,A,01,,,nome_oficial,100,
Cultivo,0117201,,A,01,,,produto,80,
batata,0117201,,A,01,,,produto,80,
inglesa,0117201,,A,01,,,produto,80,
cultivo de batatainglesa,0117201,,A,01,,,variante_normalizada,70,
Cultivo de batata-doce,0117202,,A,01,,,nome_oficial,100,
Cultivo,0117202,,A,01,,,produto,80,
batata,0117202,,A,01,,,produto,80,
doce,0117202,,A,01,,,produto,80,
cultivo de batatadoce,0117202,,A,01,,,variante_normalizada,70,
Cultivo de mandioca,0117203,,A,01,,,nome_oficial,100,
Cultivo,0117203,,A,01,,,produto,80,
mandioca,0117203,,A,01,,,produto,80,
Cultivo de inhame,0117204,,A,01,,,nome_oficial,100,
Cultivo,0117204,,A,01,,,produto,80,
inhame,0117204,,A,01,,,produto,80,
Cultivo de taro,0117205,,A,01,,,nome_oficial,100,
Cultivo,0117205,,A,01,,,produto,80,
taro,0117205,,A,01,,,produto,80,
Cultivo de limão e lima,0121103,,A,01,,,nome_oficial,100,
Cultivo,0121103,,A,01,,,produto,80,
limão,0121103,,A,01,,,produto,80,
lima,0121103,,A,01,,,produto,80,
Cultivo de uva,0122901,,A,01,,,nome_oficial,100,
Cultivo,0122901,,A,01,,,produto,80,
uva,0122901,,A,01,,,produto,80,
Cultivo de banana,0122902,,A,01,,,nome_oficial,100,
Cultivo,0122902,,A,01,,,produto,80,
banana,0122902,,A,01,,,produto,80,
Cultivo de mamão,0122903,,A,01,,,nome_oficial,100,
Cultivo,0122903,,A,01,,,produto,80,
mamão,0122903,,A,01,,,produto,80,
Cultivo de melão,0122904,,A,01,,,nome_oficial,100,
Cultivo,0122904,,A,01,,,produto,80,
melão,0122904,,A,01,,,produto,80,
Cultivo de melancia,0122905,,A,01,,,nome_oficial,100,
Cultivo,0122905,,A,01,,,produto,80,
melancia,0122905,,A,01,,,produto,80,
Cultivo de morango,0122906,,A,01,,,nome_oficial,100,
Cultivo,0122906,,A,01,,,produto,80,
morango,0122906,,A,01,,,produto,80,
Cultivo de abacate,0122907,,A,01,,,nome_oficial,100,
Cultivo,0122907,,A,01,,,produto,80,
abacate,0122907,,A,01,,,produto,80,
Cultivo de manga,0122908,,A,01,,,nome_oficial,100,
Cultivo,0122908,,A,01,,,produto,80,
manga,0122908,,A,01,,,produto,80,
Cultivo de outras frutas de lavoura permanente não especificadas anteriormente,0122909,,A,01,,,nome_oficial,100,
Cultivo,0122909,,A,01,,,produto,80,
outras frutas,0122909,,A,01,,,produto,80,
lavoura permanente não especificadas anteriormente,0122909,,A,01,,,produto,80,
Cultivo de açaí,0125301,,A,01,,,nome_oficial,100,
Cultivo,0125301,,A,01,,,produto,80,
açaí,0125301,,A,01,,,produto,80,
Cultivo de guaraná,0125302,,A,01,,,nome_oficial,100,
Cultivo,0125302,,A,01,,,produto,80,
guaraná,0125302,,A,01,,,produto,80,
"Produção de sementes certificadas, exceto de forrageiras para pasto",0131801,,A,01,,,nome_oficial,100,
Produção,0131801,,A,01,,,produto,80,
sementes certificadas,0131801,,A,01,,,produto,80,
de forrageiras,0131801,,A,01,,,produto,80,
produção de sementes certificadas exceto de forrageiras para pasto,0131801,,A,01,,,variante_normalizada,70,
Produção de sementes certificadas de forrageiras para formação de pastagens,0131802,,A,01,,,nome_oficial,100,
Produção,0131802,,A,01,,,produto,80,
sementes certificadas,0131802,,A,01,,,produto,80,
forrageiras,0131802,,A,01,,,produto,80,
"Criação de bovinos, exceto para corte e leite",0141503,,A,01,,,nome_oficial,100,
Criação,0141503,,A,01,,,produto,80,
bovinos,0141503,,A,01,,,produto,80,
para corte,0141503,,A,01,,,produto,80,
criação de bovinos exceto para corte e leite,0141503,,A,01,,,variante_normalizada,70,
Criação de bufalinos,0142301,,A,01,,,nome_oficial,100,
Criação,0142301,,A,01,,,produto,80,
bufalinos,0142301,,A,01,,,produto,80,
Criação de eqüinos,0142302,,A,01,,,nome_oficial,100,
Criação,0142302,,A,01,,,produto,80,
eqüinos,0142302,,A,01,,,produto,80,
Criação de asininos e muares,0142303,,A,01,,,nome_oficial,100,
Criação,0142303,,A,01,,,produto,80,
asininos,0142303,,A,01,,,produto,80,
muares,0142303,,A,01,,,produto,80,
Criação de caprinos,0143101,,A,01,,,nome_oficial,100,
Criação,0143101,,A,01,,,produto,80,
caprinos,0143101,,A,01,,,produto,80,
"Criação de ovinos, inclusive para produção de lã",0143102,,A,01,,,nome_oficial,100,
Criação,0143102,,A,01,,,produto,80,
ovinos,0143102,,A,01,,,produto,80,
inclusive,0143102,,A,01,,,produto,80,
criação de ovinos inclusive para produção de lã,0143102,,A,01,,,variante_normalizada,70,
Criação de suínos,0144000,,A,01,,,nome_oficial,100,
Criação,0144000,,A,01,,,produto,80,
suínos,0144000,,A,01,,,produto,80,
Criação de frangos para corte,0145801,,A,01,,,nome_oficial,100,
Criação,0145801,,A,01,,,produto,80,
frangos,0145801,,A,01,,,produto,80,
corte,0145801,,A,01,,,produto,80,
Produção de pintos de um dia,0145802,,A,01,,,nome_oficial,100,
Produção,0145802,,A,01,,,produto,80,
pintos,0145802,,A,01,,,produto,80,
um dia,0145802,,A,01,,,produto,80,
"Criação de outros galináceos, exceto para corte",0145803,,A,01,,,nome_oficial,100,
Criação,0145803,,A,01,,,produto,80,
outros galináceos,0145803,,A,01,,,produto,80,
para corte,0145803,,A,01,,,produto,80,
criação de outros galináceos exceto para corte,0145803,,A,01,,,variante_normalizada,70,
"Criação de aves, exceto galináceos",0145804,,A,01,,,nome_oficial,100,
Criação,0145804,,A,01,,,produto,80,
aves,0145804,,A,01,,,produto,80,
galináceos,0145804,,A,01,,,produto,80,
criação de aves exceto galináceos,0145804,,A,01,,,variante_normalizada,70,
Incubação de ovos para eclosão,0145805,,A,01,,,nome_oficial,100,
Incubação,0145805,,A,01,,,produto,80,
ovos,0145805,,A,01,,,produto,80,
eclosão,0145805,,A,01,,,produto,80,
Apicultura,0149101,,A,01,,,nome_oficial,100,
Apicultura,0149101,,A,01,,,produto,80,
Criação de animais de estimação,0149102,,A,01,,,nome_oficial,100,
Criação,0149102,,A,01,,,produto,80,
animais,0149102,,A,01,,,produto,80,
estimação,0149102,,A,01,,,produto,80,
Criação de escargô,0149103,,A,01,,,nome_oficial,100,
Criação,0149103,,A,01,,,produto,80,
escargô,0149103,,A,01,,,produto,80,
Criação de bicho-da-seda,0149104,,A,01,,,nome_oficial,100,
Criação,0149104,,A,01,,,produto,80,
bicho,0149104,,A,01,,,produto,80,
seda,0149104,,A,01,,,produto,80,
criação de bichodaseda,0149104,,A,01,,,variante_normalizada,70,
Criação de outros animais não especificados anteriormente,0149199,,A,01,,,nome_oficial,100,
Criação,0149199,,A,01,,,produto,80,
outros animais não especificados anteriormente,0149199,,A,01,,,produto,80,
Coleta de piaçava em florestas nativas,0220907,,A,02,,,nome_oficial,100,
Coleta,0220907,,A,02,,,produto,80,
piaçava,0220907,,A,02,,,produto,80,
florestas nativas,0220907,,A,02,,,produto,80,
Coleta de pequi em florestas nativas,0220908,,A,02,,,nome_oficial,100,
Coleta,0220908,,A,02,,,produto,80,
pequi,0220908,,A,02,,,produto,80,
florestas nativas,0220908,,A,02,,,produto,80,
Coleta de buriti em florestas nativas,0220909,,A,02,,,nome_oficial,100,
Coleta,0220909,,A,02,,,produto,80,
buriti,0220909,,A,02,,,produto,80,
florestas nativas,0220909,,A,02,,,produto,80,
Pesca em água doce,0312400,,A,03,,,nome_oficial,100,
Pesca,0312400,,A,03,,,produto,80,
água doce,0312400,,A,03,,,produto,80,
"Fabricação de óleos vegetais em bruto, exceto óleo de milho",1041401,,C,10,,,nome_oficial,100,
Fabricação,1041401,,C,10,,,produto,80,
óleos vegetais,1041401,,C,10,,,produto,80,
bruto,1041401,,C,10,,,produto,80,
fabricação de óleos vegetais em bruto exceto óleo de milho,1041401,,C,10,,,variante_normalizada,70,
"Fabricação de óleos vegetais em bruto, inclusive óleo de milho",1041402,,C,10,,,nome_oficial,100,
Fabricação,1041402,,C,10,,,produto,80,
óleos vegetais,1041402,,C,10,,,produto,80,
bruto,1041402,,C,10,,,produto,80,
fabricação de óleos vegetais em bruto inclusive óleo de milho,1041402,,C,10,,,variante_normalizada,70,
"Fabricação de óleos vegetais refinados, exceto óleo de milho",1042201,,C,10,,,nome_oficial,100,
Fabricação,1042201,,C,10,,,produto,80,
óleos vegetais refinados,1042201,,C,10,,,produto,80,
óleo,1042201,,C,10,,,produto,80,
fabricação de óleos vegetais refinados exceto óleo de milho,1042201,,C,10,,,variante_normalizada,70,
Fabricação de óleo de milho,1042202,,C,10,,,nome_oficial,100,
Fabricação,1042202,,C,10,,,produto,80,
óleo,1042202,,C,10,,,produto,80,
milho,1042202,,C,10,,,produto,80,
Preparação do leite,1050301,,C,10,,,nome_oficial,100,
Preparação,1050301,,C,10,,,produto,80,
leite,1050301,,C,10,,,produto,80,
Fabricação de laticínios,1050302,,C,10,,,nome_oficial,100,
Fabricação,1050302,,C,10,,,produto,80,
laticínios,1050302,,C,10,,,produto,80,
Fabricação de sorvetes e outros gelados comestíveis,1050303,,C,10,,,nome_oficial,100,
Fabricação,1050303,,C,10,,,produto,80,
sorvetes,1050303,,C,10,,,produto,80,
outros gelados comestíveis,1050303,,C,10,,,produto,80,
Fabricação de alimentos para animais,1066000,,C,10,,,nome_oficial,100,
Fabricação,1066000,,C,10,,,produto,80,
alimentos,1066000,,C,10,,,produto,80,
animais,1066000,,C,10,,,produto,80,
Moagem e fabricação de produtos de origem vegetal não especificados anteriormente,1069400,,C,10,,,nome_oficial,100,
Moagem,1069400,,C,10,,,produto,80,
fabricação,1069400,,C,10,,,produto,80,
produtos,1069400,,C,10,,,produto,80,
Fabricação de águas envasadas,1121600,,C,11,,,nome_oficial,100,
Fabricação,1121600,,C,11,,,produto,80,
águas envasadas,1121600,,C,11,,,produto,80,
Fabricação de meias,1421500,,C,14,,,nome_oficial,100,
Fabricação,1421500,,C,14,,,produto,80,
meias,1421500,,C,14,,,produto,80,
"Fabricação de artigos do vestuário, produzidos em malharias e tricotagens, exceto meias",1422301,,C,14,,,nome_oficial,100,
Fabricação,1422301,,C,14,,,produto,80,
artigos,1422301,,C,14,,,produto,80,
vestuário,1422301,,C,14,,,produto,80,
fabricação de artigos do vestuário produzidos em malharias e tricotagens exceto meias,1422301,,C,14,,,variante_normalizada,70,
"Fabricação de bolsas, mochilas e malas de qualquer material",1521101,,C,15,,,nome_oficial,100,
Fabricação,1521101,,C,15,,,produto,80,
bolsas,1521101,,C,15,,,produto,80,
mochilas,1521101,,C,15,,,produto,80,
fabricação de bolsas mochilas e malas de qualquer material,1521101,,C,15,,,variante_normalizada,70,
Fabricação de artigos de viagem de qualquer material,1521102,,C,15,,,nome_oficial,100,
Fabricação,1521102,,C,15,,,produto,80,
artigos,1521102,,C,15,,,produto,80,
viagem,1521102,,C,15,,,produto,80,
Fabricação de bolsas e sacolas de qualquer material,1521103,,C,15,,,nome_oficial,100,
Fabricação,1521103,,C,15,,,produto,80,
bolsas,1521103,,C,15,,,produto,80,
sacolas,1521103,,C,15,,,produto,80,
"Fabricação de artefatos diversos de couro, exceto bolsas, malas e calçados",1529701,,C,15,,,nome_oficial,100,
Fabricação,1529701,,C,15,,,produto,80,
artefatos diversos,1529701,,C,15,,,produto,80,
couro,1529701,,C,15,,,produto,80,
fabricação de artefatos diversos de couro exceto bolsas malas e calçados,1529701,,C,15,,,variante_normalizada,70,
"Fabricação de artefatos diversos de peles, exceto vestuário",1529702,,C,15,,,nome_oficial,100,
Fabricação,1529702,,C,15,,,produto,80,
artefatos diversos,1529702,,C,15,,,produto,80,
peles,1529702,,C,15,,,produto,80,
fabricação de artefatos diversos de peles exceto vestuário,1529702,,C,15,,,variante_normalizada,70,
Fabricação de calçados de materiais não especificados anteriormente,1539400,,C,15,,,nome_oficial,100,
Fabricação,1539400,,C,15,,,produto,80,
calçados,1539400,,C,15,,,produto,80,
materiais não especificados anteriormente,1539400,,C,15,,,produto,80,
"Fabricação de capacitores, resistores, transformadores, indutores e similares",2610801,,C,26,,,nome_oficial,100,
Fabricação,2610801,,C,26,,,produto,80,
capacitores,2610801,,C,26,,,produto,80,
resistores,2610801,,C,26,,,produto,80,
fabricação de capacitores resistores transformadores indutores e similares,2610801,,C,26,,,variante_normalizada,70,
Fabricação de circuitos impressos,2610802,,C,26,,,nome_oficial,100,
Fabricação,2610802,,C,26,,,produto,80,
circuitos impressos,2610802,,C,26,,,produto,80,
Fabricação de semicondutores e dispositivos associados,2610803,,C,26,,,nome_oficial,100,
Fabricação,2610803,,C,26,,,produto,80,
semicondutores,2610803,,C,26,,,produto,80,
dispositivos associados,2610803,,C,26,,,produto,80,
Fabricação de microcomponentes eletrônicos e circuitos integrados,2610804,,C,26,,,nome_oficial,100,
Fabricação,2610804,,C,26,,,produto,80,
microcomponentes eletrônicos,2610804,,C,26,,,produto,80,
circuitos integrados,2610804,,C,26,,,produto,80,
Fabricação de circuitos integrados,2610805,,C,26,,,nome_oficial,100,
Fabricação,2610805,,C,26,,,produto,80,
circuitos integrados,2610805,,C,26,,,produto,80,
"Fabricação de receptores de rádio, equipamentos de som e vídeo de uso profissional",2640001,,C,26,,,nome_oficial,100,
Fabricação,2640001,,C,26,,,produto,80,
receptores,2640001,,C,26,,,produto,80,
rádio,2640001,,C,26,,,produto,80,
fabricação de receptores de rádio equipamentos de som e vídeo de uso profissional,2640001,,C,26,,,variante_normalizada,70,
"Fabricação de receptores de rádio, equipamentos de som e vídeo de uso doméstico",2640002,,C,26,,,nome_oficial,100,
Fabricação,2640002,,C,26,,,produto,80,
receptores,2640002,,C,26,,,produto,80,
rádio,2640002,,C,26,,,produto,80,
fabricação de receptores de rádio equipamentos de som e vídeo de uso doméstico,2640002,,C,26,,,variante_normalizada,70,
"Fabricação de aparelhos elétricos de uso pessoal, peças e acessórios",2759701,,C,27,,,nome_oficial,100,
Fabricação,2759701,,C,27,,,produto,80,
aparelhos elétricos,2759701,,C,27,,,produto,80,
uso pessoal,2759701,,C,27,,,produto,80,
fabricação de aparelhos elétricos de uso pessoal peças e acessórios,2759701,,C,27,,,variante_normalizada,70,
"Fabricação de outros aparelhos eletrodomésticos não especificados anteriormente, peças e acessórios",2759799,,C,27,,,nome_oficial,100,
Fabricação,2759799,,C,27,,,produto,80,
outros aparelhos eletrodomésticos não especificados anteriormente,2759799,,C,27,,,produto,80,
peças,2759799,,C,27,,,produto,80,
fabricação de outros aparelhos eletrodomésticos não especificados anteriormente peças e acessórios,2759799,,C,27,,,variante_normalizada,70,
"Fabricação de máquinas de escrever, calcular e outros equipamentos não-eletrônicos para escritório",2870001,,C,28,,,nome_oficial,100,
Fabricação,2870001,,C,28,,,produto,80,
máquinas,2870001,,C,28,,,produto,80,
escrever,2870001,,C,28,,,produto,80,
fabricação de máquinas de escrever calcular e outros equipamentos nãoeletrônicos para escritório,2870001,,C,28,,,variante_normalizada,70,
Fabricação de caixas registradoras e outros equipamentos para fins comerciais,2870002,,C,28,,,nome_oficial,100,
Fabricação,2870002,,C,28,,,produto,80,
caixas registradoras,2870002,,C,28,,,produto,80,
outros equipamentos,2870002,,C,28,,,produto,80,
Fabricação de móveis com predominância de madeira - exceto cadeiras e mesas,3101201,,C,31,,,nome_oficial,100,
Fabricação,3101201,,C,31,,,produto,80,
móveis,3101201,,C,31,,,produto,80,
predominância,3101201,,C,31,,,produto,80,
fabricação de móveis com predominância de madeira  exceto cadeiras e mesas,3101201,,C,31,,,variante_normalizada,70,
Fabricação de cadeiras e mesas - exceto cadeiras para veículos,3101202,,C,31,,,nome_oficial,100,
Fabricação,3101202,,C,31,,,produto,80,
cadeiras,3101202,,C,31,,,produto,80,
mesas,3101202,,C,31,,,produto,80,
fabricação de cadeiras e mesas  exceto cadeiras para veículos,3101202,,C,31,,,variante_normalizada,70,
Manutenção e reparação de equipamentos e produtos não especificados anteriormente,3312100,,C,33,,,nome_oficial,100,
Manutenção,3312100,,C,33,,,produto,80,
reparação,3312100,,C,33,,,produto,80,
equipamentos,3312100,,C,33,,,produto,80,
"Manutenção e reparação de baterias e acumuladores elétricos, exceto para veículos",3313902,,C,33,,,nome_oficial,100,
Manutenção,3313902,,C,33,,,produto,80,
reparação,3313902,,C,33,,,produto,80,
baterias,3313902,,C,33,,,produto,80,
manutenção e reparação de baterias e acumuladores elétricos exceto para veículos,3313902,,C,33,,,variante_normalizada,70,
"Manutenção e reparação de equipamentos hidráulicos e pneumáticos, exceto válvulas",3314702,,C,33,,,nome_oficial,100,
Manutenção,3314702,,C,33,,,produto,80,
reparação,3314702,,C,33,,,produto,80,
equipamentos hidráulicos,3314702,,C,33,,,produto,80,
manutenção e reparação de equipamentos hidráulicos e pneumáticos exceto válvulas,3314702,,C,33,,,variante_normalizada,70,
Manutenção e reparação de válvulas industriais,3314703,,C,33,,,nome_oficial,100,
Manutenção,3314703,,C,33,,,produto,80,
reparação,3314703,,C,33,,,produto,80,
válvulas industriais,3314703,,C,33,,,produto,80,
Manutenção e reparação de compressores,3314704,,C,33,,,nome_oficial,100,
Manutenção,3314704,,C,33,,,produto,80,
reparação,3314704,,C,33,,,produto,80,
compressores,3314704,,C,33,,,produto,80,
Manutenção e reparação de equipamentos de transmissão para fins industriais,3314705,,C,33,,,nome_oficial,100,
Manutenção,3314705,,C,33,,,produto,80,
reparação,3314705,,C,33,,,produto,80,
equipamentos,3314705,,C,33,,,produto,80,
"Manutenção e reparação de máquinas, aparelhos e materiais para a indústria metalúrgica, peças e acessórios",3314706,,C,33,,,nome_oficial,100,
Manutenção,3314706,,C,33,,,produto,80,
reparação,3314706,,C,33,,,produto,80,
máquinas,3314706,,C,33,,,produto,80,
manutenção e reparação de máquinas aparelhos e materiais para a indústria metalúrgica peças e acessórios,3314706,,C,33,,,variante_normalizada,70,
Manutenção e reparação de máquinas e aparelhos de refrigeração e ventilação para uso industrial e comercial,3314707,,C,33,,,nome_oficial,100,
Manutenção,3314707,,C,33,,,produto,80,
reparação,3314707,,C,33,,,produto,80,
máquinas,3314707,,C,33,,,produto,80,
Manutenção e reparação de máquinas e equipamentos para saneamento básico e ambiental,3314708,,C,33,,,nome_oficial,100,
Manutenção,3314708,,C,33,,,produto,80,
reparação,3314708,,C,33,,,produto,80,
máquinas,3314708,,C,33,,,produto,80,
"Manutenção e reparação de máquinas de escrever, calcular e de outros equipamentos não-eletrônicos para escritório",3314709,,C,33,,,nome_oficial,100,
Manutenção,3314709,,C,33,,,produto,80,
reparação,3314709,,C,33,,,produto,80,
máquinas,3314709,,C,33,,,produto,80,
manutenção e reparação de máquinas de escrever calcular e de outros equipamentos nãoeletrônicos para escritório,3314709,,C,33,,,variante_normalizada,70,
"Manutenção e reparação de máquinas e aparelhos para a indústria têxtil, do vestuário, do couro e calçados",3314710,,C,33,,,nome_oficial,100,
Manutenção,3314710,,C,33,,,produto,80,
reparação,3314710,,C,33,,,produto,80,
máquinas,3314710,,C,33,,,produto,80,
manutenção e reparação de máquinas e aparelhos para a indústria têxtil do vestuário do couro e calçados,3314710,,C,33,,,variante_normalizada,70,
Manutenção e reparação de máquinas e aparelhos para a indústria de alimentos e bebidas,3314711,,C,33,,,nome_oficial,100,
Manutenção,3314711,,C,33,,,produto,80,
reparação,3314711,,C,33,,,produto,80,
máquinas,3314711,,C,33,,,produto,80,
Manutenção e reparação de tratores agrícolas,3314712,,C,33,,,nome_oficial,100,
Manutenção,3314712,,C,33,,,produto,80,
reparação,3314712,,C,33,,,produto,80,
tratores agrícolas,3314712,,C,33,,,produto,80,
Manutenção e reparação de tratores não-agrícolas,3314713,,C,33,,,nome_oficial,100,
Manutenção,3314713,,C,33,,,produto,80,
reparação,3314713,,C,33,,,produto,80,
tratores não,3314713,,C,33,,,produto,80,
manutenção e reparação de tratores nãoagrícolas,3314713,,C,33,,,variante_normalizada,70,
Manutenção e reparação de máquinas-ferramenta,3314714,,C,33,,,nome_oficial,100,
Manutenção,3314714,,C,33,,,produto,80,
reparação,3314714,,C,33,,,produto,80,
máquinas,3314714,,C,33,,,produto,80,
manutenção e reparação de máquinasferramenta,3314714,,C,33,,,variante_normalizada,70,
Manutenção e reparação de máquinas e equipamentos para mineração,3314715,,C,33,,,nome_oficial,100,
Manutenção,3314715,,C,33,,,produto,80,
reparação,3314715,,C,33,,,produto,80,
máquinas,3314715,,C,33,,,produto,80,
"Manutenção e reparação de máquinas e equipamentos para terraplenagem, pavimentação e construção",3314716,,C,33,,,nome_oficial,100,
Manutenção,3314716,,C,33,,,produto,80,
reparação,3314716,,C,33,,,produto,80,
máquinas,3314716,,C,33,,,produto,80,
manutenção e reparação de máquinas e equipamentos para terraplenagem pavimentação e construção,3314716,,C,33,,,variante_normalizada,70,
Manutenção e reparação de máquinas e equipamentos para prospecção e extração de petróleo,3314717,,C,33,,,nome_oficial,100,
Manutenção,3314717,,C,33,,,produto,80,
reparação,3314717,,C,33,,,produto,80,
máquinas,3314717,,C,33,,,produto,80,
Manutenção e reparação de máquinas e equipamentos para a produção de papel e papelão e artefatos,3314718,,C,33,,,nome_oficial,100,
Manutenção,3314718,,C,33,,,produto,80,
reparação,3314718,,C,33,,,produto,80,
máquinas,3314718,,C,33,,,produto,80,
Manutenção e reparação de máquinas e aparelhos para a indústria do plástico,3314719,,C,33,,,nome_oficial,100,
Manutenção,3314719,,C,33,,,produto,80,
reparação,3314719,,C,33,,,produto,80,
máquinas,3314719,,C,33,,,produto,80,
Manutenção e reparação de outras máquinas e equipamentos para fins industriais não especificados anteriormente,3314799,,C,33,,,nome_oficial,100,
Manutenção,3314799,,C,33,,,produto,80,
reparação,3314799,,C,33,,,produto,80,
outras máquinas,3314799,,C,33,,,produto,80,
Manutenção e reparação de veículos ferroviários,3315500,,C,33,,,nome_oficial,100,
Manutenção,3315500,,C,33,,,produto,80,
reparação,3315500,,C,33,,,produto,80,
veículos ferroviários,3315500,,C,33,,,produto,80,
"Manutenção e reparação de aeronaves, exceto a manutenção na pista",3316301,,C,33,,,nome_oficial,100,
Manutenção,3316301,,C,33,,,produto,80,
reparação,3316301,,C,33,,,produto,80,
aeronaves,3316301,,C,33,,,produto,80,
manutenção e reparação de aeronaves exceto a manutenção na pista,3316301,,C,33,,,variante_normalizada,70,
Manutenção de aeronaves na pista,3316302,,C,33,,,nome_oficial,100,
Manutenção,3316302,,C,33,,,produto,80,
aeronaves na pista,3316302,,C,33,,,produto,80,
Manutenção e reparação de embarcações e estruturas flutuantes,3317101,,C,33,,,nome_oficial,100,
Manutenção,3317101,,C,33,,,produto,80,
reparação,3317101,,C,33,,,produto,80,
embarcações,3317101,,C,33,,,produto,80,
Manutenção e reparação de embarcações para esporte e lazer,3317102,,C,33,,,nome_oficial,100,
Manutenção,3317102,,C,33,,,produto,80,
reparação,3317102,,C,33,,,produto,80,
embarcações,3317102,,C,33,,,produto,80,
Manutenção e reparação de equipamentos e produtos não especificados anteriormente,3319800,,C,33,,,nome_oficial,100,
Manutenção,3319800,,C,33,,,produto,80,
reparação,3319800,,C,33,,,produto,80,
equipamentos,3319800,,C,33,,,produto,80,
Tratamento e disposição de resíduos não-perigosos,3821200,,E,38,,,nome_oficial,100,
Tratamento,3821200,,E,38,,,produto,80,
disposição,3821200,,E,38,,,produto,80,
resíduos não,3821200,,E,38,,,produto,80,
tratamento e disposição de resíduos nãoperigosos,3821200,,E,38,,,variante_normalizada,70,
Construção de estações e redes de distribuição de energia elétrica,4221902,,F,42,,,nome_oficial,100,
Construção,4221902,,F,42,,,produto,80,
estações,4221902,,F,42,,,produto,80,
redes,4221902,,F,42,,,produto,80,
Manutenção de redes de distribuição de energia elétrica,4221903,,F,42,,,nome_oficial,100,
Manutenção,4221903,,F,42,,,produto,80,
redes,4221903,,F,42,,,produto,80,
distribuição,4221903,,F,42,,,produto,80,
Construção de estações e redes de telecomunicações,4221904,,F,42,,,nome_oficial,100,
Construção,4221904,,F,42,,,produto,80,
estações,4221904,,F,42,,,produto,80,
redes,4221904,,F,42,,,produto,80,
Manutenção de estações e redes de telecomunicações,4221905,,F,42,,,nome_oficial,100,
Manutenção,4221905,,F,42,,,produto,80,
estações,4221905,,F,42,,,produto,80,
redes,4221905,,F,42,,,produto,80,
"Obras portuárias, marítimas e fluviais",4291000,,F,42,,,nome_oficial,100,
Obras portuárias,4291000,,F,42,,,produto,80,
marítimas,4291000,,F,42,,,produto,80,
fluviais,4291000,,F,42,,,produto,80,
obras portuárias marítimas e fluviais,4291000,,F,42,,,variante_normalizada,70,
Montagem de estruturas metálicas,4292801,,F,42,,,nome_oficial,100,
Montagem,4292801,,F,42,,,produto,80,
estruturas metálicas,4292801,,F,42,,,produto,80,
Obras de montagem industrial,4292802,,F,42,,,nome_oficial,100,
Obras,4292802,,F,42,,,produto,80,
montagem industrial,4292802,,F,42,,,produto,80,
Construção de instalações esportivas e recreativas,4299501,,F,42,,,nome_oficial,100,
Construção,4299501,,F,42,,,produto,80,
instalações esportivas,4299501,,F,42,,,produto,80,
recreativas,4299501,,F,42,,,produto,80,
Outras obras de engenharia civil não especificadas anteriormente,4299599,,F,42,,,nome_oficial,100,
Outras obras,4299599,,F,42,,,produto,80,
engenharia civil não especificadas anteriormente,4299599,,F,42,,,produto,80,
Outras obras de instalações em construções não especificadas anteriormente,4329199,,F,43,,,nome_oficial,100,
Outras obras,4329199,,F,43,,,produto,80,
instalações,4329199,,F,43,,,produto,80,
construções não especificadas anteriormente,4329199,,F,43,,,produto,80,
Aplicação de revestimentos e de resinas em interiores e exteriores,4330405,,F,43,,,nome_oficial,100,
Aplicação,4330405,,F,43,,,produto,80,
revestimentos,4330405,,F,43,,,produto,80,
de resinas,4330405,,F,43,,,produto,80,
Representantes comerciais e agentes do comércio de veículos automotores,4512901,,G,45,,,nome_oficial,100,
Representantes comerciais,4512901,,G,45,,,produto,80,
agentes,4512901,,G,45,,,produto,80,
comércio,4512901,,G,45,,,produto,80,
Comércio sob consignação de veículos automotores,4512902,,G,45,,,nome_oficial,100,
Comércio,4512902,,G,45,,,produto,80,
consignação,4512902,,G,45,,,produto,80,
veículos automotores,4512902,,G,45,,,produto,80,
Serviços de manutenção e reparação mecânica de veículos automotores,4520001,,G,45,,,nome_oficial,100,
Serviços,4520001,,G,45,,,produto,80,
manutenção,4520001,,G,45,,,produto,80,
reparação mecânica,4520001,,G,45,,,produto,80,
Serviços de lanternagem ou funilaria e pintura de veículos automotores,4520002,,G,45,,,nome_oficial,100,
Serviços,4520002,,G,45,,,produto,80,
lanternagem ou funilaria,4520002,,G,45,,,produto,80,
pintura,4520002,,G,45,,,produto,80,
Serviços de manutenção e reparação elétrica de veículos automotores,4520003,,G,45,,,nome_oficial,100,
Serviços,4520003,,G,45,,,produto,80,
manutenção,4520003,,G,45,,,produto,80,
reparação elétrica,4520003,,G,45,,,produto,80,
Serviços de alinhamento e balanceamento,4520004,,G,45,,,nome_oficial,100,
Serviços,4520004,,G,45,,,produto,80,
alinhamento,4520004,,G,45,,,produto,80,
balanceamento,4520004,,G,45,,,produto,80,
"Serviços de lavagem, lubrificação e polimento de veículos automotores",4520005,,G,45,,,nome_oficial,100,
Serviços,4520005,,G,45,,,produto,80,
lavagem,4520005,,G,45,,,produto,80,
lubrificação,4520005,,G,45,,,produto,80,
serviços de lavagem lubrificação e polimento de veículos automotores,4520005,,G,45,,,variante_normalizada,70,
Serviços de borracharia para veículos automotores,4520006,,G,45,,,nome_oficial,100,
Serviços,4520006,,G,45,,,produto,80,
borracharia,4520006,,G,45,,,produto,80,
veículos automotores,4520006,,G,45,,,produto,80,
"Serviços de instalação, manutenção e reparação de acessórios para veículos automotores",4520007,,G,45,,,nome_oficial,100,
Serviços,4520007,,G,45,,,produto,80,
instalação,4520007,,G,45,,,produto,80,
manutenção,4520007,,G,45,,,produto,80,
serviços de instalação manutenção e reparação de acessórios para veículos automotores,4520007,,G,45,,,variante_normalizada,70,
Serviços de capotaria,4520008,,G,45,,,nome_oficial,100,
Serviços,4520008,,G,45,,,produto,80,
capotaria,4520008,,G,45,,,produto,80,
"Comércio por atacado e a varejo de motocicletas, peças e acessórios",4541200,,G,45,,,nome_oficial,100,
Comércio por atacado,4541200,,G,45,,,produto,80,
a varejo,4541200,,G,45,,,produto,80,
motocicletas,4541200,,G,45,,,produto,80,
comércio por atacado e a varejo de motocicletas peças e acessórios,4541200,,G,45,,,variante_normalizada,70,
Manutenção e reparação de motocicletas e motonetas,4543900,,G,45,,,nome_oficial,100,
Manutenção,4543900,,G,45,,,produto,80,
reparação,4543900,,G,45,,,produto,80,
motocicletas,4543900,,G,45,,,produto,80,
"Transporte rodoviário coletivo de passageiros, com itinerário fixo, interestadual",4922102,,H,49,,,nome_oficial,100,
Transporte rodoviário coletivo,4922102,,H,49,,,produto,80,
passageiros,4922102,,H,49,,,produto,80,
itinerário fixo,4922102,,H,49,,,produto,80,
transporte rodoviário coletivo de passageiros com itinerário fixo interestadual,4922102,,H,49,,,variante_normalizada,70,
Transporte escolar,4924800,,H,49,,,nome_oficial,100,
Transporte escolar,4924800,,H,49,,,produto,80,
"Transporte rodoviário coletivo de passageiros, sob regime de fretamento, municipal",4929901,,H,49,,,nome_oficial,100,
Transporte rodoviário coletivo,4929901,,H,49,,,produto,80,
passageiros,4929901,,H,49,,,produto,80,
regime,4929901,,H,49,,,produto,80,
transporte rodoviário coletivo de passageiros sob regime de fretamento municipal,4929901,,H,49,,,variante_normalizada,70,
"Transporte rodoviário coletivo de passageiros, sob regime de fretamento, intermunicipal, interestadual e internacional",4929902,,H,49,,,nome_oficial,100,
Transporte rodoviário coletivo,4929902,,H,49,,,produto,80,
passageiros,4929902,,H,49,,,produto,80,
regime,4929902,,H,49,,,produto,80,
transporte rodoviário coletivo de passageiros sob regime de fretamento intermunicipal interestadual e internacional,4929902,,H,49,,,variante_normalizada,70,
"Organização de excursões em veículos rodoviários próprios, municipal",4929903,,H,49,,,nome_oficial,100,
Organização,4929903,,H,49,,,produto,80,
excursões,4929903,,H,49,,,produto,80,
veículos rodoviários próprios,4929903,,H,49,,,produto,80,
organização de excursões em veículos rodoviários próprios municipal,4929903,,H,49,,,variante_normalizada,70,
"Organização de excursões em veículos rodoviários próprios, intermunicipal, interestadual e internacional",4929904,,H,49,,,nome_oficial,100,
Organização,4929904,,H,49,,,produto,80,
excursões,4929904,,H,49,,,produto,80,
veículos rodoviários próprios,4929904,,H,49,,,produto,80,
organização de excursões em veículos rodoviários próprios intermunicipal interestadual e internacional,4929904,,H,49,,,variante_normalizada,70,
Outros transportes rodoviários de passageiros não especificados anteriormente,4929999,,H,49,,,nome_oficial,100,
Outros transportes rodoviários,4929999,,H,49,,,produto,80,
passageiros não especificados anteriormente,4929999,,H,49,,,produto,80,
"Transporte rodoviário de carga, intermunicipal, interestadual e internacional",4930202,,H,49,,,nome_oficial,100,
Transporte rodoviário,4930202,,H,49,,,produto,80,
carga,4930202,,H,49,,,produto,80,
intermunicipal,4930202,,H,49,,,produto,80,
transporte rodoviário de carga intermunicipal interestadual e internacional,4930202,,H,49,,,variante_normalizada,70,
Transporte rodoviário de produtos perigosos,4930203,,H,49,,,nome_oficial,100,
Transporte rodoviário,4930203,,H,49,,,produto,80,
produtos perigosos,4930203,,H,49,,,produto,80,
Transporte rodoviário de mudanças,4930204,,H,49,,,nome_oficial,100,
Transporte rodoviário,4930204,,H,49,,,produto,80,
mudanças,4930204,,H,49,,,produto,80,
"Transporte por navegação interior de carga, municipal, exceto travessia",5021101,,H,50,,,nome_oficial,100,
Transporte por navegação interior,5021101,,H,50,,,produto,80,
carga,5021101,,H,50,,,produto,80,
municipal,5021101,,H,50,,,produto,80,
transporte por navegação interior de carga municipal exceto travessia,5021101,,H,50,,,variante_normalizada,70,
"Transporte por navegação interior de carga, intermunicipal, interestadual e internacional, exceto travessia",5021102,,H,50,,,nome_oficial,100,
Transporte por navegação interior,5021102,,H,50,,,produto,80,
carga,5021102,,H,50,,,produto,80,
intermunicipal,5021102,,H,50,,,produto,80,
transporte por navegação interior de carga intermunicipal interestadual e internacional exceto travessia,5021102,,H,50,,,variante_normalizada,70,
"Transporte por navegação interior de passageiros em linhas regulares, municipal, exceto travessia",5022001,,H,50,,,nome_oficial,100,
Transporte por navegação interior,5022001,,H,50,,,produto,80,
passageiros,5022001,,H,50,,,produto,80,
linhas regulares,5022001,,H,50,,,produto,80,
transporte por navegação interior de passageiros em linhas regulares municipal exceto travessia,5022001,,H,50,,,variante_normalizada,70,
"Transporte por navegação interior de passageiros em linhas regulares, intermunicipal, interestadual e internacional, exceto travessia",5022002,,H,50,,,nome_oficial,100,
Transporte por navegação interior,5022002,,H,50,,,produto,80,
passageiros,5022002,,H,50,,,produto,80,
linhas regulares,5022002,,H,50,,,produto,80,
transporte por navegação interior de passageiros em linhas regulares intermunicipal interestadual e internacional exceto travessia,5022002,,H,50,,,variante_normalizada,70,
Navegação de apoio marítimo,5030101,,H,50,,,nome_oficial,100,
Navegação,5030101,,H,50,,,produto,80,
apoio marítimo,5030101,,H,50,,,produto,80,
Navegação de apoio portuário,5030102,,H,50,,,nome_oficial,100,
Navegação,5030102,,H,50,,,produto,80,
apoio portuário,5030102,,H,50,,,produto,80,
Serviços de rebocadores e empurradores,5030103,,H,50,,,nome_oficial,100,
Serviços,5030103,,H,50,,,produto,80,
rebocadores,5030103,,H,50,,,produto,80,
empurradores,5030103,,H,50,,,produto,80,
"Transporte por navegação de travessia, municipal",5091201,,H,50,,,nome_oficial,100,
Transporte por navegação,5091201,,H,50,,,produto,80,
travessia,5091201,,H,50,,,produto,80,
municipal,5091201,,H,50,,,produto,80,
transporte por navegação de travessia municipal,5091201,,H,50,,,variante_normalizada,70,
Transporte por navegação de travessia intermunicipal,5091202,,H,50,,,nome_oficial,100,
Transporte por navegação,5091202,,H,50,,,produto,80,
travessia intermunicipal,5091202,,H,50,,,produto,80,
Administração da infraestrutura portuária,5231101,,H,52,,,nome_oficial,100,
Administração,5231101,,H,52,,,produto,80,
infraestrutura portuária,5231101,,H,52,,,produto,80,
Atividades do Operador Portuário,5231102,,H,52,,,nome_oficial,100,
Atividades,5231102,,H,52,,,produto,80,
Operador Portuário,5231102,,H,52,,,produto,80,
Atividades auxiliares dos transportes aquaviários não especificadas anteriormente,5239700,,H,52,,,nome_oficial,100,
Atividades auxiliares dos transportes aquaviários não especificadas anteriormente,5239700,,H,52,,,produto,80,
Operação dos aeroportos e campos de pouso,5240101,,H,52,,,nome_oficial,100,
Operação dos aeroportos,5240101,,H,52,,,produto,80,
campos,5240101,,H,52,,,produto,80,
pouso,5240101,,H,52,,,produto,80,
"Exploração dos aeroportos internacionais, por concessão",5240102,,H,52,,,nome_oficial,100,
Exploração dos aeroportos internacionais,5240102,,H,52,,,produto,80,
por concessão,5240102,,H,52,,,produto,80,
exploração dos aeroportos internacionais por concessão,5240102,,H,52,,,variante_normalizada,70,
"Atividades auxiliares dos transportes aéreos, exceto operação dos aeroportos",5240199,,H,52,,,nome_oficial,100,
Atividades auxiliares dos transportes aéreos,5240199,,H,52,,,produto,80,
operação dos aeroportos,5240199,,H,52,,,produto,80,
atividades auxiliares dos transportes aéreos exceto operação dos aeroportos,5240199,,H,52,,,variante_normalizada,70,
Serviços de malote não realizados pelo Correio Nacional,5320201,,H,53,,,nome_oficial,100,
Serviços,5320201,,H,53,,,produto,80,
malote não realizados pelo Correio Nacional,5320201,,H,53,,,produto,80,
Serviços de entrega rápida,5320202,,H,53,,,nome_oficial,100,
Serviços,5320202,,H,53,,,produto,80,
entrega rápida,5320202,,H,53,,,produto,80,
Campings,5590602,,I,55,,,nome_oficial,100,
Campings,5590602,,I,55,,,produto,80,
Pensões (alojamento),5590603,,I,55,,,nome_oficial,100,
Pensões (alojamento),5590603,,I,55,,,produto,80,
pensões alojamento,5590603,,I,55,,,variante_normalizada,70,
Outros alojamentos não especificados anteriormente,5590699,,I,55,,,nome_oficial,100,
Outros alojamentos não especificados anteriormente,5590699,,I,55,,,produto,80,
"Lanchonetes, casas de chá, de sucos e similares",5611203,,I,56,,,nome_oficial,100,
Lanchonetes,5611203,,I,56,,,produto,80,
casas,5611203,,I,56,,,produto,80,
chá,5611203,,I,56,,,produto,80,
lanchonetes casas de chá de sucos e similares,5611203,,I,56,,,variante_normalizada,70,
"Bares e outros estabelecimentos especializados em servir bebidas, sem entretenimento",5611204,,I,56,,,nome_oficial,100,
Bares,5611204,,I,56,,,produto,80,
outros estabelecimentos especializados,5611204,,I,56,,,produto,80,
servir bebidas,5611204,,I,56,,,produto,80,
bares e outros estabelecimentos especializados em servir bebidas sem entretenimento,5611204,,I,56,,,variante_normalizada,70,
"Bares e outros estabelecimentos especializados em servir bebidas, com entretenimento",5611205,,I,56,,,nome_oficial,100,
Bares,5611205,,I,56,,,produto,80,
outros estabelecimentos especializados,5611205,,I,56,,,produto,80,
servir bebidas,5611205,,I,56,,,produto,80,
bares e outros estabelecimentos especializados em servir bebidas com entretenimento,5611205,,I,56,,,variante_normalizada,70,
Serviços de alimentação para eventos e recepções - bufê,5620102,,I,56,,,nome_oficial,100,
Serviços,5620102,,I,56,,,produto,80,
alimentação,5620102,,I,56,,,produto,80,
eventos,5620102,,I,56,,,produto,80,
serviços de alimentação para eventos e recepções  bufê,5620102,,I,56,,,variante_normalizada,70,
Cantinas - serviços de alimentação privativos,5620103,,I,56,,,nome_oficial,100,
Cantinas,5620103,,I,56,,,produto,80,
serviços,5620103,,I,56,,,produto,80,
alimentação privativos,5620103,,I,56,,,produto,80,
cantinas  serviços de alimentação privativos,5620103,,I,56,,,variante_normalizada,70,
Fornecimento de alimentos preparados preponderantemente para consumo domiciliar,5620104,,I,56,,,nome_oficial,100,
Fornecimento,5620104,,I,56,,,produto,80,
alimentos preparados preponderantemente,5620104,,I,56,,,produto,80,
consumo domiciliar,5620104,,I,56,,,produto,80,
Edição de jornais,5812300,,J,58,,,nome_oficial,100,
Edição,5812300,,J,58,,,produto,80,
jornais,5812300,,J,58,,,produto,80,
Bancos cooperativos,6424701,,K,64,,,nome_oficial,100,
Bancos cooperativos,6424701,,K,64,,,produto,80,
Cooperativas centrais de crédito,6424702,,K,64,,,nome_oficial,100,
Cooperativas centrais,6424702,,K,64,,,produto,80,
crédito,6424702,,K,64,,,produto,80,
Cooperativas de crédito mútuo,6424703,,K,64,,,nome_oficial,100,
Cooperativas,6424703,,K,64,,,produto,80,
crédito mútuo,6424703,,K,64,,,produto,80,
Cooperativas de crédito rural,6424704,,K,64,,,nome_oficial,100,
Cooperativas,6424704,,K,64,,,produto,80,
crédito rural,6424704,,K,64,,,produto,80,
Companhias hipotecárias,6435203,,K,64,,,nome_oficial,100,
Companhias hipotecárias,6435203,,K,64,,,produto,80,
"Sociedades de crédito, financiamento e investimento - financeiras",6436100,,K,64,,,nome_oficial,100,
Sociedades,6436100,,K,64,,,produto,80,
crédito,6436100,,K,64,,,produto,80,
financiamento,6436100,,K,64,,,produto,80,
sociedades de crédito financiamento e investimento  financeiras,6436100,,K,64,,,variante_normalizada,70,
Sociedades de crédito ao microempreendedor,6437900,,K,64,,,nome_oficial,100,
Sociedades,6437900,,K,64,,,produto,80,
crédito ao microempreendedor,6437900,,K,64,,,produto,80,
Bancos de câmbio,6438701,,K,64,,,nome_oficial,100,
Bancos,6438701,,K,64,,,produto,80,
câmbio,6438701,,K,64,,,produto,80,
Outras instituições de intermediação não-monetária não especificadas anteriormente,6438799,,K,64,,,nome_oficial,100,
Outras instituições,6438799,,K,64,,,produto,80,
intermediação não,6438799,,K,64,,,produto,80,
monetária não especificadas anteriormente,6438799,,K,64,,,produto,80,
outras instituições de intermediação nãomonetária não especificadas anteriormente,6438799,,K,64,,,variante_normalizada,70,
Arrendamento mercantil,6440900,,K,64,,,nome_oficial,100,
Arrendamento mercantil,6440900,,K,64,,,produto,80,
Sociedades de capitalização,6450600,,K,64,,,nome_oficial,100,
Sociedades,6450600,,K,64,,,produto,80,
capitalização,6450600,,K,64,,,produto,80,
Holdings de instituições financeiras,6461100,,K,64,,,nome_oficial,100,
Holdings,6461100,,K,64,,,produto,80,
instituições financeiras,6461100,,K,64,,,produto,80,
Holdings de instituições não-financeiras,6462000,,K,64,,,nome_oficial,100,
Holdings,6462000,,K,64,,,produto,80,
instituições não,6462000,,K,64,,,produto,80,
financeiras,6462000,,K,64,,,produto,80,
holdings de instituições nãofinanceiras,6462000,,K,64,,,variante_normalizada,70,
"Outras sociedades de participação, exceto holdings",6463800,,K,64,,,nome_oficial,100,
Outras sociedades,6463800,,K,64,,,produto,80,
participação,6463800,,K,64,,,produto,80,
holdings,6463800,,K,64,,,produto,80,
outras sociedades de participação exceto holdings,6463800,,K,64,,,variante_normalizada,70,
"Fundos de investimento, exceto previdenciários e imobiliários",6470101,,K,64,,,nome_oficial,100,
Fundos,6470101,,K,64,,,produto,80,
investimento,6470101,,K,64,,,produto,80,
previdenciários,6470101,,K,64,,,produto,80,
fundos de investimento exceto previdenciários e imobiliários,6470101,,K,64,,,variante_normalizada,70,
Fundos de investimento previdenciários,6470102,,K,64,,,nome_oficial,100,
Fundos,6470102,,K,64,,,produto,80,
investimento previdenciários,6470102,,K,64,,,produto,80,
Fundos de investimento imobiliários,6470103,,K,64,,,nome_oficial,100,
Fundos,6470103,,K,64,,,produto,80,
investimento imobiliários,6470103,,K,64,,,produto,80,
Clubes de investimento,6470104,,K,64,,,nome_oficial,100,
Clubes,6470104,,K,64,,,produto,80,
investimento,6470104,,K,64,,,produto,80,
Sociedade seguradora de seguros não vida,6512900,,K,65,,,nome_oficial,100,
Sociedade seguradora,6512900,,K,65,,,produto,80,
seguros não vida,6512900,,K,65,,,produto,80,
Resseguros,6530800,,K,65,,,nome_oficial,100,
Resseguros,6530800,,K,65,,,produto,80,
Previdência complementar fechada,6541300,,K,65,,,nome_oficial,100,
Previdência complementar fechada,6541300,,K,65,,,produto,80,
Previdência complementar aberta,6542100,,K,65,,,nome_oficial,100,
Previdência complementar aberta,6542100,,K,65,,,produto,80,
Planos de saúde,6550200,,K,65,,,nome_oficial,100,
Planos,6550200,,K,65,,,produto,80,
saúde,6550200,,K,65,,,produto,80,
Corretoras de títulos e valores mobiliários,6612601,,K,66,,,nome_oficial,100,
Corretoras,6612601,,K,66,,,produto,80,
títulos,6612601,,K,66,,,produto,80,
valores mobiliários,6612601,,K,66,,,produto,80,
Distribuidoras de títulos e valores mobiliários,6612602,,K,66,,,nome_oficial,100,
Distribuidoras,6612602,,K,66,,,produto,80,
títulos,6612602,,K,66,,,produto,80,
valores mobiliários,6612602,,K,66,,,produto,80,
Corretoras de câmbio,6612603,,K,66,,,nome_oficial,100,
Corretoras,6612603,,K,66,,,produto,80,
câmbio,6612603,,K,66,,,produto,80,
Corretoras de contratos de mercadorias,6612604,,K,66,,,nome_oficial,100,
Corretoras,6612604,,K,66,,,produto,80,
contratos,6612604,,K,66,,,produto,80,
mercadorias,6612604,,K,66,,,produto,80,
Agentes de investimentos em aplicações financeiras,6612605,,K,66,,,nome_oficial,100,
Agentes,6612605,,K,66,,,produto,80,
investimentos,6612605,,K,66,,,produto,80,
aplicações financeiras,6612605,,K,66,,,produto,80,
Administração de consórcios para aquisição de bens e direitos,6613400,,K,66,,,nome_oficial,100,
Administração,6613400,,K,66,,,produto,80,
consórcios,6613400,,K,66,,,produto,80,
aquisição,6613400,,K,66,,,produto,80,
Serviços de liquidação e custódia,6619301,,K,66,,,nome_oficial,100,
Serviços,6619301,,K,66,,,produto,80,
liquidação,6619301,,K,66,,,produto,80,
custódia,6619301,,K,66,,,produto,80,
Correspondentes de instituições financeiras,6619302,,K,66,,,nome_oficial,100,
Correspondentes,6619302,,K,66,,,produto,80,
instituições financeiras,6619302,,K,66,,,produto,80,
Representações de bancos estrangeiros,6619303,,K,66,,,nome_oficial,100,
Representações,6619303,,K,66,,,produto,80,
bancos estrangeiros,6619303,,K,66,,,produto,80,
Caixas eletrônicos,6619304,,K,66,,,nome_oficial,100,
Caixas eletrônicos,6619304,,K,66,,,produto,80,
Operadoras de cartões de débito,6619305,,K,66,,,nome_oficial,100,
Operadoras,6619305,,K,66,,,produto,80,
cartões,6619305,,K,66,,,produto,80,
débito,6619305,,K,66,,,produto,80,
Outras atividades auxiliares dos serviços financeiros não especificadas anteriormente,6619399,,K,66,,,nome_oficial,100,
Outras atividades auxiliares dos serviços financeiros não especificadas anteriormente,6619399,,K,66,,,produto,80,
Peritos e avaliadores de seguros,6621501,,K,66,,,nome_oficial,100,
Peritos,6621501,,K,66,,,produto,80,
avaliadores,6621501,,K,66,,,produto,80,
seguros,6621501,,K,66,,,produto,80,
Auditoria e consultoria atuarial,6621502,,K,66,,,nome_oficial,100,
Auditoria,6621502,,K,66,,,produto,80,
consultoria atuarial,6621502,,K,66,,,produto,80,
"Corretores e agentes de seguros, de planos de previdência complementar e de saúde",6622300,,K,66,,,nome_oficial,100,
Corretores,6622300,,K,66,,,produto,80,
agentes,6622300,,K,66,,,produto,80,
seguros,6622300,,K,66,,,produto,80,
corretores e agentes de seguros de planos de previdência complementar e de saúde,6622300,,K,66,,,variante_normalizada,70,
"Atividades auxiliares dos seguros, da previdência complementar e dos planos de saúde não especificadas anteriormente",6629100,,K,66,,,nome_oficial,100,
Atividades auxiliares dos seguros,6629100,,K,66,,,produto,80,
previdência complementar,6629100,,K,66,,,produto,80,
dos planos,6629100,,K,66,,,produto,80,
atividades auxiliares dos seguros da previdência complementar e dos planos de saúde não especificadas anteriormente,6629100,,K,66,,,variante_normalizada,70,
Corretagem na compra e venda e avaliação de imóveis,6821801,,L,68,,,nome_oficial,100,
Corretagem na compra,6821801,,L,68,,,produto,80,
venda,6821801,,L,68,,,produto,80,
avaliação,6821801,,L,68,,,produto,80,
Corretagem no aluguel de imóveis,6821802,,L,68,,,nome_oficial,100,
Corretagem no aluguel,6821802,,L,68,,,produto,80,
imóveis,6821802,,L,68,,,produto,80,
Gestão e administração da propriedade imobiliária,6822600,,L,68,,,nome_oficial,100,
Gestão,6822600,,L,68,,,produto,80,
administração,6822600,,L,68,,,produto,80,
propriedade imobiliária,6822600,,L,68,,,produto,80,
Cartórios,6912500,,M,69,,,nome_oficial,100,
Cartórios,6912500,,M,69,,,produto,80,
Atividades de contabilidade,6920601,,M,69,,,nome_oficial,100,
Atividades,6920601,,M,69,,,produto,80,
contabilidade,6920601,,M,69,,,produto,80,
Atividades de consultoria e auditoria contábil e tributária,6920602,,M,69,,,nome_oficial,100,
Atividades,6920602,,M,69,,,produto,80,
consultoria,6920602,,M,69,,,produto,80,
auditoria contábil,6920602,,M,69,,,produto,80,
Serviços de engenharia,7112001,,M,71,,,nome_oficial,100,
Serviços,7112001,,M,71,,,produto,80,
engenharia,7112001,,M,71,,,produto,80,
Serviços de estudos topográficos,7112002,,M,71,,,nome_oficial,100,
Serviços,7112002,,M,71,,,produto,80,
estudos topográficos,7112002,,M,71,,,produto,80,
Serviços de desenho técnico relacionados à arquitetura e engenharia,7112003,,M,71,,,nome_oficial,100,
Serviços,7112003,,M,71,,,produto,80,
desenho técnico relacionados à arquitetura,7112003,,M,71,,,produto,80,
engenharia,7112003,,M,71,,,produto,80,
Serviços de perícia técnica relacionados à segurança do trabalho,7112004,,M,71,,,nome_oficial,100,
Serviços,7112004,,M,71,,,produto,80,
perícia técnica relacionados à segurança,7112004,,M,71,,,produto,80,
trabalho,7112004,,M,71,,,produto,80,
Serviços de desenho técnico relacionados à geociências,7112005,,M,71,,,nome_oficial,100,
Serviços,7112005,,M,71,,,produto,80,
desenho técnico relacionados à geociências,7112005,,M,71,,,produto,80,
Serviços de desenho técnico relacionados à geologia e geoprocessamento,7112006,,M,71,,,nome_oficial,100,
Serviços,7112006,,M,71,,,produto,80,
desenho técnico relacionados à geologia,7112006,,M,71,,,produto,80,
geoprocessamento,7112006,,M,71,,,produto,80,
Serviços de desenho técnico em atividades de agrimensura e cartografia,7112007,,M,71,,,nome_oficial,100,
Serviços,7112007,,M,71,,,produto,80,
desenho técnico,7112007,,M,71,,,produto,80,
atividades,7112007,,M,71,,,produto,80,
Atividades técnicas relacionadas à engenharia e arquitetura não especificadas anteriormente,7119799,,M,71,,,nome_oficial,100,
Atividades técnicas relacionadas à engenharia,7119799,,M,71,,,produto,80,
arquitetura não especificadas anteriormente,7119799,,M,71,,,produto,80,
"Pesquisa e desenvolvimento experimental em biotecnologia, exceto agropecuária e florestal",7210001,,M,72,,,nome_oficial,100,
Pesquisa,7210001,,M,72,,,produto,80,
desenvolvimento experimental,7210001,,M,72,,,produto,80,
biotecnologia,7210001,,M,72,,,produto,80,
pesquisa e desenvolvimento experimental em biotecnologia exceto agropecuária e florestal,7210001,,M,72,,,variante_normalizada,70,
Pesquisa e desenvolvimento experimental em outras ciências físicas e naturais,7210002,,M,72,,,nome_oficial,100,
Pesquisa,7210002,,M,72,,,produto,80,
desenvolvimento experimental,7210002,,M,72,,,produto,80,
outras ciências físicas,7210002,,M,72,,,produto,80,
Pesquisa e desenvolvimento experimental em ciências sociais e humanas,7220701,,M,72,,,nome_oficial,100,
Pesquisa,7220701,,M,72,,,produto,80,
desenvolvimento experimental,7220701,,M,72,,,produto,80,
ciências sociais,7220701,,M,72,,,produto,80,
Criação de estandes para feiras e exposições,7319001,,M,73,,,nome_oficial,100,
Criação,7319001,,M,73,,,produto,80,
estandes,7319001,,M,73,,,produto,80,
feiras,7319001,,M,73,,,produto,80,
Promoção de vendas,7319002,,M,73,,,nome_oficial,100,
Promoção,7319002,,M,73,,,produto,80,
vendas,7319002,,M,73,,,produto,80,
Marketing direto,7319003,,M,73,,,nome_oficial,100,
Marketing direto,7319003,,M,73,,,produto,80,
Consultoria em publicidade,7319004,,M,73,,,nome_oficial,100,
Consultoria,7319004,,M,73,,,produto,80,
publicidade,7319004,,M,73,,,produto,80,
Atividades de design não especificadas anteriormente,7410299,,M,74,,,nome_oficial,100,
Atividades,7410299,,M,74,,,produto,80,
design não especificadas anteriormente,7410299,,M,74,,,produto,80,
Filmagem de festas e eventos,7420004,,M,74,,,nome_oficial,100,
Filmagem,7420004,,M,74,,,produto,80,
festas,7420004,,M,74,,,produto,80,
eventos,7420004,,M,74,,,produto,80,
Serviços de microfilmagem,7420005,,M,74,,,nome_oficial,100,
Serviços,7420005,,M,74,,,produto,80,
microfilmagem,7420005,,M,74,,,produto,80,
"Serviços de tradução, interpretação e similares",7490101,,M,74,,,nome_oficial,100,
Serviços,7490101,,M,74,,,produto,80,
tradução,7490101,,M,74,,,produto,80,
interpretação,7490101,,M,74,,,produto,80,
serviços de tradução interpretação e similares,7490101,,M,74,,,variante_normalizada,70,
Escafandria e mergulho,7490102,,M,74,,,nome_oficial,100,
Escafandria,7490102,,M,74,,,produto,80,
mergulho,7490102,,M,74,,,produto,80,
Serviços de agronomia e de consultoria às atividades agrícolas e pecuárias,7490103,,M,74,,,nome_oficial,100,
Serviços,7490103,,M,74,,,produto,80,
agronomia,7490103,,M,74,,,produto,80,
de consultoria às atividades agrícolas,7490103,,M,74,,,produto,80,
"Atividades de intermediação e agenciamento de serviços e negócios em geral, exceto imobiliários",7490104,,M,74,,,nome_oficial,100,
Atividades,7490104,,M,74,,,produto,80,
intermediação,7490104,,M,74,,,produto,80,
agenciamento,7490104,,M,74,,,produto,80,
atividades de intermediação e agenciamento de serviços e negócios em geral exceto imobiliários,7490104,,M,74,,,variante_normalizada,70,
"Agenciamento de profissionais para atividades esportivas, culturais e artísticas",7490105,,M,74,,,nome_oficial,100,
Agenciamento,7490105,,M,74,,,produto,80,
profissionais,7490105,,M,74,,,produto,80,
atividades esportivas,7490105,,M,74,,,produto,80,
agenciamento de profissionais para atividades esportivas culturais e artísticas,7490105,,M,74,,,variante_normalizada,70,
"Outras atividades profissionais, científicas e técnicas não especificadas anteriormente",7490199,,M,74,,,nome_oficial,100,
Outras atividades profissionais,7490199,,M,74,,,produto,80,
científicas,7490199,,M,74,,,produto,80,
técnicas não especificadas anteriormente,7490199,,M,74,,,produto,80,
outras atividades profissionais científicas e técnicas não especificadas anteriormente,7490199,,M,74,,,variante_normalizada,70,
"Aluguel de fitas de vídeo, DVDs e similares",7722500,,N,77,,,nome_oficial,100,
Aluguel,7722500,,N,77,,,produto,80,
fitas,7722500,,N,77,,,produto,80,
vídeo,7722500,,N,77,,,produto,80,
aluguel de fitas de vídeo dvds e similares,7722500,,N,77,,,variante_normalizada,70,
"Aluguel de objetos do vestuário, jóias e acessórios",7723300,,N,77,,,nome_oficial,100,
Aluguel,7723300,,N,77,,,produto,80,
objetos,7723300,,N,77,,,produto,80,
vestuário,7723300,,N,77,,,produto,80,
aluguel de objetos do vestuário jóias e acessórios,7723300,,N,77,,,variante_normalizada,70,
Aluguel de aparelhos de jogos eletrônicos,7729201,,N,77,,,nome_oficial,100,
Aluguel,7729201,,N,77,,,produto,80,
aparelhos,7729201,,N,77,,,produto,80,
jogos eletrônicos,7729201,,N,77,,,produto,80,
"Aluguel de equipamentos científicos, médicos e hospitalares, sem operador",7729202,,N,77,,,nome_oficial,100,
Aluguel,7729202,,N,77,,,produto,80,
equipamentos científicos,7729202,,N,77,,,produto,80,
médicos,7729202,,N,77,,,produto,80,
aluguel de equipamentos científicos médicos e hospitalares sem operador,7729202,,N,77,,,variante_normalizada,70,
Aluguel de material médico,7729203,,N,77,,,nome_oficial,100,
Aluguel,7729203,,N,77,,,produto,80,
material médico,7729203,,N,77,,,produto,80,
Aluguel de outros objetos pessoais e domésticos não especificados anteriormente,7729299,,N,77,,,nome_oficial,100,
Aluguel,7729299,,N,77,,,produto,80,
outros objetos pessoais,7729299,,N,77,,,produto,80,
domésticos não especificados anteriormente,7729299,,N,77,,,produto,80,
Aluguel de máquinas e equipamentos agrícolas sem operador,7731400,,N,77,,,nome_oficial,100,
Aluguel,7731400,,N,77,,,produto,80,
máquinas,7731400,,N,77,,,produto,80,
equipamentos agrícolas sem operador,7731400,,N,77,,,produto,80,
"Aluguel de máquinas e equipamentos para construção sem operador, exceto andaimes",7732201,,N,77,,,nome_oficial,100,
Aluguel,7732201,,N,77,,,produto,80,
máquinas,7732201,,N,77,,,produto,80,
equipamentos,7732201,,N,77,,,produto,80,
aluguel de máquinas e equipamentos para construção sem operador exceto andaimes,7732201,,N,77,,,variante_normalizada,70,
Aluguel de andaimes,7732202,,N,77,,,nome_oficial,100,
Aluguel,7732202,,N,77,,,produto,80,
andaimes,7732202,,N,77,,,produto,80,
Aluguel de máquinas e equipamentos para escritórios,7733100,,N,77,,,nome_oficial,100,
Aluguel,7733100,,N,77,,,produto,80,
máquinas,7733100,,N,77,,,produto,80,
equipamentos,7733100,,N,77,,,produto,80,
"Aluguel de máquinas e equipamentos para extração de minérios e petróleo, sem operador",7739001,,N,77,,,nome_oficial,100,
Aluguel,7739001,,N,77,,,produto,80,
máquinas,7739001,,N,77,,,produto,80,
equipamentos,7739001,,N,77,,,produto,80,
aluguel de máquinas e equipamentos para extração de minérios e petróleo sem operador,7739001,,N,77,,,variante_normalizada,70,
"Aluguel de equipamentos científicos, médicos e hospitalares, com operador",7739002,,N,77,,,nome_oficial,100,
Aluguel,7739002,,N,77,,,produto,80,
equipamentos científicos,7739002,,N,77,,,produto,80,
médicos,7739002,,N,77,,,produto,80,
aluguel de equipamentos científicos médicos e hospitalares com operador,7739002,,N,77,,,variante_normalizada,70,
"Aluguel de palcos, coberturas e outros equipamentos de sonorização e iluminação",7739003,,N,77,,,nome_oficial,100,
Aluguel,7739003,,N,77,,,produto,80,
palcos,7739003,,N,77,,,produto,80,
coberturas,7739003,,N,77,,,produto,80,
aluguel de palcos coberturas e outros equipamentos de sonorização e iluminação,7739003,,N,77,,,variante_normalizada,70,
"Aluguel de outras máquinas e equipamentos comerciais e industriais não especificados anteriormente, sem operador",7739099,,N,77,,,nome_oficial,100,
Aluguel,7739099,,N,77,,,produto,80,
outras máquinas,7739099,,N,77,,,produto,80,
equipamentos comerciais,7739099,,N,77,,,produto,80,
aluguel de outras máquinas e equipamentos comerciais e industriais não especificados anteriormente sem operador,7739099,,N,77,,,variante_normalizada,70,
Gestão de ativos intangíveis não-financeiros,7740300,,N,77,,,nome_oficial,100,
Gestão,7740300,,N,77,,,produto,80,
ativos intangíveis não,7740300,,N,77,,,produto,80,
financeiros,7740300,,N,77,,,produto,80,
gestão de ativos intangíveis nãofinanceiros,7740300,,N,77,,,variante_normalizada,70,
Serviços de escolta em veículos blindados,8011102,,N,80,,,nome_oficial,100,
Serviços,8011102,,N,80,,,produto,80,
escolta,8011102,,N,80,,,produto,80,
veículos blindados,8011102,,N,80,,,produto,80,
Atividades de monitoramento de sistemas de segurança,8020000,,N,80,,,nome_oficial,100,
Atividades,8020000,,N,80,,,produto,80,
monitoramento,8020000,,N,80,,,produto,80,
sistemas,8020000,,N,80,,,produto,80,
Atividades de monitoramento de sistemas de segurança eletrônico,8020001,,N,80,,,nome_oficial,100,
Atividades,8020001,,N,80,,,produto,80,
monitoramento,8020001,,N,80,,,produto,80,
sistemas,8020001,,N,80,,,produto,80,
Atividades de investigação particular,8030700,,N,80,,,nome_oficial,100,
Atividades,8030700,,N,80,,,produto,80,
investigação particular,8030700,,N,80,,,produto,80,
Atividades de limpeza não especificadas anteriormente,8129000,,N,81,,,nome_oficial,100,
Atividades,8129000,,N,81,,,produto,80,
limpeza não especificadas anteriormente,8129000,,N,81,,,produto,80,
Envasamento e empacotamento sob contrato,8292000,,N,82,,,nome_oficial,100,
Envasamento,8292000,,N,82,,,produto,80,
empacotamento,8292000,,N,82,,,produto,80,
contrato,8292000,,N,82,,,produto,80,
"Medição de consumo de energia elétrica, gás e água",8299701,,N,82,,,nome_oficial,100,
Medição,8299701,,N,82,,,produto,80,
consumo,8299701,,N,82,,,produto,80,
energia elétrica,8299701,,N,82,,,produto,80,
medição de consumo de energia elétrica gás e água,8299701,,N,82,,,variante_normalizada,70,
"Emissão de vales-alimentação, vales-transporte e similares",8299702,,N,82,,,nome_oficial,100,
Emissão,8299702,,N,82,,,produto,80,
vales,8299702,,N,82,,,produto,80,
alimentação,8299702,,N,82,,,produto,80,
emissão de valesalimentação valestransporte e similares,8299702,,N,82,,,variante_normalizada,70,
"Serviços de gravação de carimbos, exceto confecção",8299703,,N,82,,,nome_oficial,100,
Serviços,8299703,,N,82,,,produto,80,
gravação,8299703,,N,82,,,produto,80,
carimbos,8299703,,N,82,,,produto,80,
serviços de gravação de carimbos exceto confecção,8299703,,N,82,,,variante_normalizada,70,
Leiloeiros independentes,8299704,,N,82,,,nome_oficial,100,
Leiloeiros independentes,8299704,,N,82,,,produto,80,
Serviços de levantamento de fundos sob contrato,8299705,,N,82,,,nome_oficial,100,
Serviços,8299705,,N,82,,,produto,80,
levantamento,8299705,,N,82,,,produto,80,
fundos,8299705,,N,82,,,produto,80,
Casas lotéricas,8299706,,N,82,,,nome_oficial,100,
Casas lotéricas,8299706,,N,82,,,produto,80,
Salas de acesso à internet,8299707,,N,82,,,nome_oficial,100,
Salas,8299707,,N,82,,,produto,80,
acesso à internet,8299707,,N,82,,,produto,80,
Outras atividades de serviços prestados principalmente às empresas não especificadas anteriormente,8299799,,N,82,,,nome_oficial,100,
Outras atividades,8299799,,N,82,,,produto,80,
serviços prestados principalmente às empresas não especificadas anteriormente,8299799,,N,82,,,produto,80,
Segurança e ordem pública,8424800,,O,84,,,nome_oficial,100,
Segurança,8424800,,O,84,,,produto,80,
ordem pública,8424800,,O,84,,,produto,80,
Defesa Civil,8425600,,O,84,,,nome_oficial,100,
Defesa Civil,8425600,,O,84,,,produto,80,
Ensino fundamental,8520101,,P,85,,,nome_oficial,100,
Ensino fundamental,8520101,,P,85,,,produto,80,
Ensino médio,8520102,,P,85,,,nome_oficial,100,
Ensino médio,8520102,,P,85,,,produto,80,
Educação superior - pós-graduação e extensão,8533300,,P,85,,,nome_oficial,100,
Educação superior,8533300,,P,85,,,produto,80,
pós,8533300,,P,85,,,produto,80,
graduação,8533300,,P,85,,,produto,80,
educação superior  pósgraduação e extensão,8533300,,P,85,,,variante_normalizada,70,
Educação profissional de nível técnico,8541400,,P,85,,,nome_oficial,100,
Educação profissional,8541400,,P,85,,,produto,80,
nível técnico,8541400,,P,85,,,produto,80,
Educação profissional de nível tecnológico,8542200,,P,85,,,nome_oficial,100,
Educação profissional,8542200,,P,85,,,produto,80,
nível tecnológico,8542200,,P,85,,,produto,80,
Administração de caixas escolares,8550301,,P,85,,,nome_oficial,100,
Administração,8550301,,P,85,,,produto,80,
caixas escolares,8550301,,P,85,,,produto,80,
"Atividades de apoio à educação, exceto caixas escolares",8550302,,P,85,,,nome_oficial,100,
Atividades,8550302,,P,85,,,produto,80,
apoio à educação,8550302,,P,85,,,produto,80,
caixas escolares,8550302,,P,85,,,produto,80,
atividades de apoio à educação exceto caixas escolares,8550302,,P,85,,,variante_normalizada,70,
Ensino de esportes,8591100,,P,85,,,nome_oficial,100,
Ensino,8591100,,P,85,,,produto,80,
esportes,8591100,,P,85,,,produto,80,
Ensino de dança,8592901,,P,85,,,nome_oficial,100,
Ensino,8592901,,P,85,,,produto,80,
dança,8592901,,P,85,,,produto,80,
"Ensino de artes cênicas, exceto dança",8592902,,P,85,,,nome_oficial,100,
Ensino,8592902,,P,85,,,produto,80,
artes cênicas,8592902,,P,85,,,produto,80,
dança,8592902,,P,85,,,produto,80,
ensino de artes cênicas exceto dança,8592902,,P,85,,,variante_normalizada,70,
Ensino de música,8592903,,P,85,,,nome_oficial,100,
Ensino,8592903,,P,85,,,produto,80,
música,8592903,,P,85,,,produto,80,
Ensino de arte e cultura não especificado anteriormente,8592999,,P,85,,,nome_oficial,100,
Ensino,8592999,,P,85,,,produto,80,
arte,8592999,,P,85,,,produto,80,
cultura não especificado anteriormente,8592999,,P,85,,,produto,80,
Ensino de idiomas,8593700,,P,85,,,nome_oficial,100,
Ensino,8593700,,P,85,,,produto,80,
idiomas,8593700,,P,85,,,produto,80,
Formação de condutores,8599601,,P,85,,,nome_oficial,100,
Formação,8599601,,P,85,,,produto,80,
condutores,8599601,,P,85,,,produto,80,
Cursos de pilotagem,8599602,,P,85,,,nome_oficial,100,
Cursos,8599602,,P,85,,,produto,80,
pilotagem,8599602,,P,85,,,produto,80,
Treinamento em informática,8599603,,P,85,,,nome_oficial,100,
Treinamento,8599603,,P,85,,,produto,80,
informática,8599603,,P,85,,,produto,80,
Treinamento em desenvolvimento profissional e gerencial,8599604,,P,85,,,nome_oficial,100,
Treinamento,8599604,,P,85,,,produto,80,
desenvolvimento profissional,8599604,,P,85,,,produto,80,
gerencial,8599604,,P,85,,,produto,80,
Cursos preparatórios para concursos,8599605,,P,85,,,nome_oficial,100,
Cursos preparatórios,8599605,,P,85,,,produto,80,
concursos,8599605,,P,85,,,produto,80,
Outras atividades de ensino não especificadas anteriormente,8599699,,P,85,,,nome_oficial,100,
Outras atividades,8599699,,P,85,,,produto,80,
ensino não especificadas anteriormente,8599699,,P,85,,,produto,80,
Atividade médica ambulatorial restrita a consultas,8630503,,Q,86,,,nome_oficial,100,
Atividade médica ambulatorial restrita a consultas,8630503,,Q,86,,,produto,80,
Atividade odontológica,8630504,,Q,86,,,nome_oficial,100,
Atividade odontológica,8630504,,Q,86,,,produto,80,
Atividade odontológica sem recursos para realização de procedimentos cirúrgicos,8630505,,Q,86,,,nome_oficial,100,
Atividade odontológica sem recursos,8630505,,Q,86,,,produto,80,
realização,8630505,,Q,86,,,produto,80,
procedimentos cirúrgicos,8630505,,Q,86,,,produto,80,
Atividade odontológica com recursos para realização de procedimentos cirúrgicos,8630506,,Q,86,,,nome_oficial,100,
Atividade odontológica,8630506,,Q,86,,,produto,80,
recursos,8630506,,Q,86,,,produto,80,
realização,8630506,,Q,86,,,produto,80,
Laboratórios de anatomia patológica e citológica,8640201,,Q,86,,,nome_oficial,100,
Laboratórios,8640201,,Q,86,,,produto,80,
anatomia patológica,8640201,,Q,86,,,produto,80,
citológica,8640201,,Q,86,,,produto,80,
Laboratórios clínicos,8640202,,Q,86,,,nome_oficial,100,
Laboratórios clínicos,8640202,,Q,86,,,produto,80,
Serviços de diálise e nefrologia,8640203,,Q,86,,,nome_oficial,100,
Serviços,8640203,,Q,86,,,produto,80,
diálise,8640203,,Q,86,,,produto,80,
nefrologia,8640203,,Q,86,,,produto,80,
Serviços de tomografia,8640204,,Q,86,,,nome_oficial,100,
Serviços,8640204,,Q,86,,,produto,80,
tomografia,8640204,,Q,86,,,produto,80,
"Serviços de diagnóstico por imagem com uso de radiação ionizante, exceto tomografia",8640205,,Q,86,,,nome_oficial,100,
Serviços,8640205,,Q,86,,,produto,80,
diagnóstico por imagem,8640205,,Q,86,,,produto,80,
uso,8640205,,Q,86,,,produto,80,
serviços de diagnóstico por imagem com uso de radiação ionizante exceto tomografia,8640205,,Q,86,,,variante_normalizada,70,
Serviços de ressonância magnética,8640206,,Q,86,,,nome_oficial,100,
Serviços,8640206,,Q,86,,,produto,80,
ressonância magnética,8640206,,Q,86,,,produto,80,
"Serviços de diagnóstico por imagem sem uso de radiação ionizante, exceto ressonância magnética",8640207,,Q,86,,,nome_oficial,100,
Serviços,8640207,,Q,86,,,produto,80,
diagnóstico por imagem sem uso,8640207,,Q,86,,,produto,80,
radiação ionizante,8640207,,Q,86,,,produto,80,
serviços de diagnóstico por imagem sem uso de radiação ionizante exceto ressonância magnética,8640207,,Q,86,,,variante_normalizada,70,
"Serviços de diagnóstico por registro gráfico - ECG, EEG e outros exames análogos",8640208,,Q,86,,,nome_oficial,100,
Serviços,8640208,,Q,86,,,produto,80,
diagnóstico por registro gráfico,8640208,,Q,86,,,produto,80,
ECG,8640208,,Q,86,,,produto,80,
serviços de diagnóstico por registro gráfico  ecg eeg e outros exames análogos,8640208,,Q,86,,,variante_normalizada,70,
Serviços de diagnóstico por métodos ópticos - endoscopia e outros exames análogos,8640209,,Q,86,,,nome_oficial,100,
Serviços,8640209,,Q,86,,,produto,80,
diagnóstico por métodos ópticos,8640209,,Q,86,,,produto,80,
endoscopia,8640209,,Q,86,,,produto,80,
serviços de diagnóstico por métodos ópticos  endoscopia e outros exames análogos,8640209,,Q,86,,,variante_normalizada,70,
Serviços de quimioterapia,8640210,,Q,86,,,nome_oficial,100,
Serviços,8640210,,Q,86,,,produto,80,
quimioterapia,8640210,,Q,86,,,produto,80,
Serviços de radioterapia,8640211,,Q,86,,,nome_oficial,100,
Serviços,8640211,,Q,86,,,produto,80,
radioterapia,8640211,,Q,86,,,produto,80,
Serviços de hemoterapia,8640212,,Q,86,,,nome_oficial,100,
Serviços,8640212,,Q,86,,,produto,80,
hemoterapia,8640212,,Q,86,,,produto,80,
Serviços de litotripcia,8640213,,Q,86,,,nome_oficial,100,
Serviços,8640213,,Q,86,,,produto,80,
litotripcia,8640213,,Q,86,,,produto,80,
Serviços de bancos de células-tronco,8640214,,Q,86,,,nome_oficial,100,
Serviços,8640214,,Q,86,,,produto,80,
bancos,8640214,,Q,86,,,produto,80,
células,8640214,,Q,86,,,produto,80,
serviços de bancos de célulastronco,8640214,,Q,86,,,variante_normalizada,70,
"Outras atividades de apoio ao diagnóstico e terapia, exceto laboratórios clínicos",8640299,,Q,86,,,nome_oficial,100,
Outras atividades,8640299,,Q,86,,,produto,80,
apoio ao diagnóstico,8640299,,Q,86,,,produto,80,
terapia,8640299,,Q,86,,,produto,80,
outras atividades de apoio ao diagnóstico e terapia exceto laboratórios clínicos,8640299,,Q,86,,,variante_normalizada,70,
Atividades de enfermagem,8650001,,Q,86,,,nome_oficial,100,
Atividades,8650001,,Q,86,,,produto,80,
enfermagem,8650001,,Q,86,,,produto,80,
Atividades de profissionais da nutrição,8650002,,Q,86,,,nome_oficial,100,
Atividades,8650002,,Q,86,,,produto,80,
profissionais,8650002,,Q,86,,,produto,80,
nutrição,8650002,,Q,86,,,produto,80,
Atividades de psicologia e psicanálise,8650003,,Q,86,,,nome_oficial,100,
Atividades,8650003,,Q,86,,,produto,80,
psicologia,8650003,,Q,86,,,produto,80,
psicanálise,8650003,,Q,86,,,produto,80,
Atividades de fisioterapia,8650004,,Q,86,,,nome_oficial,100,
Atividades,8650004,,Q,86,,,produto,80,
fisioterapia,8650004,,Q,86,,,produto,80,
Atividades de terapia ocupacional,8650005,,Q,86,,,nome_oficial,100,
Atividades,8650005,,Q,86,,,produto,80,
terapia ocupacional,8650005,,Q,86,,,produto,80,
Atividades de fonoaudiologia,8650006,,Q,86,,,nome_oficial,100,
Atividades,8650006,,Q,86,,,produto,80,
fonoaudiologia,8650006,,Q,86,,,produto,80,
Atividades de terapia nutricional,8650007,,Q,86,,,nome_oficial,100,
Atividades,8650007,,Q,86,,,produto,80,
terapia nutricional,8650007,,Q,86,,,produto,80,
Atividades de profissionais da área de saúde não especificadas anteriormente,8650099,,Q,86,,,nome_oficial,100,
Atividades,8650099,,Q,86,,,produto,80,
profissionais,8650099,,Q,86,,,produto,80,
área,8650099,,Q,86,,,produto,80,
Atividades de apoio à gestão de saúde,8660700,,Q,86,,,nome_oficial,100,
Atividades,8660700,,Q,86,,,produto,80,
apoio à gestão,8660700,,Q,86,,,produto,80,
saúde,8660700,,Q,86,,,produto,80,
Atividades de práticas integrativas e complementares em saúde humana,8690901,,Q,86,,,nome_oficial,100,
Atividades,8690901,,Q,86,,,produto,80,
práticas integrativas,8690901,,Q,86,,,produto,80,
complementares,8690901,,Q,86,,,produto,80,
Atividades de banco de leite humano,8690902,,Q,86,,,nome_oficial,100,
Atividades,8690902,,Q,86,,,produto,80,
banco,8690902,,Q,86,,,produto,80,
leite humano,8690902,,Q,86,,,produto,80,
Atividades de acupuntura,8690903,,Q,86,,,nome_oficial,100,
Atividades,8690903,,Q,86,,,produto,80,
acupuntura,8690903,,Q,86,,,produto,80,
Atividades de podologia,8690904,,Q,86,,,nome_oficial,100,
Atividades,8690904,,Q,86,,,produto,80,
podologia,8690904,,Q,86,,,produto,80,
Outras atividades de atenção à saúde humana não especificadas anteriormente,8690999,,Q,86,,,nome_oficial,100,
Outras atividades,8690999,,Q,86,,,produto,80,
atenção à saúde humana não especificadas anteriormente,8690999,,Q,86,,,produto,80,
Clínicas e residências geriátricas,8711501,,Q,87,,,nome_oficial,100,
Clínicas,8711501,,Q,87,,,produto,80,
residências geriátricas,8711501,,Q,87,,,produto,80,
Instituições de longa permanência para idosos,8711502,,Q,87,,,nome_oficial,100,
Instituições,8711502,,Q,87,,,produto,80,
longa permanência,8711502,,Q,87,,,produto,80,
idosos,8711502,,Q,87,,,produto,80,
"Atividades de assistência a deficientes físicos, imunodeprimidos e convalescentes",8711503,,Q,87,,,nome_oficial,100,
Atividades,8711503,,Q,87,,,produto,80,
assistência a deficientes físicos,8711503,,Q,87,,,produto,80,
imunodeprimidos,8711503,,Q,87,,,produto,80,
atividades de assistência a deficientes físicos imunodeprimidos e convalescentes,8711503,,Q,87,,,variante_normalizada,70,
Centros de apoio a pacientes com câncer e com AIDS,8711504,,Q,87,,,nome_oficial,100,
Centros,8711504,,Q,87,,,produto,80,
apoio a pacientes,8711504,,Q,87,,,produto,80,
câncer,8711504,,Q,87,,,produto,80,
Condomínios-residência para idosos,8711505,,Q,87,,,nome_oficial,100,
Condomínios,8711505,,Q,87,,,produto,80,
residência,8711505,,Q,87,,,produto,80,
idosos,8711505,,Q,87,,,produto,80,
condomíniosresidência para idosos,8711505,,Q,87,,,variante_normalizada,70,
Atividades de centros de assistência psicossocial,8720401,,Q,87,,,nome_oficial,100,
Atividades,8720401,,Q,87,,,produto,80,
centros,8720401,,Q,87,,,produto,80,
assistência psicossocial,8720401,,Q,87,,,produto,80,
"Atividades de assistência psicossocial e à saúde a portadores de distúrbios psíquicos, deficiência mental e dependência química e grupos similares não especificadas anteriormente",8720499,,Q,87,,,nome_oficial,100,
Atividades,8720499,,Q,87,,,produto,80,
assistência psicossocial,8720499,,Q,87,,,produto,80,
à saúde a portadores,8720499,,Q,87,,,produto,80,
atividades de assistência psicossocial e à saúde a portadores de distúrbios psíquicos deficiência mental e dependência química e grupos similares não especificadas anteriormente,8720499,,Q,87,,,variante_normalizada,70,
Orfanatos,8730101,,Q,87,,,nome_oficial,100,
Orfanatos,8730101,,Q,87,,,produto,80,
Albergues assistenciais,8730102,,Q,87,,,nome_oficial,100,
Albergues assistenciais,8730102,,Q,87,,,produto,80,
Atividades de assistência social prestadas em residências coletivas e particulares não especificadas anteriormente,8730199,,Q,87,,,nome_oficial,100,
Atividades,8730199,,Q,87,,,produto,80,
assistência social prestadas,8730199,,Q,87,,,produto,80,
residências coletivas,8730199,,Q,87,,,produto,80,
"Produção de espetáculos circenses, de marionetes e similares",9001904,,R,90,,,nome_oficial,100,
Produção,9001904,,R,90,,,produto,80,
espetáculos circenses,9001904,,R,90,,,produto,80,
marionetes,9001904,,R,90,,,produto,80,
produção de espetáculos circenses de marionetes e similares,9001904,,R,90,,,variante_normalizada,70,
"Produção de espetáculos de rodeios, vaquejadas e similares",9001905,,R,90,,,nome_oficial,100,
Produção,9001905,,R,90,,,produto,80,
espetáculos,9001905,,R,90,,,produto,80,
rodeios,9001905,,R,90,,,produto,80,
produção de espetáculos de rodeios vaquejadas e similares,9001905,,R,90,,,variante_normalizada,70,
Atividades de sonorização e de iluminação,9001906,,R,90,,,nome_oficial,100,
Atividades,9001906,,R,90,,,produto,80,
sonorização,9001906,,R,90,,,produto,80,
de iluminação,9001906,,R,90,,,produto,80,
"Artes cênicas, espetáculos e atividades complementares não especificadas anteriormente",9001999,,R,90,,,nome_oficial,100,
Artes cênicas,9001999,,R,90,,,produto,80,
espetáculos,9001999,,R,90,,,produto,80,
atividades complementares não especificadas anteriormente,9001999,,R,90,,,produto,80,
artes cênicas espetáculos e atividades complementares não especificadas anteriormente,9001999,,R,90,,,variante_normalizada,70,
"Atividades de artistas plásticos, jornalistas independentes e escritores",9002701,,R,90,,,nome_oficial,100,
Atividades,9002701,,R,90,,,produto,80,
artistas plásticos,9002701,,R,90,,,produto,80,
jornalistas independentes,9002701,,R,90,,,produto,80,
atividades de artistas plásticos jornalistas independentes e escritores,9002701,,R,90,,,variante_normalizada,70,
Restauração de obras-de-arte,9002702,,R,90,,,nome_oficial,100,
Restauração,9002702,,R,90,,,produto,80,
obras,9002702,,R,90,,,produto,80,
arte,9002702,,R,90,,,produto,80,
restauração de obrasdearte,9002702,,R,90,,,variante_normalizada,70,
"Gestão de espaços para artes cênicas, espetáculos e outras atividades artísticas",9003500,,R,90,,,nome_oficial,100,
Gestão,9003500,,R,90,,,produto,80,
espaços,9003500,,R,90,,,produto,80,
artes cênicas,9003500,,R,90,,,produto,80,
gestão de espaços para artes cênicas espetáculos e outras atividades artísticas,9003500,,R,90,,,variante_normalizada,70,
Parques de diversão e parques temáticos,9321200,,R,93,,,nome_oficial,100,
Parques,9321200,,R,93,,,produto,80,
diversão,9321200,,R,93,,,produto,80,
parques temáticos,9321200,,R,93,,,produto,80,
"Discotecas, danceterias e salões de dança",9329801,,R,93,,,nome_oficial,100,
Discotecas,9329801,,R,93,,,produto,80,
danceterias,9329801,,R,93,,,produto,80,
salões,9329801,,R,93,,,produto,80,
discotecas danceterias e salões de dança,9329801,,R,93,,,variante_normalizada,70,
"Providenciamento de serviços de entretenimento, exceto os prestados por bingos, casas de máquinas caça-níqueis e similares",9329802,,R,93,,,nome_oficial,100,
Providenciamento,9329802,,R,93,,,produto,80,
serviços,9329802,,R,93,,,produto,80,
entretenimento,9329802,,R,93,,,produto,80,
providenciamento de serviços de entretenimento exceto os prestados por bingos casas de máquinas caçaníqueis e similares,9329802,,R,93,,,variante_normalizada,70,
Exploração de máquinas de contagem de cédulas e moedas,9329803,,R,93,,,nome_oficial,100,
Exploração,9329803,,R,93,,,produto,80,
máquinas,9329803,,R,93,,,produto,80,
contagem,9329803,,R,93,,,produto,80,
Exploração de bilhares e sinuca,9329804,,R,93,,,nome_oficial,100,
Exploração,9329804,,R,93,,,produto,80,
bilhares,9329804,,R,93,,,produto,80,
sinuca,9329804,,R,93,,,produto,80,
Outras atividades de recreação e lazer não especificadas anteriormente,9329899,,R,93,,,nome_oficial,100,
Outras atividades,9329899,,R,93,,,produto,80,
recreação,9329899,,R,93,,,produto,80,
lazer não especificadas anteriormente,9329899,,R,93,,,produto,80,
"Outras atividades associativas patronais, empresariais e profissionais não especificadas anteriormente",9412099,,S,94,,,nome_oficial,100,
Outras atividades associativas patronais,9412099,,S,94,,,produto,80,
empresariais,9412099,,S,94,,,produto,80,
profissionais não especificadas anteriormente,9412099,,S,94,,,produto,80,
outras atividades associativas patronais empresariais e profissionais não especificadas anteriormente,9412099,,S,94,,,variante_normalizada,70,
Atividades de organizações sindicais,9420100,,S,94,,,nome_oficial,100,
Atividades,9420100,,S,94,,,produto,80,
organizações sindicais,9420100,,S,94,,,produto,80,
Atividades de associações de defesa de direitos sociais,9430800,,S,94,,,nome_oficial,100,
Atividades,9430800,,S,94,,,produto,80,
associações,9430800,,S,94,,,produto,80,
defesa,9430800,,S,94,,,produto,80,
Atividades de organizações religiosas ou filosóficas,9491000,,S,94,,,nome_oficial,100,
Atividades,9491000,,S,94,,,produto,80,
organizações religiosas ou filosóficas,9491000,,S,94,,,produto,80,
Atividades de organizações políticas,9492800,,S,94,,,nome_oficial,100,
Atividades,9492800,,S,94,,,produto,80,
organizações políticas,9492800,,S,94,,,produto,80,
Atividades de associações de defesa de direitos e benefícios,9493600,,S,94,,,nome_oficial,100,
Atividades,9493600,,S,94,,,produto,80,
associações,9493600,,S,94,,,produto,80,
defesa,9493600,,S,94,,,produto,80,
Atividades associativas não especificadas anteriormente,9499500,,S,94,,,nome_oficial,100,
Atividades associativas não especificadas anteriormente,9499500,,S,94,,,produto,80,
"Reparação de calçados, bolsas e artigos de viagem",9529101,,S,95,,,nome_oficial,100,
Reparação,9529101,,S,95,,,produto,80,
calçados,9529101,,S,95,,,produto,80,
bolsas,9529101,,S,95,,,produto,80,
reparação de calçados bolsas e artigos de viagem,9529101,,S,95,,,variante_normalizada,70,
Chaveiros,9529102,,S,95,,,nome_oficial,100,
Chaveiros,9529102,,S,95,,,produto,80,
Reparação de relógios,9529103,,S,95,,,nome_oficial,100,
Reparação,9529103,,S,95,,,produto,80,
relógios,9529103,,S,95,,,produto,80,
"Reparação de bicicletas, triciclos e outros veículos não-motorizados",9529104,,S,95,,,nome_oficial,100,
Reparação,9529104,,S,95,,,produto,80,
bicicletas,9529104,,S,95,,,produto,80,
triciclos,9529104,,S,95,,,produto,80,
reparação de bicicletas triciclos e outros veículos nãomotorizados,9529104,,S,95,,,variante_normalizada,70,
Reparação de artigos do mobiliário,9529105,,S,95,,,nome_oficial,100,
Reparação,9529105,,S,95,,,produto,80,
artigos,9529105,,S,95,,,produto,80,
mobiliário,9529105,,S,95,,,produto,80,
Reparação de jóias,9529106,,S,95,,,nome_oficial,100,
Reparação,9529106,,S,95,,,produto,80,
jóias,9529106,,S,95,,,produto,80,
Reparação e manutenção de outros objetos e equipamentos pessoais e domésticos não especificados anteriormente,9529199,,S,95,,,nome_oficial,100,
Reparação,9529199,,S,95,,,produto,80,
manutenção,9529199,,S,95,,,produto,80,
outros objetos,9529199,,S,95,,,produto,80,
Gestão e manutenção de cemitérios,9603301,,S,96,,,nome_oficial,100,
Gestão,9603301,,S,96,,,produto,80,
manutenção,9603301,,S,96,,,produto,80,
cemitérios,9603301,,S,96,,,produto,80,
Serviços de cremação,9603302,,S,96,,,nome_oficial,100,
Serviços,9603302,,S,96,,,produto,80,
cremação,9603302,,S,96,,,produto,80,
Serviços de sepultamento,9603303,,S,96,,,nome_oficial,100,
Serviços,9603303,,S,96,,,produto,80,
sepultamento,9603303,,S,96,,,produto,80,
Serviços de funerárias,9603304,,S,96,,,nome_oficial,100,
Serviços,9603304,,S,96,,,produto,80,
funerárias,9603304,,S,96,,,produto,80,
Serviços de somatoconservação,9603305,,S,96,,,nome_oficial,100,
Serviços,9603305,,S,96,,,produto,80,
somatoconservação,9603305,,S,96,,,produto,80,
Clinicas de estética e similares,9609201,,S,96,,,nome_oficial,100,
Clinicas,9609201,,S,96,,,produto,80,
estética,9609201,,S,96,,,produto,80,
similares,9609201,,S,96,,,produto,80,
Agências matrimoniais,9609202,,S,96,,,nome_oficial,100,
Agências matrimoniais,9609202,,S,96,,,produto,80,
"Alojamento, higiene e embelezamento de animais",9609203,,S,96,,,nome_oficial,100,
Alojamento,9609203,,S,96,,,produto,80,
higiene,9609203,,S,96,,,produto,80,
embelezamento,9609203,,S,96,,,produto,80,
alojamento higiene e embelezamento de animais,9609203,,S,96,,,variante_normalizada,70,
Exploração de máquinas de serviços pessoais acionadas por moeda,9609204,,S,96,,,nome_oficial,100,
Exploração,9609204,,S,96,,,produto,80,
máquinas,9609204,,S,96,,,produto,80,
serviços pessoais acionadas por moeda,9609204,,S,96,,,produto,80,
Atividades de sauna e banhos,9609205,,S,96,,,nome_oficial,100,
Atividades,9609205,,S,96,,,produto,80,
sauna,9609205,,S,96,,,produto,80,
banhos,9609205,,S,96,,,produto,80,
Serviços de tatuagem e colocação de piercing,9609206,,S,96,,,nome_oficial,100,
Serviços,9609206,,S,96,,,produto,80,
tatuagem,9609206,,S,96,,,produto,80,
colocação,9609206,,S,96,,,produto,80,
Alojamento de animais domésticos,9609207,,S,96,,,nome_oficial,100,
Alojamento,9609207,,S,96,,,produto,80,
animais domésticos,9609207,,S,96,,,produto,80,
Higiene e embelezamento de animais domésticos,9609208,,S,96,,,nome_oficial,100,
Higiene,9609208,,S,96,,,produto,80,
embelezamento,9609208,,S,96,,,produto,80,
animais domésticos,9609208,,S,96,,,produto,80,
Outras atividades de serviços pessoais não especificadas anteriormente,9609299,,S,96,,,nome_oficial,100,
Outras atividades,9609299,,S,96,,,produto,80,
serviços pessoais não especificadas anteriormente,9609299,,S,96,,,produto,80,
Coleta de carvão mineral,0500303,Coleta de carvão mineral,B,05,050,0500,descricao-oficial,100,2026-07-28 11:54:10
coleta,0500303,Coleta de carvão mineral,B,05,050,0500,palavra-chave,85,2026-07-28 11:54:10
carvão,0500303,Coleta de carvão mineral,B,05,050,0500,palavra-chave,85,2026-07-28 11:54:10
mineral,0500303,Coleta de carvão mineral,B,05,050,0500,palavra-chave,85,2026-07-28 11:54:10
Extração de areia betuminosa e asfalto natural,0600004,Extração de areia betuminosa e asfalto natural,B,06,060,0600,descricao-oficial,100,2026-07-28 11:54:10
extração,0600004,Extração de areia betuminosa e asfalto natural,B,06,060,0600,palavra-chave,85,2026-07-28 11:54:10
areia,0600004,Extração de areia betuminosa e asfalto natural,B,06,060,0600,palavra-chave,85,2026-07-28 11:54:10
betuminosa,0600004,Extração de areia betuminosa e asfalto natural,B,06,060,0600,palavra-chave,85,2026-07-28 11:54:10
asfalto,0600004,Extração de areia betuminosa e asfalto natural,B,06,060,0600,palavra-chave,85,2026-07-28 11:54:10
natural,0600004,Extração de areia betuminosa e asfalto natural,B,06,060,0600,palavra-chave,85,2026-07-28 11:54:10
mineração,0600004,Extração de areia betuminosa e asfalto natural,B,06,060,0600,sinônimo,70,2026-07-28 11:54:10
lavra,0600004,Extração de areia betuminosa e asfalto natural,B,06,060,0600,sinônimo,70,2026-07-28 11:54:10
Extração de minérios de nióbio e titânio,0729401,Extração de minérios de nióbio e titânio,B,07,072,0729,descricao-oficial,100,2026-07-28 11:54:10
extração,0729401,Extração de minérios de nióbio e titânio,B,07,072,0729,palavra-chave,85,2026-07-28 11:54:10
minérios,0729401,Extração de minérios de nióbio e titânio,B,07,072,0729,palavra-chave,85,2026-07-28 11:54:10
nióbio,0729401,Extração de minérios de nióbio e titânio,B,07,072,0729,palavra-chave,85,2026-07-28 11:54:10
titânio,0729401,Extração de minérios de nióbio e titânio,B,07,072,0729,palavra-chave,85,2026-07-28 11:54:10
mineração,0729401,Extração de minérios de nióbio e titânio,B,07,072,0729,sinônimo,70,2026-07-28 11:54:10
lavra,0729401,Extração de minérios de nióbio e titânio,B,07,072,0729,sinônimo,70,2026-07-28 11:54:10
Extração de minério de tungstênio,0729402,Extração de minério de tungstênio,B,07,072,0729,descricao-oficial,100,2026-07-28 11:54:10
extração,0729402,Extração de minério de tungstênio,B,07,072,0729,palavra-chave,85,2026-07-28 11:54:10
minério,0729402,Extração de minério de tungstênio,B,07,072,0729,palavra-chave,85,2026-07-28 11:54:10
tungstênio,0729402,Extração de minério de tungstênio,B,07,072,0729,palavra-chave,85,2026-07-28 11:54:10
mineração,0729402,Extração de minério de tungstênio,B,07,072,0729,sinônimo,70,2026-07-28 11:54:10
lavra,0729402,Extração de minério de tungstênio,B,07,072,0729,sinônimo,70,2026-07-28 11:54:10
Extração de minério de níquel,0729403,Extração de minério de níquel,B,07,072,0729,descricao-oficial,100,2026-07-28 11:54:10
extração,0729403,Extração de minério de níquel,B,07,072,0729,palavra-chave,85,2026-07-28 11:54:10
minério,0729403,Extração de minério de níquel,B,07,072,0729,palavra-chave,85,2026-07-28 11:54:10
níquel,0729403,Extração de minério de níquel,B,07,072,0729,palavra-chave,85,2026-07-28 11:54:10
mineração,0729403,Extração de minério de níquel,B,07,072,0729,sinônimo,70,2026-07-28 11:54:10
lavra,0729403,Extração de minério de níquel,B,07,072,0729,sinônimo,70,2026-07-28 11:54:10
"Extração de minérios de cobre, chumbo, zinco e outros minerais metálicos não-ferrosos não especificados anteriormente",0729404,"Extração de minérios de cobre, chumbo, zinco e outros minerais metálicos não-ferrosos não especificados anteriormente",B,07,072,0729,descricao-oficial,100,2026-07-28 11:54:10
extração,0729404,"Extração de minérios de cobre, chumbo, zinco e outros minerais metálicos não-ferrosos não especificados anteriormente",B,07,072,0729,palavra-chave,85,2026-07-28 11:54:10
minérios,0729404,"Extração de minérios de cobre, chumbo, zinco e outros minerais metálicos não-ferrosos não especificados anteriormente",B,07,072,0729,palavra-chave,85,2026-07-28 11:54:10
"cobre,",0729404,"Extração de minérios de cobre, chumbo, zinco e outros minerais metálicos não-ferrosos não especificados anteriormente",B,07,072,0729,palavra-chave,85,2026-07-28 11:54:10
"chumbo,",0729404,"Extração de minérios de cobre, chumbo, zinco e outros minerais metálicos não-ferrosos não especificados anteriormente",B,07,072,0729,palavra-chave,85,2026-07-28 11:54:10
zinco,0729404,"Extração de minérios de cobre, chumbo, zinco e outros minerais metálicos não-ferrosos não especificados anteriormente",B,07,072,0729,palavra-chave,85,2026-07-28 11:54:10
mineração,0729404,"Extração de minérios de cobre, chumbo, zinco e outros minerais metálicos não-ferrosos não especificados anteriormente",B,07,072,0729,sinônimo,70,2026-07-28 11:54:10
lavra,0729404,"Extração de minérios de cobre, chumbo, zinco e outros minerais metálicos não-ferrosos não especificados anteriormente",B,07,072,0729,sinônimo,70,2026-07-28 11:54:10
"Atividades de apoio à extração de minerais metálicos não-ferrosos, exceto minério de ferro",0990402,"Atividades de apoio à extração de minerais metálicos não-ferrosos, exceto minério de ferro",B,09,099,0990,descricao-oficial,100,2026-07-28 11:54:10
atividades,0990402,"Atividades de apoio à extração de minerais metálicos não-ferrosos, exceto minério de ferro",B,09,099,0990,palavra-chave,85,2026-07-28 11:54:10
apoio,0990402,"Atividades de apoio à extração de minerais metálicos não-ferrosos, exceto minério de ferro",B,09,099,0990,palavra-chave,85,2026-07-28 11:54:10
extração,0990402,"Atividades de apoio à extração de minerais metálicos não-ferrosos, exceto minério de ferro",B,09,099,0990,palavra-chave,85,2026-07-28 11:54:10
minerais,0990402,"Atividades de apoio à extração de minerais metálicos não-ferrosos, exceto minério de ferro",B,09,099,0990,palavra-chave,85,2026-07-28 11:54:10
metálicos,0990402,"Atividades de apoio à extração de minerais metálicos não-ferrosos, exceto minério de ferro",B,09,099,0990,palavra-chave,85,2026-07-28 11:54:10
"Atividades de apoio à extração de minerais não-metálicos, exceto combustíveis",0990403,"Atividades de apoio à extração de minerais não-metálicos, exceto combustíveis",B,09,099,0990,descricao-oficial,100,2026-07-28 11:54:10
atividades,0990403,"Atividades de apoio à extração de minerais não-metálicos, exceto combustíveis",B,09,099,0990,palavra-chave,85,2026-07-28 11:54:10
apoio,0990403,"Atividades de apoio à extração de minerais não-metálicos, exceto combustíveis",B,09,099,0990,palavra-chave,85,2026-07-28 11:54:10
extração,0990403,"Atividades de apoio à extração de minerais não-metálicos, exceto combustíveis",B,09,099,0990,palavra-chave,85,2026-07-28 11:54:10
minerais,0990403,"Atividades de apoio à extração de minerais não-metálicos, exceto combustíveis",B,09,099,0990,palavra-chave,85,2026-07-28 11:54:10
"não-metálicos,",0990403,"Atividades de apoio à extração de minerais não-metálicos, exceto combustíveis",B,09,099,0990,palavra-chave,85,2026-07-28 11:54:10
Fabricação de outros artefatos e peças de madeira para uso na construção,1622699,Fabricação de outros artefatos e peças de madeira para uso na construção,C,16,162,1622,descricao-oficial,100,2026-07-28 11:54:10
fabricação,1622699,Fabricação de outros artefatos e peças de madeira para uso na construção,C,16,162,1622,palavra-chave,85,2026-07-28 11:54:10
artefatos,1622699,Fabricação de outros artefatos e peças de madeira para uso na construção,C,16,162,1622,palavra-chave,85,2026-07-28 11:54:10
peças,1622699,Fabricação de outros artefatos e peças de madeira para uso na construção,C,16,162,1622,palavra-chave,85,2026-07-28 11:54:10
madeira,1622699,Fabricação de outros artefatos e peças de madeira para uso na construção,C,16,162,1622,palavra-chave,85,2026-07-28 11:54:10
construção,1622699,Fabricação de outros artefatos e peças de madeira para uso na construção,C,16,162,1622,palavra-chave,85,2026-07-28 11:54:10
produção,1622699,Fabricação de outros artefatos e peças de madeira para uso na construção,C,16,162,1622,sinônimo,70,2026-07-28 11:54:10
manufatura,1622699,Fabricação de outros artefatos e peças de madeira para uso na construção,C,16,162,1622,sinônimo,70,2026-07-28 11:54:10
Fabricação de fraldas descartáveis,1722201,Fabricação de fraldas descartáveis,C,17,172,1722,descricao-oficial,100,2026-07-28 11:54:10
fabricação,1722201,Fabricação de fraldas descartáveis,C,17,172,1722,palavra-chave,85,2026-07-28 11:54:10
fraldas,1722201,Fabricação de fraldas descartáveis,C,17,172,1722,palavra-chave,85,2026-07-28 11:54:10
descartáveis,1722201,Fabricação de fraldas descartáveis,C,17,172,1722,palavra-chave,85,2026-07-28 11:54:10
produção,1722201,Fabricação de fraldas descartáveis,C,17,172,1722,sinônimo,70,2026-07-28 11:54:10
manufatura,1722201,Fabricação de fraldas descartáveis,C,17,172,1722,sinônimo,70,2026-07-28 11:54:10
Fabricação de absorventes higiênicos,1722202,Fabricação de absorventes higiênicos,C,17,172,1722,descricao-oficial,100,2026-07-28 11:54:10
fabricação,1722202,Fabricação de absorventes higiênicos,C,17,172,1722,palavra-chave,85,2026-07-28 11:54:10
absorventes,1722202,Fabricação de absorventes higiênicos,C,17,172,1722,palavra-chave,85,2026-07-28 11:54:10
higiênicos,1722202,Fabricação de absorventes higiênicos,C,17,172,1722,palavra-chave,85,2026-07-28 11:54:10
produção,1722202,Fabricação de absorventes higiênicos,C,17,172,1722,sinônimo,70,2026-07-28 11:54:10
manufatura,1722202,Fabricação de absorventes higiênicos,C,17,172,1722,sinônimo,70,2026-07-28 11:54:10
Fabricação de produtos de papel para uso doméstico e higiênico-sanitário não especificados anteriormente,1722299,Fabricação de produtos de papel para uso doméstico e higiênico-sanitário não especificados anteriormente,C,17,172,1722,descricao-oficial,100,2026-07-28 11:54:10
fabricação,1722299,Fabricação de produtos de papel para uso doméstico e higiênico-sanitário não especificados anteriormente,C,17,172,1722,palavra-chave,85,2026-07-28 11:54:10
produtos,1722299,Fabricação de produtos de papel para uso doméstico e higiênico-sanitário não especificados anteriormente,C,17,172,1722,palavra-chave,85,2026-07-28 11:54:10
papel,1722299,Fabricação de produtos de papel para uso doméstico e higiênico-sanitário não especificados anteriormente,C,17,172,1722,palavra-chave,85,2026-07-28 11:54:10
doméstico,1722299,Fabricação de produtos de papel para uso doméstico e higiênico-sanitário não especificados anteriormente,C,17,172,1722,palavra-chave,85,2026-07-28 11:54:10
higiênico-sanitário,1722299,Fabricação de produtos de papel para uso doméstico e higiênico-sanitário não especificados anteriormente,C,17,172,1722,palavra-chave,85,2026-07-28 11:54:10
produção,1722299,Fabricação de produtos de papel para uso doméstico e higiênico-sanitário não especificados anteriormente,C,17,172,1722,sinônimo,70,2026-07-28 11:54:10
manufatura,1722299,Fabricação de produtos de papel para uso doméstico e higiênico-sanitário não especificados anteriormente,C,17,172,1722,sinônimo,70,2026-07-28 11:54:10
Fabricação de chapas de fibra de madeira prensada - MDF,1733801,Fabricação de chapas de fibra de madeira prensada - MDF,C,17,173,1733,descricao-oficial,100,2026-07-28 11:54:10
fabricação,1733801,Fabricação de chapas de fibra de madeira prensada - MDF,C,17,173,1733,palavra-chave,85,2026-07-28 11:54:10
chapas,1733801,Fabricação de chapas de fibra de madeira prensada - MDF,C,17,173,1733,palavra-chave,85,2026-07-28 11:54:10
fibra,1733801,Fabricação de chapas de fibra de madeira prensada - MDF,C,17,173,1733,palavra-chave,85,2026-07-28 11:54:10
madeira,1733801,Fabricação de chapas de fibra de madeira prensada - MDF,C,17,173,1733,palavra-chave,85,2026-07-28 11:54:10
prensada,1733801,Fabricação de chapas de fibra de madeira prensada - MDF,C,17,173,1733,palavra-chave,85,2026-07-28 11:54:10
produção,1733801,Fabricação de chapas de fibra de madeira prensada - MDF,C,17,173,1733,sinônimo,70,2026-07-28 11:54:10
manufatura,1733801,Fabricação de chapas de fibra de madeira prensada - MDF,C,17,173,1733,sinônimo,70,2026-07-28 11:54:10
Fabricação de chapas de fibra de madeira prensada - demais,1733802,Fabricação de chapas de fibra de madeira prensada - demais,C,17,173,1733,descricao-oficial,100,2026-07-28 11:54:10
fabricação,1733802,Fabricação de chapas de fibra de madeira prensada - demais,C,17,173,1733,palavra-chave,85,2026-07-28 11:54:10
chapas,1733802,Fabricação de chapas de fibra de madeira prensada - demais,C,17,173,1733,palavra-chave,85,2026-07-28 11:54:10
fibra,1733802,Fabricação de chapas de fibra de madeira prensada - demais,C,17,173,1733,palavra-chave,85,2026-07-28 11:54:10
madeira,1733802,Fabricação de chapas de fibra de madeira prensada - demais,C,17,173,1733,palavra-chave,85,2026-07-28 11:54:10
prensada,1733802,Fabricação de chapas de fibra de madeira prensada - demais,C,17,173,1733,palavra-chave,85,2026-07-28 11:54:10
produção,1733802,Fabricação de chapas de fibra de madeira prensada - demais,C,17,173,1733,sinônimo,70,2026-07-28 11:54:10
manufatura,1733802,Fabricação de chapas de fibra de madeira prensada - demais,C,17,173,1733,sinônimo,70,2026-07-28 11:54:10
Serviços de acabamentos gráficos,1822900,Serviços de acabamentos gráficos,C,18,182,1822,descricao-oficial,100,2026-07-28 11:54:10
serviços,1822900,Serviços de acabamentos gráficos,C,18,182,1822,palavra-chave,85,2026-07-28 11:54:10
acabamentos,1822900,Serviços de acabamentos gráficos,C,18,182,1822,palavra-chave,85,2026-07-28 11:54:10
gráficos,1822900,Serviços de acabamentos gráficos,C,18,182,1822,palavra-chave,85,2026-07-28 11:54:10
Fabricação de fibras artificiais e sintéticas,2034700,Fabricação de fibras artificiais e sintéticas,C,20,203,2034,descricao-oficial,100,2026-07-28 11:54:10
fabricação,2034700,Fabricação de fibras artificiais e sintéticas,C,20,203,2034,palavra-chave,85,2026-07-28 11:54:10
fibras,2034700,Fabricação de fibras artificiais e sintéticas,C,20,203,2034,palavra-chave,85,2026-07-28 11:54:10
artificiais,2034700,Fabricação de fibras artificiais e sintéticas,C,20,203,2034,palavra-chave,85,2026-07-28 11:54:10
sintéticas,2034700,Fabricação de fibras artificiais e sintéticas,C,20,203,2034,palavra-chave,85,2026-07-28 11:54:10
produção,2034700,Fabricação de fibras artificiais e sintéticas,C,20,203,2034,sinônimo,70,2026-07-28 11:54:10
manufatura,2034700,Fabricação de fibras artificiais e sintéticas,C,20,203,2034,sinônimo,70,2026-07-28 11:54:10
Fabricação de embalagens de material plástico,2212900,Fabricação de embalagens de material plástico,C,22,221,2212,descricao-oficial,100,2026-07-28 11:54:10
fabricação,2212900,Fabricação de embalagens de material plástico,C,22,221,2212,palavra-chave,85,2026-07-28 11:54:10
embalagens,2212900,Fabricação de embalagens de material plástico,C,22,221,2212,palavra-chave,85,2026-07-28 11:54:10
material,2212900,Fabricação de embalagens de material plástico,C,22,221,2212,palavra-chave,85,2026-07-28 11:54:10
plástico,2212900,Fabricação de embalagens de material plástico,C,22,221,2212,palavra-chave,85,2026-07-28 11:54:10
produção,2212900,Fabricação de embalagens de material plástico,C,22,221,2212,sinônimo,70,2026-07-28 11:54:10
manufatura,2212900,Fabricação de embalagens de material plástico,C,22,221,2212,sinônimo,70,2026-07-28 11:54:10
Fabricação de artefatos de material plástico para outros usos,2219600,Fabricação de artefatos de material plástico para outros usos,C,22,221,2219,descricao-oficial,100,2026-07-28 11:54:10
fabricação,2219600,Fabricação de artefatos de material plástico para outros usos,C,22,221,2219,palavra-chave,85,2026-07-28 11:54:10
artefatos,2219600,Fabricação de artefatos de material plástico para outros usos,C,22,221,2219,palavra-chave,85,2026-07-28 11:54:10
material,2219600,Fabricação de artefatos de material plástico para outros usos,C,22,221,2219,palavra-chave,85,2026-07-28 11:54:10
plástico,2219600,Fabricação de artefatos de material plástico para outros usos,C,22,221,2219,palavra-chave,85,2026-07-28 11:54:10
usos,2219600,Fabricação de artefatos de material plástico para outros usos,C,22,221,2219,palavra-chave,85,2026-07-28 11:54:10
produção,2219600,Fabricação de artefatos de material plástico para outros usos,C,22,221,2219,sinônimo,70,2026-07-28 11:54:10
manufatura,2219600,Fabricação de artefatos de material plástico para outros usos,C,22,221,2219,sinônimo,70,2026-07-28 11:54:10
Fabricação de artefatos de borracha para uso industrial,2229301,Fabricação de artefatos de borracha para uso industrial,C,22,222,2229,descricao-oficial,100,2026-07-28 11:54:10
fabricação,2229301,Fabricação de artefatos de borracha para uso industrial,C,22,222,2229,palavra-chave,85,2026-07-28 11:54:10
artefatos,2229301,Fabricação de artefatos de borracha para uso industrial,C,22,222,2229,palavra-chave,85,2026-07-28 11:54:10
borracha,2229301,Fabricação de artefatos de borracha para uso industrial,C,22,222,2229,palavra-chave,85,2026-07-28 11:54:10
industrial,2229301,Fabricação de artefatos de borracha para uso industrial,C,22,222,2229,palavra-chave,85,2026-07-28 11:54:10
produção,2229301,Fabricação de artefatos de borracha para uso industrial,C,22,222,2229,sinônimo,70,2026-07-28 11:54:10
manufatura,2229301,Fabricação de artefatos de borracha para uso industrial,C,22,222,2229,sinônimo,70,2026-07-28 11:54:10
Fabricação de artefatos de plástico para outros usos,2229302,Fabricação de artefatos de plástico para outros usos,C,22,222,2229,descricao-oficial,100,2026-07-28 11:54:10
fabricação,2229302,Fabricação de artefatos de plástico para outros usos,C,22,222,2229,palavra-chave,85,2026-07-28 11:54:10
artefatos,2229302,Fabricação de artefatos de plástico para outros usos,C,22,222,2229,palavra-chave,85,2026-07-28 11:54:10
plástico,2229302,Fabricação de artefatos de plástico para outros usos,C,22,222,2229,palavra-chave,85,2026-07-28 11:54:10
usos,2229302,Fabricação de artefatos de plástico para outros usos,C,22,222,2229,palavra-chave,85,2026-07-28 11:54:10
produção,2229302,Fabricação de artefatos de plástico para outros usos,C,22,222,2229,sinônimo,70,2026-07-28 11:54:10
manufatura,2229302,Fabricação de artefatos de plástico para outros usos,C,22,222,2229,sinônimo,70,2026-07-28 11:54:10
"Fabricação de outros artefatos e produtos de concreto, cimento, fibrocimento, gesso e materiais semelhantes",2330399,"Fabricação de outros artefatos e produtos de concreto, cimento, fibrocimento, gesso e materiais semelhantes",C,23,233,2330,descricao-oficial,100,2026-07-28 11:54:10
fabricação,2330399,"Fabricação de outros artefatos e produtos de concreto, cimento, fibrocimento, gesso e materiais semelhantes",C,23,233,2330,palavra-chave,85,2026-07-28 11:54:10
artefatos,2330399,"Fabricação de outros artefatos e produtos de concreto, cimento, fibrocimento, gesso e materiais semelhantes",C,23,233,2330,palavra-chave,85,2026-07-28 11:54:10
produtos,2330399,"Fabricação de outros artefatos e produtos de concreto, cimento, fibrocimento, gesso e materiais semelhantes",C,23,233,2330,palavra-chave,85,2026-07-28 11:54:10
"concreto,",2330399,"Fabricação de outros artefatos e produtos de concreto, cimento, fibrocimento, gesso e materiais semelhantes",C,23,233,2330,palavra-chave,85,2026-07-28 11:54:10
"cimento,",2330399,"Fabricação de outros artefatos e produtos de concreto, cimento, fibrocimento, gesso e materiais semelhantes",C,23,233,2330,palavra-chave,85,2026-07-28 11:54:10
produção,2330399,"Fabricação de outros artefatos e produtos de concreto, cimento, fibrocimento, gesso e materiais semelhantes",C,23,233,2330,sinônimo,70,2026-07-28 11:54:10
manufatura,2330399,"Fabricação de outros artefatos e produtos de concreto, cimento, fibrocimento, gesso e materiais semelhantes",C,23,233,2330,sinônimo,70,2026-07-28 11:54:10
Fabricação de produtos cerâmicos refratários,2341900,Fabricação de produtos cerâmicos refratários,C,23,234,2341,descricao-oficial,100,2026-07-28 11:54:10
fabricação,2341900,Fabricação de produtos cerâmicos refratários,C,23,234,2341,palavra-chave,85,2026-07-28 11:54:10
produtos,2341900,Fabricação de produtos cerâmicos refratários,C,23,234,2341,palavra-chave,85,2026-07-28 11:54:10
cerâmicos,2341900,Fabricação de produtos cerâmicos refratários,C,23,234,2341,palavra-chave,85,2026-07-28 11:54:10
refratários,2341900,Fabricação de produtos cerâmicos refratários,C,23,234,2341,palavra-chave,85,2026-07-28 11:54:10
produção,2341900,Fabricação de produtos cerâmicos refratários,C,23,234,2341,sinônimo,70,2026-07-28 11:54:10
manufatura,2341900,Fabricação de produtos cerâmicos refratários,C,23,234,2341,sinônimo,70,2026-07-28 11:54:10
Fabricação de azulejos e pisos,2342701,Fabricação de azulejos e pisos,C,23,234,2342,descricao-oficial,100,2026-07-28 11:54:10
fabricação,2342701,Fabricação de azulejos e pisos,C,23,234,2342,palavra-chave,85,2026-07-28 11:54:10
azulejos,2342701,Fabricação de azulejos e pisos,C,23,234,2342,palavra-chave,85,2026-07-28 11:54:10
pisos,2342701,Fabricação de azulejos e pisos,C,23,234,2342,palavra-chave,85,2026-07-28 11:54:10
produção,2342701,Fabricação de azulejos e pisos,C,23,234,2342,sinônimo,70,2026-07-28 11:54:10
manufatura,2342701,Fabricação de azulejos e pisos,C,23,234,2342,sinônimo,70,2026-07-28 11:54:10
"Fabricação de artefatos de cerâmica e barro cozido para uso na construção, exceto azulejos e pisos",2342702,"Fabricação de artefatos de cerâmica e barro cozido para uso na construção, exceto azulejos e pisos",C,23,234,2342,descricao-oficial,100,2026-07-28 11:54:10
fabricação,2342702,"Fabricação de artefatos de cerâmica e barro cozido para uso na construção, exceto azulejos e pisos",C,23,234,2342,palavra-chave,85,2026-07-28 11:54:10
artefatos,2342702,"Fabricação de artefatos de cerâmica e barro cozido para uso na construção, exceto azulejos e pisos",C,23,234,2342,palavra-chave,85,2026-07-28 11:54:10
cerâmica,2342702,"Fabricação de artefatos de cerâmica e barro cozido para uso na construção, exceto azulejos e pisos",C,23,234,2342,palavra-chave,85,2026-07-28 11:54:10
barro,2342702,"Fabricação de artefatos de cerâmica e barro cozido para uso na construção, exceto azulejos e pisos",C,23,234,2342,palavra-chave,85,2026-07-28 11:54:10
cozido,2342702,"Fabricação de artefatos de cerâmica e barro cozido para uso na construção, exceto azulejos e pisos",C,23,234,2342,palavra-chave,85,2026-07-28 11:54:10
produção,2342702,"Fabricação de artefatos de cerâmica e barro cozido para uso na construção, exceto azulejos e pisos",C,23,234,2342,sinônimo,70,2026-07-28 11:54:10
manufatura,2342702,"Fabricação de artefatos de cerâmica e barro cozido para uso na construção, exceto azulejos e pisos",C,23,234,2342,sinônimo,70,2026-07-28 11:54:10
Fabricação de material isolante cerâmico,2349401,Fabricação de material isolante cerâmico,C,23,234,2349,descricao-oficial,100,2026-07-28 11:54:10
fabricação,2349401,Fabricação de material isolante cerâmico,C,23,234,2349,palavra-chave,85,2026-07-28 11:54:10
material,2349401,Fabricação de material isolante cerâmico,C,23,234,2349,palavra-chave,85,2026-07-28 11:54:10
isolante,2349401,Fabricação de material isolante cerâmico,C,23,234,2349,palavra-chave,85,2026-07-28 11:54:10
cerâmico,2349401,Fabricação de material isolante cerâmico,C,23,234,2349,palavra-chave,85,2026-07-28 11:54:10
produção,2349401,Fabricação de material isolante cerâmico,C,23,234,2349,sinônimo,70,2026-07-28 11:54:10
manufatura,2349401,Fabricação de material isolante cerâmico,C,23,234,2349,sinônimo,70,2026-07-28 11:54:10
Fabricação de cerâmica sanitária,2349402,Fabricação de cerâmica sanitária,C,23,234,2349,descricao-oficial,100,2026-07-28 11:54:10
fabricação,2349402,Fabricação de cerâmica sanitária,C,23,234,2349,palavra-chave,85,2026-07-28 11:54:10
cerâmica,2349402,Fabricação de cerâmica sanitária,C,23,234,2349,palavra-chave,85,2026-07-28 11:54:10
sanitária,2349402,Fabricação de cerâmica sanitária,C,23,234,2349,palavra-chave,85,2026-07-28 11:54:10
produção,2349402,Fabricação de cerâmica sanitária,C,23,234,2349,sinônimo,70,2026-07-28 11:54:10
manufatura,2349402,Fabricação de cerâmica sanitária,C,23,234,2349,sinônimo,70,2026-07-28 11:54:10
Fabricação de produtos cerâmicos não refratários não especificados anteriormente,2349499,Fabricação de produtos cerâmicos não refratários não especificados anteriormente,C,23,234,2349,descricao-oficial,100,2026-07-28 11:54:10
fabricação,2349499,Fabricação de produtos cerâmicos não refratários não especificados anteriormente,C,23,234,2349,palavra-chave,85,2026-07-28 11:54:10
produtos,2349499,Fabricação de produtos cerâmicos não refratários não especificados anteriormente,C,23,234,2349,palavra-chave,85,2026-07-28 11:54:10
cerâmicos,2349499,Fabricação de produtos cerâmicos não refratários não especificados anteriormente,C,23,234,2349,palavra-chave,85,2026-07-28 11:54:10
refratários,2349499,Fabricação de produtos cerâmicos não refratários não especificados anteriormente,C,23,234,2349,palavra-chave,85,2026-07-28 11:54:10
especificados,2349499,Fabricação de produtos cerâmicos não refratários não especificados anteriormente,C,23,234,2349,palavra-chave,85,2026-07-28 11:54:10
produção,2349499,Fabricação de produtos cerâmicos não refratários não especificados anteriormente,C,23,234,2349,sinônimo,70,2026-07-28 11:54:10
manufatura,2349499,Fabricação de produtos cerâmicos não refratários não especificados anteriormente,C,23,234,2349,sinônimo,70,2026-07-28 11:54:10
Produção de laminados planos de aço especial não especificados anteriormente,2422903,Produção de laminados planos de aço especial não especificados anteriormente,C,24,242,2422,descricao-oficial,100,2026-07-28 11:54:10
produção,2422903,Produção de laminados planos de aço especial não especificados anteriormente,C,24,242,2422,palavra-chave,85,2026-07-28 11:54:10
laminados,2422903,Produção de laminados planos de aço especial não especificados anteriormente,C,24,242,2422,palavra-chave,85,2026-07-28 11:54:10
planos,2422903,Produção de laminados planos de aço especial não especificados anteriormente,C,24,242,2422,palavra-chave,85,2026-07-28 11:54:10
especial,2422903,Produção de laminados planos de aço especial não especificados anteriormente,C,24,242,2422,palavra-chave,85,2026-07-28 11:54:10
especificados,2422903,Produção de laminados planos de aço especial não especificados anteriormente,C,24,242,2422,palavra-chave,85,2026-07-28 11:54:10
Produção de tubos de aço com costura,2423703,Produção de tubos de aço com costura,C,24,242,2423,descricao-oficial,100,2026-07-28 11:54:10
produção,2423703,Produção de tubos de aço com costura,C,24,242,2423,palavra-chave,85,2026-07-28 11:54:10
tubos,2423703,Produção de tubos de aço com costura,C,24,242,2423,palavra-chave,85,2026-07-28 11:54:10
costura,2423703,Produção de tubos de aço com costura,C,24,242,2423,palavra-chave,85,2026-07-28 11:54:10
Produção de outros tubos de ferro e aço,2423704,Produção de outros tubos de ferro e aço,C,24,242,2423,descricao-oficial,100,2026-07-28 11:54:10
produção,2423704,Produção de outros tubos de ferro e aço,C,24,242,2423,palavra-chave,85,2026-07-28 11:54:10
tubos,2423704,Produção de outros tubos de ferro e aço,C,24,242,2423,palavra-chave,85,2026-07-28 11:54:10
ferro,2423704,Produção de outros tubos de ferro e aço,C,24,242,2423,palavra-chave,85,2026-07-28 11:54:10
Metalurgia do alumínio e suas ligas em formas primárias,2441500,Metalurgia do alumínio e suas ligas em formas primárias,C,24,244,2441,descricao-oficial,100,2026-07-28 11:54:10
metalurgia,2441500,Metalurgia do alumínio e suas ligas em formas primárias,C,24,244,2441,palavra-chave,85,2026-07-28 11:54:10
alumínio,2441500,Metalurgia do alumínio e suas ligas em formas primárias,C,24,244,2441,palavra-chave,85,2026-07-28 11:54:10
suas,2441500,Metalurgia do alumínio e suas ligas em formas primárias,C,24,244,2441,palavra-chave,85,2026-07-28 11:54:10
ligas,2441500,Metalurgia do alumínio e suas ligas em formas primárias,C,24,244,2441,palavra-chave,85,2026-07-28 11:54:10
formas,2441500,Metalurgia do alumínio e suas ligas em formas primárias,C,24,244,2441,palavra-chave,85,2026-07-28 11:54:10
Produção de forjados de aço,2531400,Produção de forjados de aço,C,25,253,2531,descricao-oficial,100,2026-07-28 11:54:10
produção,2531400,Produção de forjados de aço,C,25,253,2531,palavra-chave,85,2026-07-28 11:54:10
forjados,2531400,Produção de forjados de aço,C,25,253,2531,palavra-chave,85,2026-07-28 11:54:10
"Serviços de usinagem, tornearia e solda",2539001,"Serviços de usinagem, tornearia e solda",C,25,253,2539,descricao-oficial,100,2026-07-28 11:54:10
serviços,2539001,"Serviços de usinagem, tornearia e solda",C,25,253,2539,palavra-chave,85,2026-07-28 11:54:10
"usinagem,",2539001,"Serviços de usinagem, tornearia e solda",C,25,253,2539,palavra-chave,85,2026-07-28 11:54:10
tornearia,2539001,"Serviços de usinagem, tornearia e solda",C,25,253,2539,palavra-chave,85,2026-07-28 11:54:10
solda,2539001,"Serviços de usinagem, tornearia e solda",C,25,253,2539,palavra-chave,85,2026-07-28 11:54:10
Serviços de tratamento e revestimento em metais,2539002,Serviços de tratamento e revestimento em metais,C,25,253,2539,descricao-oficial,100,2026-07-28 11:54:10
serviços,2539002,Serviços de tratamento e revestimento em metais,C,25,253,2539,palavra-chave,85,2026-07-28 11:54:10
tratamento,2539002,Serviços de tratamento e revestimento em metais,C,25,253,2539,palavra-chave,85,2026-07-28 11:54:10
revestimento,2539002,Serviços de tratamento e revestimento em metais,C,25,253,2539,palavra-chave,85,2026-07-28 11:54:10
metais,2539002,Serviços de tratamento e revestimento em metais,C,25,253,2539,palavra-chave,85,2026-07-28 11:54:10
Fabricação de produtos de trefilados de metal,2592600,Fabricação de produtos de trefilados de metal,C,25,259,2592,descricao-oficial,100,2026-07-28 11:54:10
fabricação,2592600,Fabricação de produtos de trefilados de metal,C,25,259,2592,palavra-chave,85,2026-07-28 11:54:10
produtos,2592600,Fabricação de produtos de trefilados de metal,C,25,259,2592,palavra-chave,85,2026-07-28 11:54:10
trefilados,2592600,Fabricação de produtos de trefilados de metal,C,25,259,2592,palavra-chave,85,2026-07-28 11:54:10
metal,2592600,Fabricação de produtos de trefilados de metal,C,25,259,2592,palavra-chave,85,2026-07-28 11:54:10
produção,2592600,Fabricação de produtos de trefilados de metal,C,25,259,2592,sinônimo,70,2026-07-28 11:54:10
manufatura,2592600,Fabricação de produtos de trefilados de metal,C,25,259,2592,sinônimo,70,2026-07-28 11:54:10
Fabricação de semicondutores,2610806,Fabricação de semicondutores,C,26,261,2610,descricao-oficial,100,2026-07-28 11:54:10
fabricação,2610806,Fabricação de semicondutores,C,26,261,2610,palavra-chave,85,2026-07-28 11:54:10
semicondutores,2610806,Fabricação de semicondutores,C,26,261,2610,palavra-chave,85,2026-07-28 11:54:10
produção,2610806,Fabricação de semicondutores,C,26,261,2610,sinônimo,70,2026-07-28 11:54:10
manufatura,2610806,Fabricação de semicondutores,C,26,261,2610,sinônimo,70,2026-07-28 11:54:10
Fabricação de componentes eletrônicos não especificados anteriormente,2610899,Fabricação de componentes eletrônicos não especificados anteriormente,C,26,261,2610,descricao-oficial,100,2026-07-28 11:54:10
fabricação,2610899,Fabricação de componentes eletrônicos não especificados anteriormente,C,26,261,2610,palavra-chave,85,2026-07-28 11:54:10
componentes,2610899,Fabricação de componentes eletrônicos não especificados anteriormente,C,26,261,2610,palavra-chave,85,2026-07-28 11:54:10
eletrônicos,2610899,Fabricação de componentes eletrônicos não especificados anteriormente,C,26,261,2610,palavra-chave,85,2026-07-28 11:54:10
especificados,2610899,Fabricação de componentes eletrônicos não especificados anteriormente,C,26,261,2610,palavra-chave,85,2026-07-28 11:54:10
anteriormente,2610899,Fabricação de componentes eletrônicos não especificados anteriormente,C,26,261,2610,palavra-chave,85,2026-07-28 11:54:10
produção,2610899,Fabricação de componentes eletrônicos não especificados anteriormente,C,26,261,2610,sinônimo,70,2026-07-28 11:54:10
manufatura,2610899,Fabricação de componentes eletrônicos não especificados anteriormente,C,26,261,2610,sinônimo,70,2026-07-28 11:54:10
"Fabricação de motores, geradores e transformadores não especificados anteriormente",2710499,"Fabricação de motores, geradores e transformadores não especificados anteriormente",C,27,271,2710,descricao-oficial,100,2026-07-28 11:54:10
fabricação,2710499,"Fabricação de motores, geradores e transformadores não especificados anteriormente",C,27,271,2710,palavra-chave,85,2026-07-28 11:54:10
"motores,",2710499,"Fabricação de motores, geradores e transformadores não especificados anteriormente",C,27,271,2710,palavra-chave,85,2026-07-28 11:54:10
geradores,2710499,"Fabricação de motores, geradores e transformadores não especificados anteriormente",C,27,271,2710,palavra-chave,85,2026-07-28 11:54:10
transformadores,2710499,"Fabricação de motores, geradores e transformadores não especificados anteriormente",C,27,271,2710,palavra-chave,85,2026-07-28 11:54:10
especificados,2710499,"Fabricação de motores, geradores e transformadores não especificados anteriormente",C,27,271,2710,palavra-chave,85,2026-07-28 11:54:10
produção,2710499,"Fabricação de motores, geradores e transformadores não especificados anteriormente",C,27,271,2710,sinônimo,70,2026-07-28 11:54:10
manufatura,2710499,"Fabricação de motores, geradores e transformadores não especificados anteriormente",C,27,271,2710,sinônimo,70,2026-07-28 11:54:10
Fabricação de fios e cabos isolantes de borracha vulcanizada,2732501,Fabricação de fios e cabos isolantes de borracha vulcanizada,C,27,273,2732,descricao-oficial,100,2026-07-28 11:54:10
fabricação,2732501,Fabricação de fios e cabos isolantes de borracha vulcanizada,C,27,273,2732,palavra-chave,85,2026-07-28 11:54:10
fios,2732501,Fabricação de fios e cabos isolantes de borracha vulcanizada,C,27,273,2732,palavra-chave,85,2026-07-28 11:54:10
cabos,2732501,Fabricação de fios e cabos isolantes de borracha vulcanizada,C,27,273,2732,palavra-chave,85,2026-07-28 11:54:10
isolantes,2732501,Fabricação de fios e cabos isolantes de borracha vulcanizada,C,27,273,2732,palavra-chave,85,2026-07-28 11:54:10
borracha,2732501,Fabricação de fios e cabos isolantes de borracha vulcanizada,C,27,273,2732,palavra-chave,85,2026-07-28 11:54:10
produção,2732501,Fabricação de fios e cabos isolantes de borracha vulcanizada,C,27,273,2732,sinônimo,70,2026-07-28 11:54:10
manufatura,2732501,Fabricação de fios e cabos isolantes de borracha vulcanizada,C,27,273,2732,sinônimo,70,2026-07-28 11:54:10
Fabricação de fios e cabos isolantes de plástico,2732502,Fabricação de fios e cabos isolantes de plástico,C,27,273,2732,descricao-oficial,100,2026-07-28 11:54:10
fabricação,2732502,Fabricação de fios e cabos isolantes de plástico,C,27,273,2732,palavra-chave,85,2026-07-28 11:54:10
fios,2732502,Fabricação de fios e cabos isolantes de plástico,C,27,273,2732,palavra-chave,85,2026-07-28 11:54:10
cabos,2732502,Fabricação de fios e cabos isolantes de plástico,C,27,273,2732,palavra-chave,85,2026-07-28 11:54:10
isolantes,2732502,Fabricação de fios e cabos isolantes de plástico,C,27,273,2732,palavra-chave,85,2026-07-28 11:54:10
plástico,2732502,Fabricação de fios e cabos isolantes de plástico,C,27,273,2732,palavra-chave,85,2026-07-28 11:54:10
produção,2732502,Fabricação de fios e cabos isolantes de plástico,C,27,273,2732,sinônimo,70,2026-07-28 11:54:10
manufatura,2732502,Fabricação de fios e cabos isolantes de plástico,C,27,273,2732,sinônimo,70,2026-07-28 11:54:10
"Fabricação de cabines, carrocerias e reboques para caminhões",2930101,"Fabricação de cabines, carrocerias e reboques para caminhões",C,29,293,2930,descricao-oficial,100,2026-07-28 11:54:10
fabricação,2930101,"Fabricação de cabines, carrocerias e reboques para caminhões",C,29,293,2930,palavra-chave,85,2026-07-28 11:54:10
"cabines,",2930101,"Fabricação de cabines, carrocerias e reboques para caminhões",C,29,293,2930,palavra-chave,85,2026-07-28 11:54:10
carrocerias,2930101,"Fabricação de cabines, carrocerias e reboques para caminhões",C,29,293,2930,palavra-chave,85,2026-07-28 11:54:10
reboques,2930101,"Fabricação de cabines, carrocerias e reboques para caminhões",C,29,293,2930,palavra-chave,85,2026-07-28 11:54:10
caminhões,2930101,"Fabricação de cabines, carrocerias e reboques para caminhões",C,29,293,2930,palavra-chave,85,2026-07-28 11:54:10
produção,2930101,"Fabricação de cabines, carrocerias e reboques para caminhões",C,29,293,2930,sinônimo,70,2026-07-28 11:54:10
manufatura,2930101,"Fabricação de cabines, carrocerias e reboques para caminhões",C,29,293,2930,sinônimo,70,2026-07-28 11:54:10
Fabricação de carrocerias para ônibus,2930102,Fabricação de carrocerias para ônibus,C,29,293,2930,descricao-oficial,100,2026-07-28 11:54:10
fabricação,2930102,Fabricação de carrocerias para ônibus,C,29,293,2930,palavra-chave,85,2026-07-28 11:54:10
carrocerias,2930102,Fabricação de carrocerias para ônibus,C,29,293,2930,palavra-chave,85,2026-07-28 11:54:10
ônibus,2930102,Fabricação de carrocerias para ônibus,C,29,293,2930,palavra-chave,85,2026-07-28 11:54:10
produção,2930102,Fabricação de carrocerias para ônibus,C,29,293,2930,sinônimo,70,2026-07-28 11:54:10
manufatura,2930102,Fabricação de carrocerias para ônibus,C,29,293,2930,sinônimo,70,2026-07-28 11:54:10
"Fabricação de cabines, carrocerias e reboques para outros veículos automotores, exceto caminhões e ônibus",2930103,"Fabricação de cabines, carrocerias e reboques para outros veículos automotores, exceto caminhões e ônibus",C,29,293,2930,descricao-oficial,100,2026-07-28 11:54:10
fabricação,2930103,"Fabricação de cabines, carrocerias e reboques para outros veículos automotores, exceto caminhões e ônibus",C,29,293,2930,palavra-chave,85,2026-07-28 11:54:10
"cabines,",2930103,"Fabricação de cabines, carrocerias e reboques para outros veículos automotores, exceto caminhões e ônibus",C,29,293,2930,palavra-chave,85,2026-07-28 11:54:10
carrocerias,2930103,"Fabricação de cabines, carrocerias e reboques para outros veículos automotores, exceto caminhões e ônibus",C,29,293,2930,palavra-chave,85,2026-07-28 11:54:10
reboques,2930103,"Fabricação de cabines, carrocerias e reboques para outros veículos automotores, exceto caminhões e ônibus",C,29,293,2930,palavra-chave,85,2026-07-28 11:54:10
veículos,2930103,"Fabricação de cabines, carrocerias e reboques para outros veículos automotores, exceto caminhões e ônibus",C,29,293,2930,palavra-chave,85,2026-07-28 11:54:10
produção,2930103,"Fabricação de cabines, carrocerias e reboques para outros veículos automotores, exceto caminhões e ônibus",C,29,293,2930,sinônimo,70,2026-07-28 11:54:10
manufatura,2930103,"Fabricação de cabines, carrocerias e reboques para outros veículos automotores, exceto caminhões e ônibus",C,29,293,2930,sinônimo,70,2026-07-28 11:54:10
Fabricação de peças e acessórios para o sistema motor de veículos automotores,2941700,Fabricação de peças e acessórios para o sistema motor de veículos automotores,C,29,294,2941,descricao-oficial,100,2026-07-28 11:54:10
fabricação,2941700,Fabricação de peças e acessórios para o sistema motor de veículos automotores,C,29,294,2941,palavra-chave,85,2026-07-28 11:54:10
peças,2941700,Fabricação de peças e acessórios para o sistema motor de veículos automotores,C,29,294,2941,palavra-chave,85,2026-07-28 11:54:10
acessórios,2941700,Fabricação de peças e acessórios para o sistema motor de veículos automotores,C,29,294,2941,palavra-chave,85,2026-07-28 11:54:10
sistema,2941700,Fabricação de peças e acessórios para o sistema motor de veículos automotores,C,29,294,2941,palavra-chave,85,2026-07-28 11:54:10
motor,2941700,Fabricação de peças e acessórios para o sistema motor de veículos automotores,C,29,294,2941,palavra-chave,85,2026-07-28 11:54:10
produção,2941700,Fabricação de peças e acessórios para o sistema motor de veículos automotores,C,29,294,2941,sinônimo,70,2026-07-28 11:54:10
manufatura,2941700,Fabricação de peças e acessórios para o sistema motor de veículos automotores,C,29,294,2941,sinônimo,70,2026-07-28 11:54:10
Fabricação de peças e acessórios para os sistemas de marcha e transmissão de veículos automotores,2942500,Fabricação de peças e acessórios para os sistemas de marcha e transmissão de veículos automotores,C,29,294,2942,descricao-oficial,100,2026-07-28 11:54:10
fabricação,2942500,Fabricação de peças e acessórios para os sistemas de marcha e transmissão de veículos automotores,C,29,294,2942,palavra-chave,85,2026-07-28 11:54:10
peças,2942500,Fabricação de peças e acessórios para os sistemas de marcha e transmissão de veículos automotores,C,29,294,2942,palavra-chave,85,2026-07-28 11:54:10
acessórios,2942500,Fabricação de peças e acessórios para os sistemas de marcha e transmissão de veículos automotores,C,29,294,2942,palavra-chave,85,2026-07-28 11:54:10
sistemas,2942500,Fabricação de peças e acessórios para os sistemas de marcha e transmissão de veículos automotores,C,29,294,2942,palavra-chave,85,2026-07-28 11:54:10
marcha,2942500,Fabricação de peças e acessórios para os sistemas de marcha e transmissão de veículos automotores,C,29,294,2942,palavra-chave,85,2026-07-28 11:54:10
produção,2942500,Fabricação de peças e acessórios para os sistemas de marcha e transmissão de veículos automotores,C,29,294,2942,sinônimo,70,2026-07-28 11:54:10
manufatura,2942500,Fabricação de peças e acessórios para os sistemas de marcha e transmissão de veículos automotores,C,29,294,2942,sinônimo,70,2026-07-28 11:54:10
Fabricação de peças e acessórios para o sistema de freios de veículos automotores,2943300,Fabricação de peças e acessórios para o sistema de freios de veículos automotores,C,29,294,2943,descricao-oficial,100,2026-07-28 11:54:10
fabricação,2943300,Fabricação de peças e acessórios para o sistema de freios de veículos automotores,C,29,294,2943,palavra-chave,85,2026-07-28 11:54:10
peças,2943300,Fabricação de peças e acessórios para o sistema de freios de veículos automotores,C,29,294,2943,palavra-chave,85,2026-07-28 11:54:10
acessórios,2943300,Fabricação de peças e acessórios para o sistema de freios de veículos automotores,C,29,294,2943,palavra-chave,85,2026-07-28 11:54:10
sistema,2943300,Fabricação de peças e acessórios para o sistema de freios de veículos automotores,C,29,294,2943,palavra-chave,85,2026-07-28 11:54:10
freios,2943300,Fabricação de peças e acessórios para o sistema de freios de veículos automotores,C,29,294,2943,palavra-chave,85,2026-07-28 11:54:10
produção,2943300,Fabricação de peças e acessórios para o sistema de freios de veículos automotores,C,29,294,2943,sinônimo,70,2026-07-28 11:54:10
manufatura,2943300,Fabricação de peças e acessórios para o sistema de freios de veículos automotores,C,29,294,2943,sinônimo,70,2026-07-28 11:54:10
Fabricação de peças e acessórios para o sistema de direção e suspensão de veículos automotores,2944100,Fabricação de peças e acessórios para o sistema de direção e suspensão de veículos automotores,C,29,294,2944,descricao-oficial,100,2026-07-28 11:54:10
fabricação,2944100,Fabricação de peças e acessórios para o sistema de direção e suspensão de veículos automotores,C,29,294,2944,palavra-chave,85,2026-07-28 11:54:10
peças,2944100,Fabricação de peças e acessórios para o sistema de direção e suspensão de veículos automotores,C,29,294,2944,palavra-chave,85,2026-07-28 11:54:10
acessórios,2944100,Fabricação de peças e acessórios para o sistema de direção e suspensão de veículos automotores,C,29,294,2944,palavra-chave,85,2026-07-28 11:54:10
sistema,2944100,Fabricação de peças e acessórios para o sistema de direção e suspensão de veículos automotores,C,29,294,2944,palavra-chave,85,2026-07-28 11:54:10
direção,2944100,Fabricação de peças e acessórios para o sistema de direção e suspensão de veículos automotores,C,29,294,2944,palavra-chave,85,2026-07-28 11:54:10
produção,2944100,Fabricação de peças e acessórios para o sistema de direção e suspensão de veículos automotores,C,29,294,2944,sinônimo,70,2026-07-28 11:54:10
manufatura,2944100,Fabricação de peças e acessórios para o sistema de direção e suspensão de veículos automotores,C,29,294,2944,sinônimo,70,2026-07-28 11:54:10
"Fabricação de material elétrico e eletrônico para veículos automotores, exceto baterias",2945000,"Fabricação de material elétrico e eletrônico para veículos automotores, exceto baterias",C,29,294,2945,descricao-oficial,100,2026-07-28 11:54:10
fabricação,2945000,"Fabricação de material elétrico e eletrônico para veículos automotores, exceto baterias",C,29,294,2945,palavra-chave,85,2026-07-28 11:54:10
material,2945000,"Fabricação de material elétrico e eletrônico para veículos automotores, exceto baterias",C,29,294,2945,palavra-chave,85,2026-07-28 11:54:10
elétrico,2945000,"Fabricação de material elétrico e eletrônico para veículos automotores, exceto baterias",C,29,294,2945,palavra-chave,85,2026-07-28 11:54:10
eletrônico,2945000,"Fabricação de material elétrico e eletrônico para veículos automotores, exceto baterias",C,29,294,2945,palavra-chave,85,2026-07-28 11:54:10
veículos,2945000,"Fabricação de material elétrico e eletrônico para veículos automotores, exceto baterias",C,29,294,2945,palavra-chave,85,2026-07-28 11:54:10
produção,2945000,"Fabricação de material elétrico e eletrônico para veículos automotores, exceto baterias",C,29,294,2945,sinônimo,70,2026-07-28 11:54:10
manufatura,2945000,"Fabricação de material elétrico e eletrônico para veículos automotores, exceto baterias",C,29,294,2945,sinônimo,70,2026-07-28 11:54:10
Fabricação de bancos e estofados para veículos automotores,2949201,Fabricação de bancos e estofados para veículos automotores,C,29,294,2949,descricao-oficial,100,2026-07-28 11:54:10
fabricação,2949201,Fabricação de bancos e estofados para veículos automotores,C,29,294,2949,palavra-chave,85,2026-07-28 11:54:10
bancos,2949201,Fabricação de bancos e estofados para veículos automotores,C,29,294,2949,palavra-chave,85,2026-07-28 11:54:10
estofados,2949201,Fabricação de bancos e estofados para veículos automotores,C,29,294,2949,palavra-chave,85,2026-07-28 11:54:10
veículos,2949201,Fabricação de bancos e estofados para veículos automotores,C,29,294,2949,palavra-chave,85,2026-07-28 11:54:10
automotores,2949201,Fabricação de bancos e estofados para veículos automotores,C,29,294,2949,palavra-chave,85,2026-07-28 11:54:10
produção,2949201,Fabricação de bancos e estofados para veículos automotores,C,29,294,2949,sinônimo,70,2026-07-28 11:54:10
manufatura,2949201,Fabricação de bancos e estofados para veículos automotores,C,29,294,2949,sinônimo,70,2026-07-28 11:54:10
Fabricação de outras peças e acessórios para veículos automotores não especificados anteriormente,2949299,Fabricação de outras peças e acessórios para veículos automotores não especificados anteriormente,C,29,294,2949,descricao-oficial,100,2026-07-28 11:54:10
fabricação,2949299,Fabricação de outras peças e acessórios para veículos automotores não especificados anteriormente,C,29,294,2949,palavra-chave,85,2026-07-28 11:54:10
outras,2949299,Fabricação de outras peças e acessórios para veículos automotores não especificados anteriormente,C,29,294,2949,palavra-chave,85,2026-07-28 11:54:10
peças,2949299,Fabricação de outras peças e acessórios para veículos automotores não especificados anteriormente,C,29,294,2949,palavra-chave,85,2026-07-28 11:54:10
acessórios,2949299,Fabricação de outras peças e acessórios para veículos automotores não especificados anteriormente,C,29,294,2949,palavra-chave,85,2026-07-28 11:54:10
veículos,2949299,Fabricação de outras peças e acessórios para veículos automotores não especificados anteriormente,C,29,294,2949,palavra-chave,85,2026-07-28 11:54:10
produção,2949299,Fabricação de outras peças e acessórios para veículos automotores não especificados anteriormente,C,29,294,2949,sinônimo,70,2026-07-28 11:54:10
manufatura,2949299,Fabricação de outras peças e acessórios para veículos automotores não especificados anteriormente,C,29,294,2949,sinônimo,70,2026-07-28 11:54:10
"Fabricação de turbinas, motores e outros componentes e peças para aeronaves",3042301,"Fabricação de turbinas, motores e outros componentes e peças para aeronaves",C,30,304,3042,descricao-oficial,100,2026-07-28 11:54:10
fabricação,3042301,"Fabricação de turbinas, motores e outros componentes e peças para aeronaves",C,30,304,3042,palavra-chave,85,2026-07-28 11:54:10
"turbinas,",3042301,"Fabricação de turbinas, motores e outros componentes e peças para aeronaves",C,30,304,3042,palavra-chave,85,2026-07-28 11:54:10
motores,3042301,"Fabricação de turbinas, motores e outros componentes e peças para aeronaves",C,30,304,3042,palavra-chave,85,2026-07-28 11:54:10
componentes,3042301,"Fabricação de turbinas, motores e outros componentes e peças para aeronaves",C,30,304,3042,palavra-chave,85,2026-07-28 11:54:10
peças,3042301,"Fabricação de turbinas, motores e outros componentes e peças para aeronaves",C,30,304,3042,palavra-chave,85,2026-07-28 11:54:10
produção,3042301,"Fabricação de turbinas, motores e outros componentes e peças para aeronaves",C,30,304,3042,sinônimo,70,2026-07-28 11:54:10
manufatura,3042301,"Fabricação de turbinas, motores e outros componentes e peças para aeronaves",C,30,304,3042,sinônimo,70,2026-07-28 11:54:10
"Fabricação de equipamentos e instrumentos aeronáuticos, peças e acessórios",3042302,"Fabricação de equipamentos e instrumentos aeronáuticos, peças e acessórios",C,30,304,3042,descricao-oficial,100,2026-07-28 11:54:10
fabricação,3042302,"Fabricação de equipamentos e instrumentos aeronáuticos, peças e acessórios",C,30,304,3042,palavra-chave,85,2026-07-28 11:54:10
equipamentos,3042302,"Fabricação de equipamentos e instrumentos aeronáuticos, peças e acessórios",C,30,304,3042,palavra-chave,85,2026-07-28 11:54:10
instrumentos,3042302,"Fabricação de equipamentos e instrumentos aeronáuticos, peças e acessórios",C,30,304,3042,palavra-chave,85,2026-07-28 11:54:10
"aeronáuticos,",3042302,"Fabricação de equipamentos e instrumentos aeronáuticos, peças e acessórios",C,30,304,3042,palavra-chave,85,2026-07-28 11:54:10
peças,3042302,"Fabricação de equipamentos e instrumentos aeronáuticos, peças e acessórios",C,30,304,3042,palavra-chave,85,2026-07-28 11:54:10
produção,3042302,"Fabricação de equipamentos e instrumentos aeronáuticos, peças e acessórios",C,30,304,3042,sinônimo,70,2026-07-28 11:54:10
manufatura,3042302,"Fabricação de equipamentos e instrumentos aeronáuticos, peças e acessórios",C,30,304,3042,sinônimo,70,2026-07-28 11:54:10
Manutenção de aeronaves na fábrica,3042303,Manutenção de aeronaves na fábrica,C,30,304,3042,descricao-oficial,100,2026-07-28 11:54:10
manutenção,3042303,Manutenção de aeronaves na fábrica,C,30,304,3042,palavra-chave,85,2026-07-28 11:54:10
aeronaves,3042303,Manutenção de aeronaves na fábrica,C,30,304,3042,palavra-chave,85,2026-07-28 11:54:10
fábrica,3042303,Manutenção de aeronaves na fábrica,C,30,304,3042,palavra-chave,85,2026-07-28 11:54:10
Fabricação de móveis com predominância de metal - exceto cadeiras e mesas,3102101,Fabricação de móveis com predominância de metal - exceto cadeiras e mesas,C,31,310,3102,descricao-oficial,100,2026-07-28 11:54:10
fabricação,3102101,Fabricação de móveis com predominância de metal - exceto cadeiras e mesas,C,31,310,3102,palavra-chave,85,2026-07-28 11:54:10
móveis,3102101,Fabricação de móveis com predominância de metal - exceto cadeiras e mesas,C,31,310,3102,palavra-chave,85,2026-07-28 11:54:10
predominância,3102101,Fabricação de móveis com predominância de metal - exceto cadeiras e mesas,C,31,310,3102,palavra-chave,85,2026-07-28 11:54:10
metal,3102101,Fabricação de móveis com predominância de metal - exceto cadeiras e mesas,C,31,310,3102,palavra-chave,85,2026-07-28 11:54:10
cadeiras,3102101,Fabricação de móveis com predominância de metal - exceto cadeiras e mesas,C,31,310,3102,palavra-chave,85,2026-07-28 11:54:10
produção,3102101,Fabricação de móveis com predominância de metal - exceto cadeiras e mesas,C,31,310,3102,sinônimo,70,2026-07-28 11:54:10
manufatura,3102101,Fabricação de móveis com predominância de metal - exceto cadeiras e mesas,C,31,310,3102,sinônimo,70,2026-07-28 11:54:10
Fabricação de cadeiras e mesas - exceto cadeiras para veículos,3102102,Fabricação de cadeiras e mesas - exceto cadeiras para veículos,C,31,310,3102,descricao-oficial,100,2026-07-28 11:54:10
fabricação,3102102,Fabricação de cadeiras e mesas - exceto cadeiras para veículos,C,31,310,3102,palavra-chave,85,2026-07-28 11:54:10
cadeiras,3102102,Fabricação de cadeiras e mesas - exceto cadeiras para veículos,C,31,310,3102,palavra-chave,85,2026-07-28 11:54:10
mesas,3102102,Fabricação de cadeiras e mesas - exceto cadeiras para veículos,C,31,310,3102,palavra-chave,85,2026-07-28 11:54:10
cadeiras,3102102,Fabricação de cadeiras e mesas - exceto cadeiras para veículos,C,31,310,3102,palavra-chave,85,2026-07-28 11:54:10
veículos,3102102,Fabricação de cadeiras e mesas - exceto cadeiras para veículos,C,31,310,3102,palavra-chave,85,2026-07-28 11:54:10
produção,3102102,Fabricação de cadeiras e mesas - exceto cadeiras para veículos,C,31,310,3102,sinônimo,70,2026-07-28 11:54:10
manufatura,3102102,Fabricação de cadeiras e mesas - exceto cadeiras para veículos,C,31,310,3102,sinônimo,70,2026-07-28 11:54:10
"Fabricação de móveis de outros materiais, exceto madeira e metal - exceto cadeiras e mesas",3103901,"Fabricação de móveis de outros materiais, exceto madeira e metal - exceto cadeiras e mesas",C,31,310,3103,descricao-oficial,100,2026-07-28 11:54:10
fabricação,3103901,"Fabricação de móveis de outros materiais, exceto madeira e metal - exceto cadeiras e mesas",C,31,310,3103,palavra-chave,85,2026-07-28 11:54:10
móveis,3103901,"Fabricação de móveis de outros materiais, exceto madeira e metal - exceto cadeiras e mesas",C,31,310,3103,palavra-chave,85,2026-07-28 11:54:10
"materiais,",3103901,"Fabricação de móveis de outros materiais, exceto madeira e metal - exceto cadeiras e mesas",C,31,310,3103,palavra-chave,85,2026-07-28 11:54:10
madeira,3103901,"Fabricação de móveis de outros materiais, exceto madeira e metal - exceto cadeiras e mesas",C,31,310,3103,palavra-chave,85,2026-07-28 11:54:10
metal,3103901,"Fabricação de móveis de outros materiais, exceto madeira e metal - exceto cadeiras e mesas",C,31,310,3103,palavra-chave,85,2026-07-28 11:54:10
produção,3103901,"Fabricação de móveis de outros materiais, exceto madeira e metal - exceto cadeiras e mesas",C,31,310,3103,sinônimo,70,2026-07-28 11:54:10
manufatura,3103901,"Fabricação de móveis de outros materiais, exceto madeira e metal - exceto cadeiras e mesas",C,31,310,3103,sinônimo,70,2026-07-28 11:54:10
"Fabricação de cadeiras e mesas de outros materiais, exceto madeira e metal",3103902,"Fabricação de cadeiras e mesas de outros materiais, exceto madeira e metal",C,31,310,3103,descricao-oficial,100,2026-07-28 11:54:10
fabricação,3103902,"Fabricação de cadeiras e mesas de outros materiais, exceto madeira e metal",C,31,310,3103,palavra-chave,85,2026-07-28 11:54:10
cadeiras,3103902,"Fabricação de cadeiras e mesas de outros materiais, exceto madeira e metal",C,31,310,3103,palavra-chave,85,2026-07-28 11:54:10
mesas,3103902,"Fabricação de cadeiras e mesas de outros materiais, exceto madeira e metal",C,31,310,3103,palavra-chave,85,2026-07-28 11:54:10
"materiais,",3103902,"Fabricação de cadeiras e mesas de outros materiais, exceto madeira e metal",C,31,310,3103,palavra-chave,85,2026-07-28 11:54:10
madeira,3103902,"Fabricação de cadeiras e mesas de outros materiais, exceto madeira e metal",C,31,310,3103,palavra-chave,85,2026-07-28 11:54:10
produção,3103902,"Fabricação de cadeiras e mesas de outros materiais, exceto madeira e metal",C,31,310,3103,sinônimo,70,2026-07-28 11:54:10
manufatura,3103902,"Fabricação de cadeiras e mesas de outros materiais, exceto madeira e metal",C,31,310,3103,sinônimo,70,2026-07-28 11:54:10
"Manutenção e reparação de tanques, reservatórios metálicos e caldeiras para aquecimento central",3311201,"Manutenção e reparação de tanques, reservatórios metálicos e caldeiras para aquecimento central",C,33,331,3311,descricao-oficial,100,2026-07-28 11:54:10
manutenção,3311201,"Manutenção e reparação de tanques, reservatórios metálicos e caldeiras para aquecimento central",C,33,331,3311,palavra-chave,85,2026-07-28 11:54:10
reparação,3311201,"Manutenção e reparação de tanques, reservatórios metálicos e caldeiras para aquecimento central",C,33,331,3311,palavra-chave,85,2026-07-28 11:54:10
"tanques,",3311201,"Manutenção e reparação de tanques, reservatórios metálicos e caldeiras para aquecimento central",C,33,331,3311,palavra-chave,85,2026-07-28 11:54:10
reservatórios,3311201,"Manutenção e reparação de tanques, reservatórios metálicos e caldeiras para aquecimento central",C,33,331,3311,palavra-chave,85,2026-07-28 11:54:10
metálicos,3311201,"Manutenção e reparação de tanques, reservatórios metálicos e caldeiras para aquecimento central",C,33,331,3311,palavra-chave,85,2026-07-28 11:54:10
"Manutenção e reparação de tanques, reservatórios metálicos e caldeiras para aquecimento central - exceto para veículos",3311202,"Manutenção e reparação de tanques, reservatórios metálicos e caldeiras para aquecimento central - exceto para veículos",C,33,331,3311,descricao-oficial,100,2026-07-28 11:54:10
manutenção,3311202,"Manutenção e reparação de tanques, reservatórios metálicos e caldeiras para aquecimento central - exceto para veículos",C,33,331,3311,palavra-chave,85,2026-07-28 11:54:10
reparação,3311202,"Manutenção e reparação de tanques, reservatórios metálicos e caldeiras para aquecimento central - exceto para veículos",C,33,331,3311,palavra-chave,85,2026-07-28 11:54:10
"tanques,",3311202,"Manutenção e reparação de tanques, reservatórios metálicos e caldeiras para aquecimento central - exceto para veículos",C,33,331,3311,palavra-chave,85,2026-07-28 11:54:10
reservatórios,3311202,"Manutenção e reparação de tanques, reservatórios metálicos e caldeiras para aquecimento central - exceto para veículos",C,33,331,3311,palavra-chave,85,2026-07-28 11:54:10
metálicos,3311202,"Manutenção e reparação de tanques, reservatórios metálicos e caldeiras para aquecimento central - exceto para veículos",C,33,331,3311,palavra-chave,85,2026-07-28 11:54:10
Produção de vapor,3530101,Produção de vapor,D,35,353,3530,descricao-oficial,100,2026-07-28 11:54:10
produção,3530101,Produção de vapor,D,35,353,3530,palavra-chave,85,2026-07-28 11:54:10
vapor,3530101,Produção de vapor,D,35,353,3530,palavra-chave,85,2026-07-28 11:54:10
Produção de água quente,3530102,Produção de água quente,D,35,353,3530,descricao-oficial,100,2026-07-28 11:54:10
produção,3530102,Produção de água quente,D,35,353,3530,palavra-chave,85,2026-07-28 11:54:10
água,3530102,Produção de água quente,D,35,353,3530,palavra-chave,85,2026-07-28 11:54:10
quente,3530102,Produção de água quente,D,35,353,3530,palavra-chave,85,2026-07-28 11:54:10
Produção de ar condicionado,3530103,Produção de ar condicionado,D,35,353,3530,descricao-oficial,100,2026-07-28 11:54:10
produção,3530103,Produção de ar condicionado,D,35,353,3530,palavra-chave,85,2026-07-28 11:54:10
condicionado,3530103,Produção de ar condicionado,D,35,353,3530,palavra-chave,85,2026-07-28 11:54:10
"Distribuição de vapor, água quente e ar condicionado",3530104,"Distribuição de vapor, água quente e ar condicionado",D,35,353,3530,descricao-oficial,100,2026-07-28 11:54:10
distribuição,3530104,"Distribuição de vapor, água quente e ar condicionado",D,35,353,3530,palavra-chave,85,2026-07-28 11:54:10
"vapor,",3530104,"Distribuição de vapor, água quente e ar condicionado",D,35,353,3530,palavra-chave,85,2026-07-28 11:54:10
água,3530104,"Distribuição de vapor, água quente e ar condicionado",D,35,353,3530,palavra-chave,85,2026-07-28 11:54:10
quente,3530104,"Distribuição de vapor, água quente e ar condicionado",D,35,353,3530,palavra-chave,85,2026-07-28 11:54:10
condicionado,3530104,"Distribuição de vapor, água quente e ar condicionado",D,35,353,3530,palavra-chave,85,2026-07-28 11:54:10
Distribuição de água por caminhões,3600602,Distribuição de água por caminhões,E,36,360,3600,descricao-oficial,100,2026-07-28 11:54:10
distribuição,3600602,Distribuição de água por caminhões,E,36,360,3600,palavra-chave,85,2026-07-28 11:54:10
água,3600602,Distribuição de água por caminhões,E,36,360,3600,palavra-chave,85,2026-07-28 11:54:10
caminhões,3600602,Distribuição de água por caminhões,E,36,360,3600,palavra-chave,85,2026-07-28 11:54:10
Captação e tratamento de água para abastecimento de estabelecimentos,3600603,Captação e tratamento de água para abastecimento de estabelecimentos,E,36,360,3600,descricao-oficial,100,2026-07-28 11:54:10
captação,3600603,Captação e tratamento de água para abastecimento de estabelecimentos,E,36,360,3600,palavra-chave,85,2026-07-28 11:54:10
tratamento,3600603,Captação e tratamento de água para abastecimento de estabelecimentos,E,36,360,3600,palavra-chave,85,2026-07-28 11:54:10
água,3600603,Captação e tratamento de água para abastecimento de estabelecimentos,E,36,360,3600,palavra-chave,85,2026-07-28 11:54:10
abastecimento,3600603,Captação e tratamento de água para abastecimento de estabelecimentos,E,36,360,3600,palavra-chave,85,2026-07-28 11:54:10
estabelecimentos,3600603,Captação e tratamento de água para abastecimento de estabelecimentos,E,36,360,3600,palavra-chave,85,2026-07-28 11:54:10
Gestão de redes de esgoto industriais,3701102,Gestão de redes de esgoto industriais,E,37,370,3701,descricao-oficial,100,2026-07-28 11:54:10
gestão,3701102,Gestão de redes de esgoto industriais,E,37,370,3701,palavra-chave,85,2026-07-28 11:54:10
redes,3701102,Gestão de redes de esgoto industriais,E,37,370,3701,palavra-chave,85,2026-07-28 11:54:10
esgoto,3701102,Gestão de redes de esgoto industriais,E,37,370,3701,palavra-chave,85,2026-07-28 11:54:10
industriais,3701102,Gestão de redes de esgoto industriais,E,37,370,3701,palavra-chave,85,2026-07-28 11:54:10
Tratamento e disposição de resíduos não-perigosos,3821201,Tratamento e disposição de resíduos não-perigosos,E,38,382,3821,descricao-oficial,100,2026-07-28 11:54:10
tratamento,3821201,Tratamento e disposição de resíduos não-perigosos,E,38,382,3821,palavra-chave,85,2026-07-28 11:54:10
disposição,3821201,Tratamento e disposição de resíduos não-perigosos,E,38,382,3821,palavra-chave,85,2026-07-28 11:54:10
resíduos,3821201,Tratamento e disposição de resíduos não-perigosos,E,38,382,3821,palavra-chave,85,2026-07-28 11:54:10
não-perigosos,3821201,Tratamento e disposição de resíduos não-perigosos,E,38,382,3821,palavra-chave,85,2026-07-28 11:54:10
Tratamento e disposição de resíduos não-perigosos - incineração,3821202,Tratamento e disposição de resíduos não-perigosos - incineração,E,38,382,3821,descricao-oficial,100,2026-07-28 11:54:10
tratamento,3821202,Tratamento e disposição de resíduos não-perigosos - incineração,E,38,382,3821,palavra-chave,85,2026-07-28 11:54:10
disposição,3821202,Tratamento e disposição de resíduos não-perigosos - incineração,E,38,382,3821,palavra-chave,85,2026-07-28 11:54:10
resíduos,3821202,Tratamento e disposição de resíduos não-perigosos - incineração,E,38,382,3821,palavra-chave,85,2026-07-28 11:54:10
não-perigosos,3821202,Tratamento e disposição de resíduos não-perigosos - incineração,E,38,382,3821,palavra-chave,85,2026-07-28 11:54:10
incineração,3821202,Tratamento e disposição de resíduos não-perigosos - incineração,E,38,382,3821,palavra-chave,85,2026-07-28 11:54:10
Incorporação de empreendimentos imobiliários - incorporação de edificações,4110701,Incorporação de empreendimentos imobiliários - incorporação de edificações,F,41,411,4110,descricao-oficial,100,2026-07-28 11:54:10
incorporação,4110701,Incorporação de empreendimentos imobiliários - incorporação de edificações,F,41,411,4110,palavra-chave,85,2026-07-28 11:54:10
empreendimentos,4110701,Incorporação de empreendimentos imobiliários - incorporação de edificações,F,41,411,4110,palavra-chave,85,2026-07-28 11:54:10
imobiliários,4110701,Incorporação de empreendimentos imobiliários - incorporação de edificações,F,41,411,4110,palavra-chave,85,2026-07-28 11:54:10
incorporação,4110701,Incorporação de empreendimentos imobiliários - incorporação de edificações,F,41,411,4110,palavra-chave,85,2026-07-28 11:54:10
edificações,4110701,Incorporação de empreendimentos imobiliários - incorporação de edificações,F,41,411,4110,palavra-chave,85,2026-07-28 11:54:10
Incorporação de empreendimentos imobiliários - incorporação de loteamentos,4110702,Incorporação de empreendimentos imobiliários - incorporação de loteamentos,F,41,411,4110,descricao-oficial,100,2026-07-28 11:54:10
incorporação,4110702,Incorporação de empreendimentos imobiliários - incorporação de loteamentos,F,41,411,4110,palavra-chave,85,2026-07-28 11:54:10
empreendimentos,4110702,Incorporação de empreendimentos imobiliários - incorporação de loteamentos,F,41,411,4110,palavra-chave,85,2026-07-28 11:54:10
imobiliários,4110702,Incorporação de empreendimentos imobiliários - incorporação de loteamentos,F,41,411,4110,palavra-chave,85,2026-07-28 11:54:10
incorporação,4110702,Incorporação de empreendimentos imobiliários - incorporação de loteamentos,F,41,411,4110,palavra-chave,85,2026-07-28 11:54:10
loteamentos,4110702,Incorporação de empreendimentos imobiliários - incorporação de loteamentos,F,41,411,4110,palavra-chave,85,2026-07-28 11:54:10
Incorporação de empreendimentos imobiliários - loteamento de terrenos,4110703,Incorporação de empreendimentos imobiliários - loteamento de terrenos,F,41,411,4110,descricao-oficial,100,2026-07-28 11:54:10
incorporação,4110703,Incorporação de empreendimentos imobiliários - loteamento de terrenos,F,41,411,4110,palavra-chave,85,2026-07-28 11:54:10
empreendimentos,4110703,Incorporação de empreendimentos imobiliários - loteamento de terrenos,F,41,411,4110,palavra-chave,85,2026-07-28 11:54:10
imobiliários,4110703,Incorporação de empreendimentos imobiliários - loteamento de terrenos,F,41,411,4110,palavra-chave,85,2026-07-28 11:54:10
loteamento,4110703,Incorporação de empreendimentos imobiliários - loteamento de terrenos,F,41,411,4110,palavra-chave,85,2026-07-28 11:54:10
terrenos,4110703,Incorporação de empreendimentos imobiliários - loteamento de terrenos,F,41,411,4110,palavra-chave,85,2026-07-28 11:54:10
Construção de edifícios não especificados anteriormente,4120499,Construção de edifícios não especificados anteriormente,F,41,412,4120,descricao-oficial,100,2026-07-28 11:54:10
construção,4120499,Construção de edifícios não especificados anteriormente,F,41,412,4120,palavra-chave,85,2026-07-28 11:54:10
edifícios,4120499,Construção de edifícios não especificados anteriormente,F,41,412,4120,palavra-chave,85,2026-07-28 11:54:10
especificados,4120499,Construção de edifícios não especificados anteriormente,F,41,412,4120,palavra-chave,85,2026-07-28 11:54:10
anteriormente,4120499,Construção de edifícios não especificados anteriormente,F,41,412,4120,palavra-chave,85,2026-07-28 11:54:10
edificação,4120499,Construção de edifícios não especificados anteriormente,F,41,412,4120,sinônimo,70,2026-07-28 11:54:10
obra,4120499,Construção de edifícios não especificados anteriormente,F,41,412,4120,sinônimo,70,2026-07-28 11:54:10
Demolição e preparação de canteiros de obras,4311800,Demolição e preparação de canteiros de obras,F,43,431,4311,descricao-oficial,100,2026-07-28 11:54:10
demolição,4311800,Demolição e preparação de canteiros de obras,F,43,431,4311,palavra-chave,85,2026-07-28 11:54:10
preparação,4311800,Demolição e preparação de canteiros de obras,F,43,431,4311,palavra-chave,85,2026-07-28 11:54:10
canteiros,4311800,Demolição e preparação de canteiros de obras,F,43,431,4311,palavra-chave,85,2026-07-28 11:54:10
obras,4311800,Demolição e preparação de canteiros de obras,F,43,431,4311,palavra-chave,85,2026-07-28 11:54:10
Instalação de revestimentos cerâmicos,4330406,Instalação de revestimentos cerâmicos,F,43,433,4330,descricao-oficial,100,2026-07-28 11:54:10
instalação,4330406,Instalação de revestimentos cerâmicos,F,43,433,4330,palavra-chave,85,2026-07-28 11:54:10
revestimentos,4330406,Instalação de revestimentos cerâmicos,F,43,433,4330,palavra-chave,85,2026-07-28 11:54:10
cerâmicos,4330406,Instalação de revestimentos cerâmicos,F,43,433,4330,palavra-chave,85,2026-07-28 11:54:10
Outras obras de acabamento da construção,4330499,Outras obras de acabamento da construção,F,43,433,4330,descricao-oficial,100,2026-07-28 11:54:10
outras,4330499,Outras obras de acabamento da construção,F,43,433,4330,palavra-chave,85,2026-07-28 11:54:10
obras,4330499,Outras obras de acabamento da construção,F,43,433,4330,palavra-chave,85,2026-07-28 11:54:10
acabamento,4330499,Outras obras de acabamento da construção,F,43,433,4330,palavra-chave,85,2026-07-28 11:54:10
construção,4330499,Outras obras de acabamento da construção,F,43,433,4330,palavra-chave,85,2026-07-28 11:54:10
Comércio por atacado de peças e acessórios novos para veículos automotores,4530701,Comércio por atacado de peças e acessórios novos para veículos automotores,G,45,453,4530,descricao-oficial,100,2026-07-28 11:54:10
comércio,4530701,Comércio por atacado de peças e acessórios novos para veículos automotores,G,45,453,4530,palavra-chave,85,2026-07-28 11:54:10
atacado,4530701,Comércio por atacado de peças e acessórios novos para veículos automotores,G,45,453,4530,palavra-chave,85,2026-07-28 11:54:10
peças,4530701,Comércio por atacado de peças e acessórios novos para veículos automotores,G,45,453,4530,palavra-chave,85,2026-07-28 11:54:10
acessórios,4530701,Comércio por atacado de peças e acessórios novos para veículos automotores,G,45,453,4530,palavra-chave,85,2026-07-28 11:54:10
novos,4530701,Comércio por atacado de peças e acessórios novos para veículos automotores,G,45,453,4530,palavra-chave,85,2026-07-28 11:54:10
venda,4530701,Comércio por atacado de peças e acessórios novos para veículos automotores,G,45,453,4530,sinônimo,70,2026-07-28 11:54:10
negócio,4530701,Comércio por atacado de peças e acessórios novos para veículos automotores,G,45,453,4530,sinônimo,70,2026-07-28 11:54:10
Comércio por atacado de pneumáticos e câmaras-de-ar,4530702,Comércio por atacado de pneumáticos e câmaras-de-ar,G,45,453,4530,descricao-oficial,100,2026-07-28 11:54:10
comércio,4530702,Comércio por atacado de pneumáticos e câmaras-de-ar,G,45,453,4530,palavra-chave,85,2026-07-28 11:54:10
atacado,4530702,Comércio por atacado de pneumáticos e câmaras-de-ar,G,45,453,4530,palavra-chave,85,2026-07-28 11:54:10
pneumáticos,4530702,Comércio por atacado de pneumáticos e câmaras-de-ar,G,45,453,4530,palavra-chave,85,2026-07-28 11:54:10
câmaras-de-ar,4530702,Comércio por atacado de pneumáticos e câmaras-de-ar,G,45,453,4530,palavra-chave,85,2026-07-28 11:54:10
venda,4530702,Comércio por atacado de pneumáticos e câmaras-de-ar,G,45,453,4530,sinônimo,70,2026-07-28 11:54:10
negócio,4530702,Comércio por atacado de pneumáticos e câmaras-de-ar,G,45,453,4530,sinônimo,70,2026-07-28 11:54:10
Comércio a varejo de peças e acessórios novos para veículos automotores,4530703,Comércio a varejo de peças e acessórios novos para veículos automotores,G,45,453,4530,descricao-oficial,100,2026-07-28 11:54:10
comércio,4530703,Comércio a varejo de peças e acessórios novos para veículos automotores,G,45,453,4530,palavra-chave,85,2026-07-28 11:54:10
varejo,4530703,Comércio a varejo de peças e acessórios novos para veículos automotores,G,45,453,4530,palavra-chave,85,2026-07-28 11:54:10
peças,4530703,Comércio a varejo de peças e acessórios novos para veículos automotores,G,45,453,4530,palavra-chave,85,2026-07-28 11:54:10
acessórios,4530703,Comércio a varejo de peças e acessórios novos para veículos automotores,G,45,453,4530,palavra-chave,85,2026-07-28 11:54:10
novos,4530703,Comércio a varejo de peças e acessórios novos para veículos automotores,G,45,453,4530,palavra-chave,85,2026-07-28 11:54:10
venda,4530703,Comércio a varejo de peças e acessórios novos para veículos automotores,G,45,453,4530,sinônimo,70,2026-07-28 11:54:10
negócio,4530703,Comércio a varejo de peças e acessórios novos para veículos automotores,G,45,453,4530,sinônimo,70,2026-07-28 11:54:10
Comércio a varejo de peças e acessórios usados para veículos automotores,4530704,Comércio a varejo de peças e acessórios usados para veículos automotores,G,45,453,4530,descricao-oficial,100,2026-07-28 11:54:10
comércio,4530704,Comércio a varejo de peças e acessórios usados para veículos automotores,G,45,453,4530,palavra-chave,85,2026-07-28 11:54:10
varejo,4530704,Comércio a varejo de peças e acessórios usados para veículos automotores,G,45,453,4530,palavra-chave,85,2026-07-28 11:54:10
peças,4530704,Comércio a varejo de peças e acessórios usados para veículos automotores,G,45,453,4530,palavra-chave,85,2026-07-28 11:54:10
acessórios,4530704,Comércio a varejo de peças e acessórios usados para veículos automotores,G,45,453,4530,palavra-chave,85,2026-07-28 11:54:10
usados,4530704,Comércio a varejo de peças e acessórios usados para veículos automotores,G,45,453,4530,palavra-chave,85,2026-07-28 11:54:10
venda,4530704,Comércio a varejo de peças e acessórios usados para veículos automotores,G,45,453,4530,sinônimo,70,2026-07-28 11:54:10
negócio,4530704,Comércio a varejo de peças e acessórios usados para veículos automotores,G,45,453,4530,sinônimo,70,2026-07-28 11:54:10
Comércio a varejo de pneumáticos e câmaras-de-ar,4530705,Comércio a varejo de pneumáticos e câmaras-de-ar,G,45,453,4530,descricao-oficial,100,2026-07-28 11:54:10
comércio,4530705,Comércio a varejo de pneumáticos e câmaras-de-ar,G,45,453,4530,palavra-chave,85,2026-07-28 11:54:10
varejo,4530705,Comércio a varejo de pneumáticos e câmaras-de-ar,G,45,453,4530,palavra-chave,85,2026-07-28 11:54:10
pneumáticos,4530705,Comércio a varejo de pneumáticos e câmaras-de-ar,G,45,453,4530,palavra-chave,85,2026-07-28 11:54:10
câmaras-de-ar,4530705,Comércio a varejo de pneumáticos e câmaras-de-ar,G,45,453,4530,palavra-chave,85,2026-07-28 11:54:10
venda,4530705,Comércio a varejo de pneumáticos e câmaras-de-ar,G,45,453,4530,sinônimo,70,2026-07-28 11:54:10
negócio,4530705,Comércio a varejo de pneumáticos e câmaras-de-ar,G,45,453,4530,sinônimo,70,2026-07-28 11:54:10
Representantes comerciais e agentes do comércio de peças e acessórios novos e usados para veículos automotores,4530706,Representantes comerciais e agentes do comércio de peças e acessórios novos e usados para veículos automotores,G,45,453,4530,descricao-oficial,100,2026-07-28 11:54:10
representantes,4530706,Representantes comerciais e agentes do comércio de peças e acessórios novos e usados para veículos automotores,G,45,453,4530,palavra-chave,85,2026-07-28 11:54:10
comerciais,4530706,Representantes comerciais e agentes do comércio de peças e acessórios novos e usados para veículos automotores,G,45,453,4530,palavra-chave,85,2026-07-28 11:54:10
agentes,4530706,Representantes comerciais e agentes do comércio de peças e acessórios novos e usados para veículos automotores,G,45,453,4530,palavra-chave,85,2026-07-28 11:54:10
comércio,4530706,Representantes comerciais e agentes do comércio de peças e acessórios novos e usados para veículos automotores,G,45,453,4530,palavra-chave,85,2026-07-28 11:54:10
peças,4530706,Representantes comerciais e agentes do comércio de peças e acessórios novos e usados para veículos automotores,G,45,453,4530,palavra-chave,85,2026-07-28 11:54:10
Comércio atacadista de leite e laticínios,4631100,Comércio atacadista de leite e laticínios,G,46,463,4631,descricao-oficial,100,2026-07-28 11:54:10
comércio,4631100,Comércio atacadista de leite e laticínios,G,46,463,4631,palavra-chave,85,2026-07-28 11:54:10
atacadista,4631100,Comércio atacadista de leite e laticínios,G,46,463,4631,palavra-chave,85,2026-07-28 11:54:10
leite,4631100,Comércio atacadista de leite e laticínios,G,46,463,4631,palavra-chave,85,2026-07-28 11:54:10
laticínios,4631100,Comércio atacadista de leite e laticínios,G,46,463,4631,palavra-chave,85,2026-07-28 11:54:10
venda,4631100,Comércio atacadista de leite e laticínios,G,46,463,4631,sinônimo,70,2026-07-28 11:54:10
negócio,4631100,Comércio atacadista de leite e laticínios,G,46,463,4631,sinônimo,70,2026-07-28 11:54:10
Comércio atacadista de cereais e leguminosas beneficiados,4632001,Comércio atacadista de cereais e leguminosas beneficiados,G,46,463,4632,descricao-oficial,100,2026-07-28 11:54:10
comércio,4632001,Comércio atacadista de cereais e leguminosas beneficiados,G,46,463,4632,palavra-chave,85,2026-07-28 11:54:10
atacadista,4632001,Comércio atacadista de cereais e leguminosas beneficiados,G,46,463,4632,palavra-chave,85,2026-07-28 11:54:10
cereais,4632001,Comércio atacadista de cereais e leguminosas beneficiados,G,46,463,4632,palavra-chave,85,2026-07-28 11:54:10
leguminosas,4632001,Comércio atacadista de cereais e leguminosas beneficiados,G,46,463,4632,palavra-chave,85,2026-07-28 11:54:10
beneficiados,4632001,Comércio atacadista de cereais e leguminosas beneficiados,G,46,463,4632,palavra-chave,85,2026-07-28 11:54:10
venda,4632001,Comércio atacadista de cereais e leguminosas beneficiados,G,46,463,4632,sinônimo,70,2026-07-28 11:54:10
negócio,4632001,Comércio atacadista de cereais e leguminosas beneficiados,G,46,463,4632,sinônimo,70,2026-07-28 11:54:10
"Comércio atacadista de farinhas, amidos e féculas",4632002,"Comércio atacadista de farinhas, amidos e féculas",G,46,463,4632,descricao-oficial,100,2026-07-28 11:54:10
comércio,4632002,"Comércio atacadista de farinhas, amidos e féculas",G,46,463,4632,palavra-chave,85,2026-07-28 11:54:10
atacadista,4632002,"Comércio atacadista de farinhas, amidos e féculas",G,46,463,4632,palavra-chave,85,2026-07-28 11:54:10
"farinhas,",4632002,"Comércio atacadista de farinhas, amidos e féculas",G,46,463,4632,palavra-chave,85,2026-07-28 11:54:10
amidos,4632002,"Comércio atacadista de farinhas, amidos e féculas",G,46,463,4632,palavra-chave,85,2026-07-28 11:54:10
féculas,4632002,"Comércio atacadista de farinhas, amidos e féculas",G,46,463,4632,palavra-chave,85,2026-07-28 11:54:10
venda,4632002,"Comércio atacadista de farinhas, amidos e féculas",G,46,463,4632,sinônimo,70,2026-07-28 11:54:10
negócio,4632002,"Comércio atacadista de farinhas, amidos e féculas",G,46,463,4632,sinônimo,70,2026-07-28 11:54:10
"Comércio atacadista de cereais e leguminosas beneficiados, farinhas, amidos e féculas, com atividade de fracionamento e acondicionamento associada",4632003,"Comércio atacadista de cereais e leguminosas beneficiados, farinhas, amidos e féculas, com atividade de fracionamento e acondicionamento associada",G,46,463,4632,descricao-oficial,100,2026-07-28 11:54:10
comércio,4632003,"Comércio atacadista de cereais e leguminosas beneficiados, farinhas, amidos e féculas, com atividade de fracionamento e acondicionamento associada",G,46,463,4632,palavra-chave,85,2026-07-28 11:54:10
atacadista,4632003,"Comércio atacadista de cereais e leguminosas beneficiados, farinhas, amidos e féculas, com atividade de fracionamento e acondicionamento associada",G,46,463,4632,palavra-chave,85,2026-07-28 11:54:10
cereais,4632003,"Comércio atacadista de cereais e leguminosas beneficiados, farinhas, amidos e féculas, com atividade de fracionamento e acondicionamento associada",G,46,463,4632,palavra-chave,85,2026-07-28 11:54:10
leguminosas,4632003,"Comércio atacadista de cereais e leguminosas beneficiados, farinhas, amidos e féculas, com atividade de fracionamento e acondicionamento associada",G,46,463,4632,palavra-chave,85,2026-07-28 11:54:10
"beneficiados,",4632003,"Comércio atacadista de cereais e leguminosas beneficiados, farinhas, amidos e féculas, com atividade de fracionamento e acondicionamento associada",G,46,463,4632,palavra-chave,85,2026-07-28 11:54:10
venda,4632003,"Comércio atacadista de cereais e leguminosas beneficiados, farinhas, amidos e féculas, com atividade de fracionamento e acondicionamento associada",G,46,463,4632,sinônimo,70,2026-07-28 11:54:10
negócio,4632003,"Comércio atacadista de cereais e leguminosas beneficiados, farinhas, amidos e féculas, com atividade de fracionamento e acondicionamento associada",G,46,463,4632,sinônimo,70,2026-07-28 11:54:10
"Comércio atacadista de frutas, verduras, raízes, tubérculos, hortaliças e legumes frescos",4633801,"Comércio atacadista de frutas, verduras, raízes, tubérculos, hortaliças e legumes frescos",G,46,463,4633,descricao-oficial,100,2026-07-28 11:54:10
comércio,4633801,"Comércio atacadista de frutas, verduras, raízes, tubérculos, hortaliças e legumes frescos",G,46,463,4633,palavra-chave,85,2026-07-28 11:54:10
atacadista,4633801,"Comércio atacadista de frutas, verduras, raízes, tubérculos, hortaliças e legumes frescos",G,46,463,4633,palavra-chave,85,2026-07-28 11:54:10
"frutas,",4633801,"Comércio atacadista de frutas, verduras, raízes, tubérculos, hortaliças e legumes frescos",G,46,463,4633,palavra-chave,85,2026-07-28 11:54:10
"verduras,",4633801,"Comércio atacadista de frutas, verduras, raízes, tubérculos, hortaliças e legumes frescos",G,46,463,4633,palavra-chave,85,2026-07-28 11:54:10
"raízes,",4633801,"Comércio atacadista de frutas, verduras, raízes, tubérculos, hortaliças e legumes frescos",G,46,463,4633,palavra-chave,85,2026-07-28 11:54:10
venda,4633801,"Comércio atacadista de frutas, verduras, raízes, tubérculos, hortaliças e legumes frescos",G,46,463,4633,sinônimo,70,2026-07-28 11:54:10
negócio,4633801,"Comércio atacadista de frutas, verduras, raízes, tubérculos, hortaliças e legumes frescos",G,46,463,4633,sinônimo,70,2026-07-28 11:54:10
Comércio atacadista de aves vivas e ovos,4633802,Comércio atacadista de aves vivas e ovos,G,46,463,4633,descricao-oficial,100,2026-07-28 11:54:10
comércio,4633802,Comércio atacadista de aves vivas e ovos,G,46,463,4633,palavra-chave,85,2026-07-28 11:54:10
atacadista,4633802,Comércio atacadista de aves vivas e ovos,G,46,463,4633,palavra-chave,85,2026-07-28 11:54:10
aves,4633802,Comércio atacadista de aves vivas e ovos,G,46,463,4633,palavra-chave,85,2026-07-28 11:54:10
vivas,4633802,Comércio atacadista de aves vivas e ovos,G,46,463,4633,palavra-chave,85,2026-07-28 11:54:10
ovos,4633802,Comércio atacadista de aves vivas e ovos,G,46,463,4633,palavra-chave,85,2026-07-28 11:54:10
venda,4633802,Comércio atacadista de aves vivas e ovos,G,46,463,4633,sinônimo,70,2026-07-28 11:54:10
negócio,4633802,Comércio atacadista de aves vivas e ovos,G,46,463,4633,sinônimo,70,2026-07-28 11:54:10
Comércio atacadista de coelhos e outros pequenos animais vivos para alimentação,4633803,Comércio atacadista de coelhos e outros pequenos animais vivos para alimentação,G,46,463,4633,descricao-oficial,100,2026-07-28 11:54:10
comércio,4633803,Comércio atacadista de coelhos e outros pequenos animais vivos para alimentação,G,46,463,4633,palavra-chave,85,2026-07-28 11:54:10
atacadista,4633803,Comércio atacadista de coelhos e outros pequenos animais vivos para alimentação,G,46,463,4633,palavra-chave,85,2026-07-28 11:54:10
coelhos,4633803,Comércio atacadista de coelhos e outros pequenos animais vivos para alimentação,G,46,463,4633,palavra-chave,85,2026-07-28 11:54:10
pequenos,4633803,Comércio atacadista de coelhos e outros pequenos animais vivos para alimentação,G,46,463,4633,palavra-chave,85,2026-07-28 11:54:10
animais,4633803,Comércio atacadista de coelhos e outros pequenos animais vivos para alimentação,G,46,463,4633,palavra-chave,85,2026-07-28 11:54:10
venda,4633803,Comércio atacadista de coelhos e outros pequenos animais vivos para alimentação,G,46,463,4633,sinônimo,70,2026-07-28 11:54:10
negócio,4633803,Comércio atacadista de coelhos e outros pequenos animais vivos para alimentação,G,46,463,4633,sinônimo,70,2026-07-28 11:54:10
Comércio atacadista de carnes bovinas e suínas e derivados,4634601,Comércio atacadista de carnes bovinas e suínas e derivados,G,46,463,4634,descricao-oficial,100,2026-07-28 11:54:10
comércio,4634601,Comércio atacadista de carnes bovinas e suínas e derivados,G,46,463,4634,palavra-chave,85,2026-07-28 11:54:10
atacadista,4634601,Comércio atacadista de carnes bovinas e suínas e derivados,G,46,463,4634,palavra-chave,85,2026-07-28 11:54:10
carnes,4634601,Comércio atacadista de carnes bovinas e suínas e derivados,G,46,463,4634,palavra-chave,85,2026-07-28 11:54:10
bovinas,4634601,Comércio atacadista de carnes bovinas e suínas e derivados,G,46,463,4634,palavra-chave,85,2026-07-28 11:54:10
suínas,4634601,Comércio atacadista de carnes bovinas e suínas e derivados,G,46,463,4634,palavra-chave,85,2026-07-28 11:54:10
venda,4634601,Comércio atacadista de carnes bovinas e suínas e derivados,G,46,463,4634,sinônimo,70,2026-07-28 11:54:10
negócio,4634601,Comércio atacadista de carnes bovinas e suínas e derivados,G,46,463,4634,sinônimo,70,2026-07-28 11:54:10
Comércio atacadista de aves abatidas e derivados,4634602,Comércio atacadista de aves abatidas e derivados,G,46,463,4634,descricao-oficial,100,2026-07-28 11:54:10
comércio,4634602,Comércio atacadista de aves abatidas e derivados,G,46,463,4634,palavra-chave,85,2026-07-28 11:54:10
atacadista,4634602,Comércio atacadista de aves abatidas e derivados,G,46,463,4634,palavra-chave,85,2026-07-28 11:54:10
aves,4634602,Comércio atacadista de aves abatidas e derivados,G,46,463,4634,palavra-chave,85,2026-07-28 11:54:10
abatidas,4634602,Comércio atacadista de aves abatidas e derivados,G,46,463,4634,palavra-chave,85,2026-07-28 11:54:10
derivados,4634602,Comércio atacadista de aves abatidas e derivados,G,46,463,4634,palavra-chave,85,2026-07-28 11:54:10
venda,4634602,Comércio atacadista de aves abatidas e derivados,G,46,463,4634,sinônimo,70,2026-07-28 11:54:10
negócio,4634602,Comércio atacadista de aves abatidas e derivados,G,46,463,4634,sinônimo,70,2026-07-28 11:54:10
Comércio atacadista de pescados e frutos do mar,4634603,Comércio atacadista de pescados e frutos do mar,G,46,463,4634,descricao-oficial,100,2026-07-28 11:54:10
comércio,4634603,Comércio atacadista de pescados e frutos do mar,G,46,463,4634,palavra-chave,85,2026-07-28 11:54:10
atacadista,4634603,Comércio atacadista de pescados e frutos do mar,G,46,463,4634,palavra-chave,85,2026-07-28 11:54:10
pescados,4634603,Comércio atacadista de pescados e frutos do mar,G,46,463,4634,palavra-chave,85,2026-07-28 11:54:10
frutos,4634603,Comércio atacadista de pescados e frutos do mar,G,46,463,4634,palavra-chave,85,2026-07-28 11:54:10
venda,4634603,Comércio atacadista de pescados e frutos do mar,G,46,463,4634,sinônimo,70,2026-07-28 11:54:10
negócio,4634603,Comércio atacadista de pescados e frutos do mar,G,46,463,4634,sinônimo,70,2026-07-28 11:54:10
Comércio atacadista de carnes e derivados de outros animais,4634699,Comércio atacadista de carnes e derivados de outros animais,G,46,463,4634,descricao-oficial,100,2026-07-28 11:54:10
comércio,4634699,Comércio atacadista de carnes e derivados de outros animais,G,46,463,4634,palavra-chave,85,2026-07-28 11:54:10
atacadista,4634699,Comércio atacadista de carnes e derivados de outros animais,G,46,463,4634,palavra-chave,85,2026-07-28 11:54:10
carnes,4634699,Comércio atacadista de carnes e derivados de outros animais,G,46,463,4634,palavra-chave,85,2026-07-28 11:54:10
derivados,4634699,Comércio atacadista de carnes e derivados de outros animais,G,46,463,4634,palavra-chave,85,2026-07-28 11:54:10
animais,4634699,Comércio atacadista de carnes e derivados de outros animais,G,46,463,4634,palavra-chave,85,2026-07-28 11:54:10
venda,4634699,Comércio atacadista de carnes e derivados de outros animais,G,46,463,4634,sinônimo,70,2026-07-28 11:54:10
negócio,4634699,Comércio atacadista de carnes e derivados de outros animais,G,46,463,4634,sinônimo,70,2026-07-28 11:54:10
Comércio atacadista de água mineral,4635401,Comércio atacadista de água mineral,G,46,463,4635,descricao-oficial,100,2026-07-28 11:54:10
comércio,4635401,Comércio atacadista de água mineral,G,46,463,4635,palavra-chave,85,2026-07-28 11:54:10
atacadista,4635401,Comércio atacadista de água mineral,G,46,463,4635,palavra-chave,85,2026-07-28 11:54:10
água,4635401,Comércio atacadista de água mineral,G,46,463,4635,palavra-chave,85,2026-07-28 11:54:10
mineral,4635401,Comércio atacadista de água mineral,G,46,463,4635,palavra-chave,85,2026-07-28 11:54:10
venda,4635401,Comércio atacadista de água mineral,G,46,463,4635,sinônimo,70,2026-07-28 11:54:10
negócio,4635401,Comércio atacadista de água mineral,G,46,463,4635,sinônimo,70,2026-07-28 11:54:10
"Comércio atacadista de cerveja, chope e refrigerante",4635402,"Comércio atacadista de cerveja, chope e refrigerante",G,46,463,4635,descricao-oficial,100,2026-07-28 11:54:10
comércio,4635402,"Comércio atacadista de cerveja, chope e refrigerante",G,46,463,4635,palavra-chave,85,2026-07-28 11:54:10
atacadista,4635402,"Comércio atacadista de cerveja, chope e refrigerante",G,46,463,4635,palavra-chave,85,2026-07-28 11:54:10
"cerveja,",4635402,"Comércio atacadista de cerveja, chope e refrigerante",G,46,463,4635,palavra-chave,85,2026-07-28 11:54:10
chope,4635402,"Comércio atacadista de cerveja, chope e refrigerante",G,46,463,4635,palavra-chave,85,2026-07-28 11:54:10
refrigerante,4635402,"Comércio atacadista de cerveja, chope e refrigerante",G,46,463,4635,palavra-chave,85,2026-07-28 11:54:10
venda,4635402,"Comércio atacadista de cerveja, chope e refrigerante",G,46,463,4635,sinônimo,70,2026-07-28 11:54:10
negócio,4635402,"Comércio atacadista de cerveja, chope e refrigerante",G,46,463,4635,sinônimo,70,2026-07-28 11:54:10
Comércio atacadista de bebidas com atividade de fracionamento e acondicionamento associada,4635403,Comércio atacadista de bebidas com atividade de fracionamento e acondicionamento associada,G,46,463,4635,descricao-oficial,100,2026-07-28 11:54:10
comércio,4635403,Comércio atacadista de bebidas com atividade de fracionamento e acondicionamento associada,G,46,463,4635,palavra-chave,85,2026-07-28 11:54:10
atacadista,4635403,Comércio atacadista de bebidas com atividade de fracionamento e acondicionamento associada,G,46,463,4635,palavra-chave,85,2026-07-28 11:54:10
bebidas,4635403,Comércio atacadista de bebidas com atividade de fracionamento e acondicionamento associada,G,46,463,4635,palavra-chave,85,2026-07-28 11:54:10
atividade,4635403,Comércio atacadista de bebidas com atividade de fracionamento e acondicionamento associada,G,46,463,4635,palavra-chave,85,2026-07-28 11:54:10
fracionamento,4635403,Comércio atacadista de bebidas com atividade de fracionamento e acondicionamento associada,G,46,463,4635,palavra-chave,85,2026-07-28 11:54:10
venda,4635403,Comércio atacadista de bebidas com atividade de fracionamento e acondicionamento associada,G,46,463,4635,sinônimo,70,2026-07-28 11:54:10
negócio,4635403,Comércio atacadista de bebidas com atividade de fracionamento e acondicionamento associada,G,46,463,4635,sinônimo,70,2026-07-28 11:54:10
Comércio atacadista de bebidas não especificadas anteriormente,4635499,Comércio atacadista de bebidas não especificadas anteriormente,G,46,463,4635,descricao-oficial,100,2026-07-28 11:54:10
comércio,4635499,Comércio atacadista de bebidas não especificadas anteriormente,G,46,463,4635,palavra-chave,85,2026-07-28 11:54:10
atacadista,4635499,Comércio atacadista de bebidas não especificadas anteriormente,G,46,463,4635,palavra-chave,85,2026-07-28 11:54:10
bebidas,4635499,Comércio atacadista de bebidas não especificadas anteriormente,G,46,463,4635,palavra-chave,85,2026-07-28 11:54:10
especificadas,4635499,Comércio atacadista de bebidas não especificadas anteriormente,G,46,463,4635,palavra-chave,85,2026-07-28 11:54:10
anteriormente,4635499,Comércio atacadista de bebidas não especificadas anteriormente,G,46,463,4635,palavra-chave,85,2026-07-28 11:54:10
venda,4635499,Comércio atacadista de bebidas não especificadas anteriormente,G,46,463,4635,sinônimo,70,2026-07-28 11:54:10
negócio,4635499,Comércio atacadista de bebidas não especificadas anteriormente,G,46,463,4635,sinônimo,70,2026-07-28 11:54:10
Comércio atacadista de fumo beneficiado,4636201,Comércio atacadista de fumo beneficiado,G,46,463,4636,descricao-oficial,100,2026-07-28 11:54:10
comércio,4636201,Comércio atacadista de fumo beneficiado,G,46,463,4636,palavra-chave,85,2026-07-28 11:54:10
atacadista,4636201,Comércio atacadista de fumo beneficiado,G,46,463,4636,palavra-chave,85,2026-07-28 11:54:10
fumo,4636201,Comércio atacadista de fumo beneficiado,G,46,463,4636,palavra-chave,85,2026-07-28 11:54:10
beneficiado,4636201,Comércio atacadista de fumo beneficiado,G,46,463,4636,palavra-chave,85,2026-07-28 11:54:10
venda,4636201,Comércio atacadista de fumo beneficiado,G,46,463,4636,sinônimo,70,2026-07-28 11:54:10
negócio,4636201,Comércio atacadista de fumo beneficiado,G,46,463,4636,sinônimo,70,2026-07-28 11:54:10
"Comércio atacadista de cigarros, cigarrilhas e charutos",4636202,"Comércio atacadista de cigarros, cigarrilhas e charutos",G,46,463,4636,descricao-oficial,100,2026-07-28 11:54:10
comércio,4636202,"Comércio atacadista de cigarros, cigarrilhas e charutos",G,46,463,4636,palavra-chave,85,2026-07-28 11:54:10
atacadista,4636202,"Comércio atacadista de cigarros, cigarrilhas e charutos",G,46,463,4636,palavra-chave,85,2026-07-28 11:54:10
"cigarros,",4636202,"Comércio atacadista de cigarros, cigarrilhas e charutos",G,46,463,4636,palavra-chave,85,2026-07-28 11:54:10
cigarrilhas,4636202,"Comércio atacadista de cigarros, cigarrilhas e charutos",G,46,463,4636,palavra-chave,85,2026-07-28 11:54:10
charutos,4636202,"Comércio atacadista de cigarros, cigarrilhas e charutos",G,46,463,4636,palavra-chave,85,2026-07-28 11:54:10
venda,4636202,"Comércio atacadista de cigarros, cigarrilhas e charutos",G,46,463,4636,sinônimo,70,2026-07-28 11:54:10
negócio,4636202,"Comércio atacadista de cigarros, cigarrilhas e charutos",G,46,463,4636,sinônimo,70,2026-07-28 11:54:10
"Comércio atacadista de café torrado, moído e solúvel",4637101,"Comércio atacadista de café torrado, moído e solúvel",G,46,463,4637,descricao-oficial,100,2026-07-28 11:54:10
comércio,4637101,"Comércio atacadista de café torrado, moído e solúvel",G,46,463,4637,palavra-chave,85,2026-07-28 11:54:10
atacadista,4637101,"Comércio atacadista de café torrado, moído e solúvel",G,46,463,4637,palavra-chave,85,2026-07-28 11:54:10
café,4637101,"Comércio atacadista de café torrado, moído e solúvel",G,46,463,4637,palavra-chave,85,2026-07-28 11:54:10
"torrado,",4637101,"Comércio atacadista de café torrado, moído e solúvel",G,46,463,4637,palavra-chave,85,2026-07-28 11:54:10
moído,4637101,"Comércio atacadista de café torrado, moído e solúvel",G,46,463,4637,palavra-chave,85,2026-07-28 11:54:10
venda,4637101,"Comércio atacadista de café torrado, moído e solúvel",G,46,463,4637,sinônimo,70,2026-07-28 11:54:10
negócio,4637101,"Comércio atacadista de café torrado, moído e solúvel",G,46,463,4637,sinônimo,70,2026-07-28 11:54:10
Comércio atacadista de açúcar,4637102,Comércio atacadista de açúcar,G,46,463,4637,descricao-oficial,100,2026-07-28 11:54:10
comércio,4637102,Comércio atacadista de açúcar,G,46,463,4637,palavra-chave,85,2026-07-28 11:54:10
atacadista,4637102,Comércio atacadista de açúcar,G,46,463,4637,palavra-chave,85,2026-07-28 11:54:10
açúcar,4637102,Comércio atacadista de açúcar,G,46,463,4637,palavra-chave,85,2026-07-28 11:54:10
venda,4637102,Comércio atacadista de açúcar,G,46,463,4637,sinônimo,70,2026-07-28 11:54:10
negócio,4637102,Comércio atacadista de açúcar,G,46,463,4637,sinônimo,70,2026-07-28 11:54:10
Comércio atacadista de óleos e gorduras,4637103,Comércio atacadista de óleos e gorduras,G,46,463,4637,descricao-oficial,100,2026-07-28 11:54:10
comércio,4637103,Comércio atacadista de óleos e gorduras,G,46,463,4637,palavra-chave,85,2026-07-28 11:54:10
atacadista,4637103,Comércio atacadista de óleos e gorduras,G,46,463,4637,palavra-chave,85,2026-07-28 11:54:10
óleos,4637103,Comércio atacadista de óleos e gorduras,G,46,463,4637,palavra-chave,85,2026-07-28 11:54:10
gorduras,4637103,Comércio atacadista de óleos e gorduras,G,46,463,4637,palavra-chave,85,2026-07-28 11:54:10
venda,4637103,Comércio atacadista de óleos e gorduras,G,46,463,4637,sinônimo,70,2026-07-28 11:54:10
negócio,4637103,Comércio atacadista de óleos e gorduras,G,46,463,4637,sinônimo,70,2026-07-28 11:54:10
"Comércio atacadista de pães, bolos, biscoitos e similares",4637104,"Comércio atacadista de pães, bolos, biscoitos e similares",G,46,463,4637,descricao-oficial,100,2026-07-28 11:54:10
comércio,4637104,"Comércio atacadista de pães, bolos, biscoitos e similares",G,46,463,4637,palavra-chave,85,2026-07-28 11:54:10
atacadista,4637104,"Comércio atacadista de pães, bolos, biscoitos e similares",G,46,463,4637,palavra-chave,85,2026-07-28 11:54:10
"pães,",4637104,"Comércio atacadista de pães, bolos, biscoitos e similares",G,46,463,4637,palavra-chave,85,2026-07-28 11:54:10
"bolos,",4637104,"Comércio atacadista de pães, bolos, biscoitos e similares",G,46,463,4637,palavra-chave,85,2026-07-28 11:54:10
biscoitos,4637104,"Comércio atacadista de pães, bolos, biscoitos e similares",G,46,463,4637,palavra-chave,85,2026-07-28 11:54:10
venda,4637104,"Comércio atacadista de pães, bolos, biscoitos e similares",G,46,463,4637,sinônimo,70,2026-07-28 11:54:10
negócio,4637104,"Comércio atacadista de pães, bolos, biscoitos e similares",G,46,463,4637,sinônimo,70,2026-07-28 11:54:10
Comércio atacadista de massas alimentícias,4637105,Comércio atacadista de massas alimentícias,G,46,463,4637,descricao-oficial,100,2026-07-28 11:54:10
comércio,4637105,Comércio atacadista de massas alimentícias,G,46,463,4637,palavra-chave,85,2026-07-28 11:54:10
atacadista,4637105,Comércio atacadista de massas alimentícias,G,46,463,4637,palavra-chave,85,2026-07-28 11:54:10
massas,4637105,Comércio atacadista de massas alimentícias,G,46,463,4637,palavra-chave,85,2026-07-28 11:54:10
alimentícias,4637105,Comércio atacadista de massas alimentícias,G,46,463,4637,palavra-chave,85,2026-07-28 11:54:10
venda,4637105,Comércio atacadista de massas alimentícias,G,46,463,4637,sinônimo,70,2026-07-28 11:54:10
negócio,4637105,Comércio atacadista de massas alimentícias,G,46,463,4637,sinônimo,70,2026-07-28 11:54:10
Comércio atacadista de sorvetes,4637106,Comércio atacadista de sorvetes,G,46,463,4637,descricao-oficial,100,2026-07-28 11:54:10
comércio,4637106,Comércio atacadista de sorvetes,G,46,463,4637,palavra-chave,85,2026-07-28 11:54:10
atacadista,4637106,Comércio atacadista de sorvetes,G,46,463,4637,palavra-chave,85,2026-07-28 11:54:10
sorvetes,4637106,Comércio atacadista de sorvetes,G,46,463,4637,palavra-chave,85,2026-07-28 11:54:10
venda,4637106,Comércio atacadista de sorvetes,G,46,463,4637,sinônimo,70,2026-07-28 11:54:10
negócio,4637106,Comércio atacadista de sorvetes,G,46,463,4637,sinônimo,70,2026-07-28 11:54:10
"Comércio atacadista de chocolates, confeitos, balas, bombons e semelhantes",4637107,"Comércio atacadista de chocolates, confeitos, balas, bombons e semelhantes",G,46,463,4637,descricao-oficial,100,2026-07-28 11:54:10
comércio,4637107,"Comércio atacadista de chocolates, confeitos, balas, bombons e semelhantes",G,46,463,4637,palavra-chave,85,2026-07-28 11:54:10
atacadista,4637107,"Comércio atacadista de chocolates, confeitos, balas, bombons e semelhantes",G,46,463,4637,palavra-chave,85,2026-07-28 11:54:10
"chocolates,",4637107,"Comércio atacadista de chocolates, confeitos, balas, bombons e semelhantes",G,46,463,4637,palavra-chave,85,2026-07-28 11:54:10
"confeitos,",4637107,"Comércio atacadista de chocolates, confeitos, balas, bombons e semelhantes",G,46,463,4637,palavra-chave,85,2026-07-28 11:54:10
"balas,",4637107,"Comércio atacadista de chocolates, confeitos, balas, bombons e semelhantes",G,46,463,4637,palavra-chave,85,2026-07-28 11:54:10
venda,4637107,"Comércio atacadista de chocolates, confeitos, balas, bombons e semelhantes",G,46,463,4637,sinônimo,70,2026-07-28 11:54:10
negócio,4637107,"Comércio atacadista de chocolates, confeitos, balas, bombons e semelhantes",G,46,463,4637,sinônimo,70,2026-07-28 11:54:10
Comércio atacadista especializado em outros produtos alimentícios não especificados anteriormente,4637199,Comércio atacadista especializado em outros produtos alimentícios não especificados anteriormente,G,46,463,4637,descricao-oficial,100,2026-07-28 11:54:10
comércio,4637199,Comércio atacadista especializado em outros produtos alimentícios não especificados anteriormente,G,46,463,4637,palavra-chave,85,2026-07-28 11:54:10
atacadista,4637199,Comércio atacadista especializado em outros produtos alimentícios não especificados anteriormente,G,46,463,4637,palavra-chave,85,2026-07-28 11:54:10
especializado,4637199,Comércio atacadista especializado em outros produtos alimentícios não especificados anteriormente,G,46,463,4637,palavra-chave,85,2026-07-28 11:54:10
produtos,4637199,Comércio atacadista especializado em outros produtos alimentícios não especificados anteriormente,G,46,463,4637,palavra-chave,85,2026-07-28 11:54:10
alimentícios,4637199,Comércio atacadista especializado em outros produtos alimentícios não especificados anteriormente,G,46,463,4637,palavra-chave,85,2026-07-28 11:54:10
venda,4637199,Comércio atacadista especializado em outros produtos alimentícios não especificados anteriormente,G,46,463,4637,sinônimo,70,2026-07-28 11:54:10
negócio,4637199,Comércio atacadista especializado em outros produtos alimentícios não especificados anteriormente,G,46,463,4637,sinônimo,70,2026-07-28 11:54:10
Comércio atacadista de produtos alimentícios em geral,4639701,Comércio atacadista de produtos alimentícios em geral,G,46,463,4639,descricao-oficial,100,2026-07-28 11:54:10
comércio,4639701,Comércio atacadista de produtos alimentícios em geral,G,46,463,4639,palavra-chave,85,2026-07-28 11:54:10
atacadista,4639701,Comércio atacadista de produtos alimentícios em geral,G,46,463,4639,palavra-chave,85,2026-07-28 11:54:10
produtos,4639701,Comércio atacadista de produtos alimentícios em geral,G,46,463,4639,palavra-chave,85,2026-07-28 11:54:10
alimentícios,4639701,Comércio atacadista de produtos alimentícios em geral,G,46,463,4639,palavra-chave,85,2026-07-28 11:54:10
geral,4639701,Comércio atacadista de produtos alimentícios em geral,G,46,463,4639,palavra-chave,85,2026-07-28 11:54:10
venda,4639701,Comércio atacadista de produtos alimentícios em geral,G,46,463,4639,sinônimo,70,2026-07-28 11:54:10
negócio,4639701,Comércio atacadista de produtos alimentícios em geral,G,46,463,4639,sinônimo,70,2026-07-28 11:54:10
"Comércio atacadista de produtos alimentícios em geral, com atividade de fracionamento e acondicionamento associada",4639702,"Comércio atacadista de produtos alimentícios em geral, com atividade de fracionamento e acondicionamento associada",G,46,463,4639,descricao-oficial,100,2026-07-28 11:54:10
comércio,4639702,"Comércio atacadista de produtos alimentícios em geral, com atividade de fracionamento e acondicionamento associada",G,46,463,4639,palavra-chave,85,2026-07-28 11:54:10
atacadista,4639702,"Comércio atacadista de produtos alimentícios em geral, com atividade de fracionamento e acondicionamento associada",G,46,463,4639,palavra-chave,85,2026-07-28 11:54:10
produtos,4639702,"Comércio atacadista de produtos alimentícios em geral, com atividade de fracionamento e acondicionamento associada",G,46,463,4639,palavra-chave,85,2026-07-28 11:54:10
alimentícios,4639702,"Comércio atacadista de produtos alimentícios em geral, com atividade de fracionamento e acondicionamento associada",G,46,463,4639,palavra-chave,85,2026-07-28 11:54:10
"geral,",4639702,"Comércio atacadista de produtos alimentícios em geral, com atividade de fracionamento e acondicionamento associada",G,46,463,4639,palavra-chave,85,2026-07-28 11:54:10
venda,4639702,"Comércio atacadista de produtos alimentícios em geral, com atividade de fracionamento e acondicionamento associada",G,46,463,4639,sinônimo,70,2026-07-28 11:54:10
negócio,4639702,"Comércio atacadista de produtos alimentícios em geral, com atividade de fracionamento e acondicionamento associada",G,46,463,4639,sinônimo,70,2026-07-28 11:54:10
Comércio varejista de combustíveis para veículos automotores,4731800,Comércio varejista de combustíveis para veículos automotores,G,47,473,4731,descricao-oficial,100,2026-07-28 11:54:10
comércio,4731800,Comércio varejista de combustíveis para veículos automotores,G,47,473,4731,palavra-chave,85,2026-07-28 11:54:10
varejista,4731800,Comércio varejista de combustíveis para veículos automotores,G,47,473,4731,palavra-chave,85,2026-07-28 11:54:10
combustíveis,4731800,Comércio varejista de combustíveis para veículos automotores,G,47,473,4731,palavra-chave,85,2026-07-28 11:54:10
veículos,4731800,Comércio varejista de combustíveis para veículos automotores,G,47,473,4731,palavra-chave,85,2026-07-28 11:54:10
automotores,4731800,Comércio varejista de combustíveis para veículos automotores,G,47,473,4731,palavra-chave,85,2026-07-28 11:54:10
venda,4731800,Comércio varejista de combustíveis para veículos automotores,G,47,473,4731,sinônimo,70,2026-07-28 11:54:10
negócio,4731800,Comércio varejista de combustíveis para veículos automotores,G,47,473,4731,sinônimo,70,2026-07-28 11:54:10
Comércio varejista de lubrificantes,4732600,Comércio varejista de lubrificantes,G,47,473,4732,descricao-oficial,100,2026-07-28 11:54:10
comércio,4732600,Comércio varejista de lubrificantes,G,47,473,4732,palavra-chave,85,2026-07-28 11:54:10
varejista,4732600,Comércio varejista de lubrificantes,G,47,473,4732,palavra-chave,85,2026-07-28 11:54:10
lubrificantes,4732600,Comércio varejista de lubrificantes,G,47,473,4732,palavra-chave,85,2026-07-28 11:54:10
venda,4732600,Comércio varejista de lubrificantes,G,47,473,4732,sinônimo,70,2026-07-28 11:54:10
negócio,4732600,Comércio varejista de lubrificantes,G,47,473,4732,sinônimo,70,2026-07-28 11:54:10
Comércio varejista de tintas e materiais para pintura,4741500,Comércio varejista de tintas e materiais para pintura,G,47,474,4741,descricao-oficial,100,2026-07-28 11:54:10
comércio,4741500,Comércio varejista de tintas e materiais para pintura,G,47,474,4741,palavra-chave,85,2026-07-28 11:54:10
varejista,4741500,Comércio varejista de tintas e materiais para pintura,G,47,474,4741,palavra-chave,85,2026-07-28 11:54:10
tintas,4741500,Comércio varejista de tintas e materiais para pintura,G,47,474,4741,palavra-chave,85,2026-07-28 11:54:10
materiais,4741500,Comércio varejista de tintas e materiais para pintura,G,47,474,4741,palavra-chave,85,2026-07-28 11:54:10
pintura,4741500,Comércio varejista de tintas e materiais para pintura,G,47,474,4741,palavra-chave,85,2026-07-28 11:54:10
venda,4741500,Comércio varejista de tintas e materiais para pintura,G,47,474,4741,sinônimo,70,2026-07-28 11:54:10
negócio,4741500,Comércio varejista de tintas e materiais para pintura,G,47,474,4741,sinônimo,70,2026-07-28 11:54:10
Comércio varejista de material elétrico,4742300,Comércio varejista de material elétrico,G,47,474,4742,descricao-oficial,100,2026-07-28 11:54:10
comércio,4742300,Comércio varejista de material elétrico,G,47,474,4742,palavra-chave,85,2026-07-28 11:54:10
varejista,4742300,Comércio varejista de material elétrico,G,47,474,4742,palavra-chave,85,2026-07-28 11:54:10
material,4742300,Comércio varejista de material elétrico,G,47,474,4742,palavra-chave,85,2026-07-28 11:54:10
elétrico,4742300,Comércio varejista de material elétrico,G,47,474,4742,palavra-chave,85,2026-07-28 11:54:10
venda,4742300,Comércio varejista de material elétrico,G,47,474,4742,sinônimo,70,2026-07-28 11:54:10
negócio,4742300,Comércio varejista de material elétrico,G,47,474,4742,sinônimo,70,2026-07-28 11:54:10
Comércio varejista de vidros,4743100,Comércio varejista de vidros,G,47,474,4743,descricao-oficial,100,2026-07-28 11:54:10
comércio,4743100,Comércio varejista de vidros,G,47,474,4743,palavra-chave,85,2026-07-28 11:54:10
varejista,4743100,Comércio varejista de vidros,G,47,474,4743,palavra-chave,85,2026-07-28 11:54:10
vidros,4743100,Comércio varejista de vidros,G,47,474,4743,palavra-chave,85,2026-07-28 11:54:10
venda,4743100,Comércio varejista de vidros,G,47,474,4743,sinônimo,70,2026-07-28 11:54:10
negócio,4743100,Comércio varejista de vidros,G,47,474,4743,sinônimo,70,2026-07-28 11:54:10
Comércio varejista de ferragens e ferramentas,4744001,Comércio varejista de ferragens e ferramentas,G,47,474,4744,descricao-oficial,100,2026-07-28 11:54:10
comércio,4744001,Comércio varejista de ferragens e ferramentas,G,47,474,4744,palavra-chave,85,2026-07-28 11:54:10
varejista,4744001,Comércio varejista de ferragens e ferramentas,G,47,474,4744,palavra-chave,85,2026-07-28 11:54:10
ferragens,4744001,Comércio varejista de ferragens e ferramentas,G,47,474,4744,palavra-chave,85,2026-07-28 11:54:10
ferramentas,4744001,Comércio varejista de ferragens e ferramentas,G,47,474,4744,palavra-chave,85,2026-07-28 11:54:10
venda,4744001,Comércio varejista de ferragens e ferramentas,G,47,474,4744,sinônimo,70,2026-07-28 11:54:10
negócio,4744001,Comércio varejista de ferragens e ferramentas,G,47,474,4744,sinônimo,70,2026-07-28 11:54:10
Comércio varejista de madeira e artefatos,4744002,Comércio varejista de madeira e artefatos,G,47,474,4744,descricao-oficial,100,2026-07-28 11:54:10
comércio,4744002,Comércio varejista de madeira e artefatos,G,47,474,4744,palavra-chave,85,2026-07-28 11:54:10
varejista,4744002,Comércio varejista de madeira e artefatos,G,47,474,4744,palavra-chave,85,2026-07-28 11:54:10
madeira,4744002,Comércio varejista de madeira e artefatos,G,47,474,4744,palavra-chave,85,2026-07-28 11:54:10
artefatos,4744002,Comércio varejista de madeira e artefatos,G,47,474,4744,palavra-chave,85,2026-07-28 11:54:10
venda,4744002,Comércio varejista de madeira e artefatos,G,47,474,4744,sinônimo,70,2026-07-28 11:54:10
negócio,4744002,Comércio varejista de madeira e artefatos,G,47,474,4744,sinônimo,70,2026-07-28 11:54:10
Comércio varejista de materiais hidráulicos,4744003,Comércio varejista de materiais hidráulicos,G,47,474,4744,descricao-oficial,100,2026-07-28 11:54:10
comércio,4744003,Comércio varejista de materiais hidráulicos,G,47,474,4744,palavra-chave,85,2026-07-28 11:54:10
varejista,4744003,Comércio varejista de materiais hidráulicos,G,47,474,4744,palavra-chave,85,2026-07-28 11:54:10
materiais,4744003,Comércio varejista de materiais hidráulicos,G,47,474,4744,palavra-chave,85,2026-07-28 11:54:10
hidráulicos,4744003,Comércio varejista de materiais hidráulicos,G,47,474,4744,palavra-chave,85,2026-07-28 11:54:10
venda,4744003,Comércio varejista de materiais hidráulicos,G,47,474,4744,sinônimo,70,2026-07-28 11:54:10
negócio,4744003,Comércio varejista de materiais hidráulicos,G,47,474,4744,sinônimo,70,2026-07-28 11:54:10
"Comércio varejista de cal, areia, pedra britada, tijolos e telhas",4744004,"Comércio varejista de cal, areia, pedra britada, tijolos e telhas",G,47,474,4744,descricao-oficial,100,2026-07-28 11:54:10
comércio,4744004,"Comércio varejista de cal, areia, pedra britada, tijolos e telhas",G,47,474,4744,palavra-chave,85,2026-07-28 11:54:10
varejista,4744004,"Comércio varejista de cal, areia, pedra britada, tijolos e telhas",G,47,474,4744,palavra-chave,85,2026-07-28 11:54:10
"cal,",4744004,"Comércio varejista de cal, areia, pedra britada, tijolos e telhas",G,47,474,4744,palavra-chave,85,2026-07-28 11:54:10
"areia,",4744004,"Comércio varejista de cal, areia, pedra britada, tijolos e telhas",G,47,474,4744,palavra-chave,85,2026-07-28 11:54:10
pedra,4744004,"Comércio varejista de cal, areia, pedra britada, tijolos e telhas",G,47,474,4744,palavra-chave,85,2026-07-28 11:54:10
venda,4744004,"Comércio varejista de cal, areia, pedra britada, tijolos e telhas",G,47,474,4744,sinônimo,70,2026-07-28 11:54:10
negócio,4744004,"Comércio varejista de cal, areia, pedra britada, tijolos e telhas",G,47,474,4744,sinônimo,70,2026-07-28 11:54:10
Comércio varejista de materiais de construção não especificados anteriormente,4744005,Comércio varejista de materiais de construção não especificados anteriormente,G,47,474,4744,descricao-oficial,100,2026-07-28 11:54:10
comércio,4744005,Comércio varejista de materiais de construção não especificados anteriormente,G,47,474,4744,palavra-chave,85,2026-07-28 11:54:10
varejista,4744005,Comércio varejista de materiais de construção não especificados anteriormente,G,47,474,4744,palavra-chave,85,2026-07-28 11:54:10
materiais,4744005,Comércio varejista de materiais de construção não especificados anteriormente,G,47,474,4744,palavra-chave,85,2026-07-28 11:54:10
construção,4744005,Comércio varejista de materiais de construção não especificados anteriormente,G,47,474,4744,palavra-chave,85,2026-07-28 11:54:10
especificados,4744005,Comércio varejista de materiais de construção não especificados anteriormente,G,47,474,4744,palavra-chave,85,2026-07-28 11:54:10
venda,4744005,Comércio varejista de materiais de construção não especificados anteriormente,G,47,474,4744,sinônimo,70,2026-07-28 11:54:10
negócio,4744005,Comércio varejista de materiais de construção não especificados anteriormente,G,47,474,4744,sinônimo,70,2026-07-28 11:54:10
Comércio varejista de pedras para revestimento,4744006,Comércio varejista de pedras para revestimento,G,47,474,4744,descricao-oficial,100,2026-07-28 11:54:10
comércio,4744006,Comércio varejista de pedras para revestimento,G,47,474,4744,palavra-chave,85,2026-07-28 11:54:10
varejista,4744006,Comércio varejista de pedras para revestimento,G,47,474,4744,palavra-chave,85,2026-07-28 11:54:10
pedras,4744006,Comércio varejista de pedras para revestimento,G,47,474,4744,palavra-chave,85,2026-07-28 11:54:10
revestimento,4744006,Comércio varejista de pedras para revestimento,G,47,474,4744,palavra-chave,85,2026-07-28 11:54:10
venda,4744006,Comércio varejista de pedras para revestimento,G,47,474,4744,sinônimo,70,2026-07-28 11:54:10
negócio,4744006,Comércio varejista de pedras para revestimento,G,47,474,4744,sinônimo,70,2026-07-28 11:54:10
Comércio varejista de materiais de construção em geral,4744099,Comércio varejista de materiais de construção em geral,G,47,474,4744,descricao-oficial,100,2026-07-28 11:54:10
comércio,4744099,Comércio varejista de materiais de construção em geral,G,47,474,4744,palavra-chave,85,2026-07-28 11:54:10
varejista,4744099,Comércio varejista de materiais de construção em geral,G,47,474,4744,palavra-chave,85,2026-07-28 11:54:10
materiais,4744099,Comércio varejista de materiais de construção em geral,G,47,474,4744,palavra-chave,85,2026-07-28 11:54:10
construção,4744099,Comércio varejista de materiais de construção em geral,G,47,474,4744,palavra-chave,85,2026-07-28 11:54:10
geral,4744099,Comércio varejista de materiais de construção em geral,G,47,474,4744,palavra-chave,85,2026-07-28 11:54:10
venda,4744099,Comércio varejista de materiais de construção em geral,G,47,474,4744,sinônimo,70,2026-07-28 11:54:10
negócio,4744099,Comércio varejista de materiais de construção em geral,G,47,474,4744,sinônimo,70,2026-07-28 11:54:10
Comércio varejista especializado de equipamentos e suprimentos de informática,4751200,Comércio varejista especializado de equipamentos e suprimentos de informática,G,47,475,4751,descricao-oficial,100,2026-07-28 11:54:10
comércio,4751200,Comércio varejista especializado de equipamentos e suprimentos de informática,G,47,475,4751,palavra-chave,85,2026-07-28 11:54:10
varejista,4751200,Comércio varejista especializado de equipamentos e suprimentos de informática,G,47,475,4751,palavra-chave,85,2026-07-28 11:54:10
especializado,4751200,Comércio varejista especializado de equipamentos e suprimentos de informática,G,47,475,4751,palavra-chave,85,2026-07-28 11:54:10
equipamentos,4751200,Comércio varejista especializado de equipamentos e suprimentos de informática,G,47,475,4751,palavra-chave,85,2026-07-28 11:54:10
suprimentos,4751200,Comércio varejista especializado de equipamentos e suprimentos de informática,G,47,475,4751,palavra-chave,85,2026-07-28 11:54:10
venda,4751200,Comércio varejista especializado de equipamentos e suprimentos de informática,G,47,475,4751,sinônimo,70,2026-07-28 11:54:10
negócio,4751200,Comércio varejista especializado de equipamentos e suprimentos de informática,G,47,475,4751,sinônimo,70,2026-07-28 11:54:10
Comércio varejista especializado de equipamentos e suprimentos de informática,4751201,Comércio varejista especializado de equipamentos e suprimentos de informática,G,47,475,4751,descricao-oficial,100,2026-07-28 11:54:10
comércio,4751201,Comércio varejista especializado de equipamentos e suprimentos de informática,G,47,475,4751,palavra-chave,85,2026-07-28 11:54:10
varejista,4751201,Comércio varejista especializado de equipamentos e suprimentos de informática,G,47,475,4751,palavra-chave,85,2026-07-28 11:54:10
especializado,4751201,Comércio varejista especializado de equipamentos e suprimentos de informática,G,47,475,4751,palavra-chave,85,2026-07-28 11:54:10
equipamentos,4751201,Comércio varejista especializado de equipamentos e suprimentos de informática,G,47,475,4751,palavra-chave,85,2026-07-28 11:54:10
suprimentos,4751201,Comércio varejista especializado de equipamentos e suprimentos de informática,G,47,475,4751,palavra-chave,85,2026-07-28 11:54:10
venda,4751201,Comércio varejista especializado de equipamentos e suprimentos de informática,G,47,475,4751,sinônimo,70,2026-07-28 11:54:10
negócio,4751201,Comércio varejista especializado de equipamentos e suprimentos de informática,G,47,475,4751,sinônimo,70,2026-07-28 11:54:10
Recarga de cartuchos para equipamentos de informática,4751202,Recarga de cartuchos para equipamentos de informática,G,47,475,4751,descricao-oficial,100,2026-07-28 11:54:10
recarga,4751202,Recarga de cartuchos para equipamentos de informática,G,47,475,4751,palavra-chave,85,2026-07-28 11:54:10
cartuchos,4751202,Recarga de cartuchos para equipamentos de informática,G,47,475,4751,palavra-chave,85,2026-07-28 11:54:10
equipamentos,4751202,Recarga de cartuchos para equipamentos de informática,G,47,475,4751,palavra-chave,85,2026-07-28 11:54:10
informática,4751202,Recarga de cartuchos para equipamentos de informática,G,47,475,4751,palavra-chave,85,2026-07-28 11:54:10
Comércio varejista especializado de equipamentos de telefonia e comunicação,4752100,Comércio varejista especializado de equipamentos de telefonia e comunicação,G,47,475,4752,descricao-oficial,100,2026-07-28 11:54:10
comércio,4752100,Comércio varejista especializado de equipamentos de telefonia e comunicação,G,47,475,4752,palavra-chave,85,2026-07-28 11:54:10
varejista,4752100,Comércio varejista especializado de equipamentos de telefonia e comunicação,G,47,475,4752,palavra-chave,85,2026-07-28 11:54:10
especializado,4752100,Comércio varejista especializado de equipamentos de telefonia e comunicação,G,47,475,4752,palavra-chave,85,2026-07-28 11:54:10
equipamentos,4752100,Comércio varejista especializado de equipamentos de telefonia e comunicação,G,47,475,4752,palavra-chave,85,2026-07-28 11:54:10
telefonia,4752100,Comércio varejista especializado de equipamentos de telefonia e comunicação,G,47,475,4752,palavra-chave,85,2026-07-28 11:54:10
venda,4752100,Comércio varejista especializado de equipamentos de telefonia e comunicação,G,47,475,4752,sinônimo,70,2026-07-28 11:54:10
negócio,4752100,Comércio varejista especializado de equipamentos de telefonia e comunicação,G,47,475,4752,sinônimo,70,2026-07-28 11:54:10
Comércio varejista especializado de eletrodomésticos e equipamentos de áudio e vídeo,4753900,Comércio varejista especializado de eletrodomésticos e equipamentos de áudio e vídeo,G,47,475,4753,descricao-oficial,100,2026-07-28 11:54:10
comércio,4753900,Comércio varejista especializado de eletrodomésticos e equipamentos de áudio e vídeo,G,47,475,4753,palavra-chave,85,2026-07-28 11:54:10
varejista,4753900,Comércio varejista especializado de eletrodomésticos e equipamentos de áudio e vídeo,G,47,475,4753,palavra-chave,85,2026-07-28 11:54:10
especializado,4753900,Comércio varejista especializado de eletrodomésticos e equipamentos de áudio e vídeo,G,47,475,4753,palavra-chave,85,2026-07-28 11:54:10
eletrodomésticos,4753900,Comércio varejista especializado de eletrodomésticos e equipamentos de áudio e vídeo,G,47,475,4753,palavra-chave,85,2026-07-28 11:54:10
equipamentos,4753900,Comércio varejista especializado de eletrodomésticos e equipamentos de áudio e vídeo,G,47,475,4753,palavra-chave,85,2026-07-28 11:54:10
venda,4753900,Comércio varejista especializado de eletrodomésticos e equipamentos de áudio e vídeo,G,47,475,4753,sinônimo,70,2026-07-28 11:54:10
negócio,4753900,Comércio varejista especializado de eletrodomésticos e equipamentos de áudio e vídeo,G,47,475,4753,sinônimo,70,2026-07-28 11:54:10
Comércio varejista de móveis,4754701,Comércio varejista de móveis,G,47,475,4754,descricao-oficial,100,2026-07-28 11:54:10
comércio,4754701,Comércio varejista de móveis,G,47,475,4754,palavra-chave,85,2026-07-28 11:54:10
varejista,4754701,Comércio varejista de móveis,G,47,475,4754,palavra-chave,85,2026-07-28 11:54:10
móveis,4754701,Comércio varejista de móveis,G,47,475,4754,palavra-chave,85,2026-07-28 11:54:10
venda,4754701,Comércio varejista de móveis,G,47,475,4754,sinônimo,70,2026-07-28 11:54:10
negócio,4754701,Comércio varejista de móveis,G,47,475,4754,sinônimo,70,2026-07-28 11:54:10
Comércio varejista de artigos de colchoaria,4754702,Comércio varejista de artigos de colchoaria,G,47,475,4754,descricao-oficial,100,2026-07-28 11:54:10
comércio,4754702,Comércio varejista de artigos de colchoaria,G,47,475,4754,palavra-chave,85,2026-07-28 11:54:10
varejista,4754702,Comércio varejista de artigos de colchoaria,G,47,475,4754,palavra-chave,85,2026-07-28 11:54:10
artigos,4754702,Comércio varejista de artigos de colchoaria,G,47,475,4754,palavra-chave,85,2026-07-28 11:54:10
colchoaria,4754702,Comércio varejista de artigos de colchoaria,G,47,475,4754,palavra-chave,85,2026-07-28 11:54:10
venda,4754702,Comércio varejista de artigos de colchoaria,G,47,475,4754,sinônimo,70,2026-07-28 11:54:10
negócio,4754702,Comércio varejista de artigos de colchoaria,G,47,475,4754,sinônimo,70,2026-07-28 11:54:10
Comércio varejista de artigos de iluminação,4754703,Comércio varejista de artigos de iluminação,G,47,475,4754,descricao-oficial,100,2026-07-28 11:54:10
comércio,4754703,Comércio varejista de artigos de iluminação,G,47,475,4754,palavra-chave,85,2026-07-28 11:54:10
varejista,4754703,Comércio varejista de artigos de iluminação,G,47,475,4754,palavra-chave,85,2026-07-28 11:54:10
artigos,4754703,Comércio varejista de artigos de iluminação,G,47,475,4754,palavra-chave,85,2026-07-28 11:54:10
iluminação,4754703,Comércio varejista de artigos de iluminação,G,47,475,4754,palavra-chave,85,2026-07-28 11:54:10
venda,4754703,Comércio varejista de artigos de iluminação,G,47,475,4754,sinônimo,70,2026-07-28 11:54:10
negócio,4754703,Comércio varejista de artigos de iluminação,G,47,475,4754,sinônimo,70,2026-07-28 11:54:10
Comércio varejista de tecidos,4755501,Comércio varejista de tecidos,G,47,475,4755,descricao-oficial,100,2026-07-28 11:54:10
comércio,4755501,Comércio varejista de tecidos,G,47,475,4755,palavra-chave,85,2026-07-28 11:54:10
varejista,4755501,Comércio varejista de tecidos,G,47,475,4755,palavra-chave,85,2026-07-28 11:54:10
tecidos,4755501,Comércio varejista de tecidos,G,47,475,4755,palavra-chave,85,2026-07-28 11:54:10
venda,4755501,Comércio varejista de tecidos,G,47,475,4755,sinônimo,70,2026-07-28 11:54:10
negócio,4755501,Comércio varejista de tecidos,G,47,475,4755,sinônimo,70,2026-07-28 11:54:10
Comercio varejista de artigos de armarinho,4755502,Comercio varejista de artigos de armarinho,G,47,475,4755,descricao-oficial,100,2026-07-28 11:54:10
comercio,4755502,Comercio varejista de artigos de armarinho,G,47,475,4755,palavra-chave,85,2026-07-28 11:54:10
varejista,4755502,Comercio varejista de artigos de armarinho,G,47,475,4755,palavra-chave,85,2026-07-28 11:54:10
artigos,4755502,Comercio varejista de artigos de armarinho,G,47,475,4755,palavra-chave,85,2026-07-28 11:54:10
armarinho,4755502,Comercio varejista de artigos de armarinho,G,47,475,4755,palavra-chave,85,2026-07-28 11:54:10
Comercio varejista de artigos de costura,4755503,Comercio varejista de artigos de costura,G,47,475,4755,descricao-oficial,100,2026-07-28 11:54:10
comercio,4755503,Comercio varejista de artigos de costura,G,47,475,4755,palavra-chave,85,2026-07-28 11:54:10
varejista,4755503,Comercio varejista de artigos de costura,G,47,475,4755,palavra-chave,85,2026-07-28 11:54:10
artigos,4755503,Comercio varejista de artigos de costura,G,47,475,4755,palavra-chave,85,2026-07-28 11:54:10
costura,4755503,Comercio varejista de artigos de costura,G,47,475,4755,palavra-chave,85,2026-07-28 11:54:10
Comércio varejista especializado de instrumentos musicais e acessórios,4756300,Comércio varejista especializado de instrumentos musicais e acessórios,G,47,475,4756,descricao-oficial,100,2026-07-28 11:54:10
comércio,4756300,Comércio varejista especializado de instrumentos musicais e acessórios,G,47,475,4756,palavra-chave,85,2026-07-28 11:54:10
varejista,4756300,Comércio varejista especializado de instrumentos musicais e acessórios,G,47,475,4756,palavra-chave,85,2026-07-28 11:54:10
especializado,4756300,Comércio varejista especializado de instrumentos musicais e acessórios,G,47,475,4756,palavra-chave,85,2026-07-28 11:54:10
instrumentos,4756300,Comércio varejista especializado de instrumentos musicais e acessórios,G,47,475,4756,palavra-chave,85,2026-07-28 11:54:10
musicais,4756300,Comércio varejista especializado de instrumentos musicais e acessórios,G,47,475,4756,palavra-chave,85,2026-07-28 11:54:10
venda,4756300,Comércio varejista especializado de instrumentos musicais e acessórios,G,47,475,4756,sinônimo,70,2026-07-28 11:54:10
negócio,4756300,Comércio varejista especializado de instrumentos musicais e acessórios,G,47,475,4756,sinônimo,70,2026-07-28 11:54:10
"Comércio varejista especializado de peças e acessórios para aparelhos eletroeletrônicos para uso doméstico, exceto informática e comunicação",4757100,"Comércio varejista especializado de peças e acessórios para aparelhos eletroeletrônicos para uso doméstico, exceto informática e comunicação",G,47,475,4757,descricao-oficial,100,2026-07-28 11:54:10
comércio,4757100,"Comércio varejista especializado de peças e acessórios para aparelhos eletroeletrônicos para uso doméstico, exceto informática e comunicação",G,47,475,4757,palavra-chave,85,2026-07-28 11:54:10
varejista,4757100,"Comércio varejista especializado de peças e acessórios para aparelhos eletroeletrônicos para uso doméstico, exceto informática e comunicação",G,47,475,4757,palavra-chave,85,2026-07-28 11:54:10
especializado,4757100,"Comércio varejista especializado de peças e acessórios para aparelhos eletroeletrônicos para uso doméstico, exceto informática e comunicação",G,47,475,4757,palavra-chave,85,2026-07-28 11:54:10
peças,4757100,"Comércio varejista especializado de peças e acessórios para aparelhos eletroeletrônicos para uso doméstico, exceto informática e comunicação",G,47,475,4757,palavra-chave,85,2026-07-28 11:54:10
acessórios,4757100,"Comércio varejista especializado de peças e acessórios para aparelhos eletroeletrônicos para uso doméstico, exceto informática e comunicação",G,47,475,4757,palavra-chave,85,2026-07-28 11:54:10
venda,4757100,"Comércio varejista especializado de peças e acessórios para aparelhos eletroeletrônicos para uso doméstico, exceto informática e comunicação",G,47,475,4757,sinônimo,70,2026-07-28 11:54:10
negócio,4757100,"Comércio varejista especializado de peças e acessórios para aparelhos eletroeletrônicos para uso doméstico, exceto informática e comunicação",G,47,475,4757,sinônimo,70,2026-07-28 11:54:10
"Comércio varejista de artigos de tapeçaria, cortinas e persianas",4759801,"Comércio varejista de artigos de tapeçaria, cortinas e persianas",G,47,475,4759,descricao-oficial,100,2026-07-28 11:54:10
comércio,4759801,"Comércio varejista de artigos de tapeçaria, cortinas e persianas",G,47,475,4759,palavra-chave,85,2026-07-28 11:54:10
varejista,4759801,"Comércio varejista de artigos de tapeçaria, cortinas e persianas",G,47,475,4759,palavra-chave,85,2026-07-28 11:54:10
artigos,4759801,"Comércio varejista de artigos de tapeçaria, cortinas e persianas",G,47,475,4759,palavra-chave,85,2026-07-28 11:54:10
"tapeçaria,",4759801,"Comércio varejista de artigos de tapeçaria, cortinas e persianas",G,47,475,4759,palavra-chave,85,2026-07-28 11:54:10
cortinas,4759801,"Comércio varejista de artigos de tapeçaria, cortinas e persianas",G,47,475,4759,palavra-chave,85,2026-07-28 11:54:10
venda,4759801,"Comércio varejista de artigos de tapeçaria, cortinas e persianas",G,47,475,4759,sinônimo,70,2026-07-28 11:54:10
negócio,4759801,"Comércio varejista de artigos de tapeçaria, cortinas e persianas",G,47,475,4759,sinônimo,70,2026-07-28 11:54:10
Comércio varejista de outros artigos de uso pessoal e doméstico não especificados anteriormente,4759899,Comércio varejista de outros artigos de uso pessoal e doméstico não especificados anteriormente,G,47,475,4759,descricao-oficial,100,2026-07-28 11:54:10
comércio,4759899,Comércio varejista de outros artigos de uso pessoal e doméstico não especificados anteriormente,G,47,475,4759,palavra-chave,85,2026-07-28 11:54:10
varejista,4759899,Comércio varejista de outros artigos de uso pessoal e doméstico não especificados anteriormente,G,47,475,4759,palavra-chave,85,2026-07-28 11:54:10
artigos,4759899,Comércio varejista de outros artigos de uso pessoal e doméstico não especificados anteriormente,G,47,475,4759,palavra-chave,85,2026-07-28 11:54:10
pessoal,4759899,Comércio varejista de outros artigos de uso pessoal e doméstico não especificados anteriormente,G,47,475,4759,palavra-chave,85,2026-07-28 11:54:10
doméstico,4759899,Comércio varejista de outros artigos de uso pessoal e doméstico não especificados anteriormente,G,47,475,4759,palavra-chave,85,2026-07-28 11:54:10
venda,4759899,Comércio varejista de outros artigos de uso pessoal e doméstico não especificados anteriormente,G,47,475,4759,sinônimo,70,2026-07-28 11:54:10
negócio,4759899,Comércio varejista de outros artigos de uso pessoal e doméstico não especificados anteriormente,G,47,475,4759,sinônimo,70,2026-07-28 11:54:10
Comércio varejista de livros,4761001,Comércio varejista de livros,G,47,476,4761,descricao-oficial,100,2026-07-28 11:54:10
comércio,4761001,Comércio varejista de livros,G,47,476,4761,palavra-chave,85,2026-07-28 11:54:10
varejista,4761001,Comércio varejista de livros,G,47,476,4761,palavra-chave,85,2026-07-28 11:54:10
livros,4761001,Comércio varejista de livros,G,47,476,4761,palavra-chave,85,2026-07-28 11:54:10
venda,4761001,Comércio varejista de livros,G,47,476,4761,sinônimo,70,2026-07-28 11:54:10
negócio,4761001,Comércio varejista de livros,G,47,476,4761,sinônimo,70,2026-07-28 11:54:10
Comércio varejista de jornais e revistas,4761002,Comércio varejista de jornais e revistas,G,47,476,4761,descricao-oficial,100,2026-07-28 11:54:10
comércio,4761002,Comércio varejista de jornais e revistas,G,47,476,4761,palavra-chave,85,2026-07-28 11:54:10
varejista,4761002,Comércio varejista de jornais e revistas,G,47,476,4761,palavra-chave,85,2026-07-28 11:54:10
jornais,4761002,Comércio varejista de jornais e revistas,G,47,476,4761,palavra-chave,85,2026-07-28 11:54:10
revistas,4761002,Comércio varejista de jornais e revistas,G,47,476,4761,palavra-chave,85,2026-07-28 11:54:10
venda,4761002,Comércio varejista de jornais e revistas,G,47,476,4761,sinônimo,70,2026-07-28 11:54:10
negócio,4761002,Comércio varejista de jornais e revistas,G,47,476,4761,sinônimo,70,2026-07-28 11:54:10
Comércio varejista de artigos de papelaria,4761003,Comércio varejista de artigos de papelaria,G,47,476,4761,descricao-oficial,100,2026-07-28 11:54:10
comércio,4761003,Comércio varejista de artigos de papelaria,G,47,476,4761,palavra-chave,85,2026-07-28 11:54:10
varejista,4761003,Comércio varejista de artigos de papelaria,G,47,476,4761,palavra-chave,85,2026-07-28 11:54:10
artigos,4761003,Comércio varejista de artigos de papelaria,G,47,476,4761,palavra-chave,85,2026-07-28 11:54:10
papelaria,4761003,Comércio varejista de artigos de papelaria,G,47,476,4761,palavra-chave,85,2026-07-28 11:54:10
venda,4761003,Comércio varejista de artigos de papelaria,G,47,476,4761,sinônimo,70,2026-07-28 11:54:10
negócio,4761003,Comércio varejista de artigos de papelaria,G,47,476,4761,sinônimo,70,2026-07-28 11:54:10
"Comércio varejista de discos, CDs, DVDs e fitas",4762800,"Comércio varejista de discos, CDs, DVDs e fitas",G,47,476,4762,descricao-oficial,100,2026-07-28 11:54:10
comércio,4762800,"Comércio varejista de discos, CDs, DVDs e fitas",G,47,476,4762,palavra-chave,85,2026-07-28 11:54:10
varejista,4762800,"Comércio varejista de discos, CDs, DVDs e fitas",G,47,476,4762,palavra-chave,85,2026-07-28 11:54:10
"discos,",4762800,"Comércio varejista de discos, CDs, DVDs e fitas",G,47,476,4762,palavra-chave,85,2026-07-28 11:54:10
"cds,",4762800,"Comércio varejista de discos, CDs, DVDs e fitas",G,47,476,4762,palavra-chave,85,2026-07-28 11:54:10
dvds,4762800,"Comércio varejista de discos, CDs, DVDs e fitas",G,47,476,4762,palavra-chave,85,2026-07-28 11:54:10
venda,4762800,"Comércio varejista de discos, CDs, DVDs e fitas",G,47,476,4762,sinônimo,70,2026-07-28 11:54:10
negócio,4762800,"Comércio varejista de discos, CDs, DVDs e fitas",G,47,476,4762,sinônimo,70,2026-07-28 11:54:10
Comércio varejista de brinquedos e artigos recreativos,4763601,Comércio varejista de brinquedos e artigos recreativos,G,47,476,4763,descricao-oficial,100,2026-07-28 11:54:10
comércio,4763601,Comércio varejista de brinquedos e artigos recreativos,G,47,476,4763,palavra-chave,85,2026-07-28 11:54:10
varejista,4763601,Comércio varejista de brinquedos e artigos recreativos,G,47,476,4763,palavra-chave,85,2026-07-28 11:54:10
brinquedos,4763601,Comércio varejista de brinquedos e artigos recreativos,G,47,476,4763,palavra-chave,85,2026-07-28 11:54:10
artigos,4763601,Comércio varejista de brinquedos e artigos recreativos,G,47,476,4763,palavra-chave,85,2026-07-28 11:54:10
recreativos,4763601,Comércio varejista de brinquedos e artigos recreativos,G,47,476,4763,palavra-chave,85,2026-07-28 11:54:10
venda,4763601,Comércio varejista de brinquedos e artigos recreativos,G,47,476,4763,sinônimo,70,2026-07-28 11:54:10
negócio,4763601,Comércio varejista de brinquedos e artigos recreativos,G,47,476,4763,sinônimo,70,2026-07-28 11:54:10
Comércio varejista de artigos esportivos,4763602,Comércio varejista de artigos esportivos,G,47,476,4763,descricao-oficial,100,2026-07-28 11:54:10
comércio,4763602,Comércio varejista de artigos esportivos,G,47,476,4763,palavra-chave,85,2026-07-28 11:54:10
varejista,4763602,Comércio varejista de artigos esportivos,G,47,476,4763,palavra-chave,85,2026-07-28 11:54:10
artigos,4763602,Comércio varejista de artigos esportivos,G,47,476,4763,palavra-chave,85,2026-07-28 11:54:10
esportivos,4763602,Comércio varejista de artigos esportivos,G,47,476,4763,palavra-chave,85,2026-07-28 11:54:10
venda,4763602,Comércio varejista de artigos esportivos,G,47,476,4763,sinônimo,70,2026-07-28 11:54:10
negócio,4763602,Comércio varejista de artigos esportivos,G,47,476,4763,sinônimo,70,2026-07-28 11:54:10
Comércio varejista de bicicletas e triciclos; peças e acessórios,4763603,Comércio varejista de bicicletas e triciclos; peças e acessórios,G,47,476,4763,descricao-oficial,100,2026-07-28 11:54:10
comércio,4763603,Comércio varejista de bicicletas e triciclos; peças e acessórios,G,47,476,4763,palavra-chave,85,2026-07-28 11:54:10
varejista,4763603,Comércio varejista de bicicletas e triciclos; peças e acessórios,G,47,476,4763,palavra-chave,85,2026-07-28 11:54:10
bicicletas,4763603,Comércio varejista de bicicletas e triciclos; peças e acessórios,G,47,476,4763,palavra-chave,85,2026-07-28 11:54:10
triciclos;,4763603,Comércio varejista de bicicletas e triciclos; peças e acessórios,G,47,476,4763,palavra-chave,85,2026-07-28 11:54:10
peças,4763603,Comércio varejista de bicicletas e triciclos; peças e acessórios,G,47,476,4763,palavra-chave,85,2026-07-28 11:54:10
venda,4763603,Comércio varejista de bicicletas e triciclos; peças e acessórios,G,47,476,4763,sinônimo,70,2026-07-28 11:54:10
negócio,4763603,Comércio varejista de bicicletas e triciclos; peças e acessórios,G,47,476,4763,sinônimo,70,2026-07-28 11:54:10
"Comércio varejista de artigos de caça, pesca e camping",4763604,"Comércio varejista de artigos de caça, pesca e camping",G,47,476,4763,descricao-oficial,100,2026-07-28 11:54:10
comércio,4763604,"Comércio varejista de artigos de caça, pesca e camping",G,47,476,4763,palavra-chave,85,2026-07-28 11:54:10
varejista,4763604,"Comércio varejista de artigos de caça, pesca e camping",G,47,476,4763,palavra-chave,85,2026-07-28 11:54:10
artigos,4763604,"Comércio varejista de artigos de caça, pesca e camping",G,47,476,4763,palavra-chave,85,2026-07-28 11:54:10
"caça,",4763604,"Comércio varejista de artigos de caça, pesca e camping",G,47,476,4763,palavra-chave,85,2026-07-28 11:54:10
pesca,4763604,"Comércio varejista de artigos de caça, pesca e camping",G,47,476,4763,palavra-chave,85,2026-07-28 11:54:10
venda,4763604,"Comércio varejista de artigos de caça, pesca e camping",G,47,476,4763,sinônimo,70,2026-07-28 11:54:10
negócio,4763604,"Comércio varejista de artigos de caça, pesca e camping",G,47,476,4763,sinônimo,70,2026-07-28 11:54:10
Comércio varejista de embarcações e outros veículos recreativos; peças e acessórios,4763605,Comércio varejista de embarcações e outros veículos recreativos; peças e acessórios,G,47,476,4763,descricao-oficial,100,2026-07-28 11:54:10
comércio,4763605,Comércio varejista de embarcações e outros veículos recreativos; peças e acessórios,G,47,476,4763,palavra-chave,85,2026-07-28 11:54:10
varejista,4763605,Comércio varejista de embarcações e outros veículos recreativos; peças e acessórios,G,47,476,4763,palavra-chave,85,2026-07-28 11:54:10
embarcações,4763605,Comércio varejista de embarcações e outros veículos recreativos; peças e acessórios,G,47,476,4763,palavra-chave,85,2026-07-28 11:54:10
veículos,4763605,Comércio varejista de embarcações e outros veículos recreativos; peças e acessórios,G,47,476,4763,palavra-chave,85,2026-07-28 11:54:10
recreativos;,4763605,Comércio varejista de embarcações e outros veículos recreativos; peças e acessórios,G,47,476,4763,palavra-chave,85,2026-07-28 11:54:10
venda,4763605,Comércio varejista de embarcações e outros veículos recreativos; peças e acessórios,G,47,476,4763,sinônimo,70,2026-07-28 11:54:10
negócio,4763605,Comércio varejista de embarcações e outros veículos recreativos; peças e acessórios,G,47,476,4763,sinônimo,70,2026-07-28 11:54:10
"Comércio varejista de produtos farmacêuticos, sem manipulação de fórmulas",4771701,"Comércio varejista de produtos farmacêuticos, sem manipulação de fórmulas",G,47,477,4771,descricao-oficial,100,2026-07-28 11:54:10
comércio,4771701,"Comércio varejista de produtos farmacêuticos, sem manipulação de fórmulas",G,47,477,4771,palavra-chave,85,2026-07-28 11:54:10
varejista,4771701,"Comércio varejista de produtos farmacêuticos, sem manipulação de fórmulas",G,47,477,4771,palavra-chave,85,2026-07-28 11:54:10
produtos,4771701,"Comércio varejista de produtos farmacêuticos, sem manipulação de fórmulas",G,47,477,4771,palavra-chave,85,2026-07-28 11:54:10
"farmacêuticos,",4771701,"Comércio varejista de produtos farmacêuticos, sem manipulação de fórmulas",G,47,477,4771,palavra-chave,85,2026-07-28 11:54:10
manipulação,4771701,"Comércio varejista de produtos farmacêuticos, sem manipulação de fórmulas",G,47,477,4771,palavra-chave,85,2026-07-28 11:54:10
venda,4771701,"Comércio varejista de produtos farmacêuticos, sem manipulação de fórmulas",G,47,477,4771,sinônimo,70,2026-07-28 11:54:10
negócio,4771701,"Comércio varejista de produtos farmacêuticos, sem manipulação de fórmulas",G,47,477,4771,sinônimo,70,2026-07-28 11:54:10
"Comércio varejista de produtos farmacêuticos, com manipulação de fórmulas",4771702,"Comércio varejista de produtos farmacêuticos, com manipulação de fórmulas",G,47,477,4771,descricao-oficial,100,2026-07-28 11:54:10
comércio,4771702,"Comércio varejista de produtos farmacêuticos, com manipulação de fórmulas",G,47,477,4771,palavra-chave,85,2026-07-28 11:54:10
varejista,4771702,"Comércio varejista de produtos farmacêuticos, com manipulação de fórmulas",G,47,477,4771,palavra-chave,85,2026-07-28 11:54:10
produtos,4771702,"Comércio varejista de produtos farmacêuticos, com manipulação de fórmulas",G,47,477,4771,palavra-chave,85,2026-07-28 11:54:10
"farmacêuticos,",4771702,"Comércio varejista de produtos farmacêuticos, com manipulação de fórmulas",G,47,477,4771,palavra-chave,85,2026-07-28 11:54:10
manipulação,4771702,"Comércio varejista de produtos farmacêuticos, com manipulação de fórmulas",G,47,477,4771,palavra-chave,85,2026-07-28 11:54:10
venda,4771702,"Comércio varejista de produtos farmacêuticos, com manipulação de fórmulas",G,47,477,4771,sinônimo,70,2026-07-28 11:54:10
negócio,4771702,"Comércio varejista de produtos farmacêuticos, com manipulação de fórmulas",G,47,477,4771,sinônimo,70,2026-07-28 11:54:10
Comércio varejista de produtos farmacêuticos homeopáticos,4771703,Comércio varejista de produtos farmacêuticos homeopáticos,G,47,477,4771,descricao-oficial,100,2026-07-28 11:54:10
comércio,4771703,Comércio varejista de produtos farmacêuticos homeopáticos,G,47,477,4771,palavra-chave,85,2026-07-28 11:54:10
varejista,4771703,Comércio varejista de produtos farmacêuticos homeopáticos,G,47,477,4771,palavra-chave,85,2026-07-28 11:54:10
produtos,4771703,Comércio varejista de produtos farmacêuticos homeopáticos,G,47,477,4771,palavra-chave,85,2026-07-28 11:54:10
farmacêuticos,4771703,Comércio varejista de produtos farmacêuticos homeopáticos,G,47,477,4771,palavra-chave,85,2026-07-28 11:54:10
homeopáticos,4771703,Comércio varejista de produtos farmacêuticos homeopáticos,G,47,477,4771,palavra-chave,85,2026-07-28 11:54:10
venda,4771703,Comércio varejista de produtos farmacêuticos homeopáticos,G,47,477,4771,sinônimo,70,2026-07-28 11:54:10
negócio,4771703,Comércio varejista de produtos farmacêuticos homeopáticos,G,47,477,4771,sinônimo,70,2026-07-28 11:54:10
Comércio varejista de medicamentos veterinários,4771704,Comércio varejista de medicamentos veterinários,G,47,477,4771,descricao-oficial,100,2026-07-28 11:54:10
comércio,4771704,Comércio varejista de medicamentos veterinários,G,47,477,4771,palavra-chave,85,2026-07-28 11:54:10
varejista,4771704,Comércio varejista de medicamentos veterinários,G,47,477,4771,palavra-chave,85,2026-07-28 11:54:10
medicamentos,4771704,Comércio varejista de medicamentos veterinários,G,47,477,4771,palavra-chave,85,2026-07-28 11:54:10
veterinários,4771704,Comércio varejista de medicamentos veterinários,G,47,477,4771,palavra-chave,85,2026-07-28 11:54:10
venda,4771704,Comércio varejista de medicamentos veterinários,G,47,477,4771,sinônimo,70,2026-07-28 11:54:10
negócio,4771704,Comércio varejista de medicamentos veterinários,G,47,477,4771,sinônimo,70,2026-07-28 11:54:10
"Comércio varejista de cosméticos, produtos de perfumaria e de higiene pessoal",4772500,"Comércio varejista de cosméticos, produtos de perfumaria e de higiene pessoal",G,47,477,4772,descricao-oficial,100,2026-07-28 11:54:10
comércio,4772500,"Comércio varejista de cosméticos, produtos de perfumaria e de higiene pessoal",G,47,477,4772,palavra-chave,85,2026-07-28 11:54:10
varejista,4772500,"Comércio varejista de cosméticos, produtos de perfumaria e de higiene pessoal",G,47,477,4772,palavra-chave,85,2026-07-28 11:54:10
"cosméticos,",4772500,"Comércio varejista de cosméticos, produtos de perfumaria e de higiene pessoal",G,47,477,4772,palavra-chave,85,2026-07-28 11:54:10
produtos,4772500,"Comércio varejista de cosméticos, produtos de perfumaria e de higiene pessoal",G,47,477,4772,palavra-chave,85,2026-07-28 11:54:10
perfumaria,4772500,"Comércio varejista de cosméticos, produtos de perfumaria e de higiene pessoal",G,47,477,4772,palavra-chave,85,2026-07-28 11:54:10
venda,4772500,"Comércio varejista de cosméticos, produtos de perfumaria e de higiene pessoal",G,47,477,4772,sinônimo,70,2026-07-28 11:54:10
negócio,4772500,"Comércio varejista de cosméticos, produtos de perfumaria e de higiene pessoal",G,47,477,4772,sinônimo,70,2026-07-28 11:54:10
Comércio varejista de artigos médicos e ortopédicos,4773300,Comércio varejista de artigos médicos e ortopédicos,G,47,477,4773,descricao-oficial,100,2026-07-28 11:54:10
comércio,4773300,Comércio varejista de artigos médicos e ortopédicos,G,47,477,4773,palavra-chave,85,2026-07-28 11:54:10
varejista,4773300,Comércio varejista de artigos médicos e ortopédicos,G,47,477,4773,palavra-chave,85,2026-07-28 11:54:10
artigos,4773300,Comércio varejista de artigos médicos e ortopédicos,G,47,477,4773,palavra-chave,85,2026-07-28 11:54:10
médicos,4773300,Comércio varejista de artigos médicos e ortopédicos,G,47,477,4773,palavra-chave,85,2026-07-28 11:54:10
ortopédicos,4773300,Comércio varejista de artigos médicos e ortopédicos,G,47,477,4773,palavra-chave,85,2026-07-28 11:54:10
venda,4773300,Comércio varejista de artigos médicos e ortopédicos,G,47,477,4773,sinônimo,70,2026-07-28 11:54:10
negócio,4773300,Comércio varejista de artigos médicos e ortopédicos,G,47,477,4773,sinônimo,70,2026-07-28 11:54:10
Comércio varejista de artigos de óptica,4774100,Comércio varejista de artigos de óptica,G,47,477,4774,descricao-oficial,100,2026-07-28 11:54:10
comércio,4774100,Comércio varejista de artigos de óptica,G,47,477,4774,palavra-chave,85,2026-07-28 11:54:10
varejista,4774100,Comércio varejista de artigos de óptica,G,47,477,4774,palavra-chave,85,2026-07-28 11:54:10
artigos,4774100,Comércio varejista de artigos de óptica,G,47,477,4774,palavra-chave,85,2026-07-28 11:54:10
óptica,4774100,Comércio varejista de artigos de óptica,G,47,477,4774,palavra-chave,85,2026-07-28 11:54:10
venda,4774100,Comércio varejista de artigos de óptica,G,47,477,4774,sinônimo,70,2026-07-28 11:54:10
negócio,4774100,Comércio varejista de artigos de óptica,G,47,477,4774,sinônimo,70,2026-07-28 11:54:10
Comércio varejista de artigos do vestuário e acessórios,4781400,Comércio varejista de artigos do vestuário e acessórios,G,47,478,4781,descricao-oficial,100,2026-07-28 11:54:10
comércio,4781400,Comércio varejista de artigos do vestuário e acessórios,G,47,478,4781,palavra-chave,85,2026-07-28 11:54:10
varejista,4781400,Comércio varejista de artigos do vestuário e acessórios,G,47,478,4781,palavra-chave,85,2026-07-28 11:54:10
artigos,4781400,Comércio varejista de artigos do vestuário e acessórios,G,47,478,4781,palavra-chave,85,2026-07-28 11:54:10
vestuário,4781400,Comércio varejista de artigos do vestuário e acessórios,G,47,478,4781,palavra-chave,85,2026-07-28 11:54:10
acessórios,4781400,Comércio varejista de artigos do vestuário e acessórios,G,47,478,4781,palavra-chave,85,2026-07-28 11:54:10
venda,4781400,Comércio varejista de artigos do vestuário e acessórios,G,47,478,4781,sinônimo,70,2026-07-28 11:54:10
negócio,4781400,Comércio varejista de artigos do vestuário e acessórios,G,47,478,4781,sinônimo,70,2026-07-28 11:54:10
Comércio varejista de calçados,4782201,Comércio varejista de calçados,G,47,478,4782,descricao-oficial,100,2026-07-28 11:54:10
comércio,4782201,Comércio varejista de calçados,G,47,478,4782,palavra-chave,85,2026-07-28 11:54:10
varejista,4782201,Comércio varejista de calçados,G,47,478,4782,palavra-chave,85,2026-07-28 11:54:10
calçados,4782201,Comércio varejista de calçados,G,47,478,4782,palavra-chave,85,2026-07-28 11:54:10
venda,4782201,Comércio varejista de calçados,G,47,478,4782,sinônimo,70,2026-07-28 11:54:10
negócio,4782201,Comércio varejista de calçados,G,47,478,4782,sinônimo,70,2026-07-28 11:54:10
Comércio varejista de artigos de viagem,4782202,Comércio varejista de artigos de viagem,G,47,478,4782,descricao-oficial,100,2026-07-28 11:54:10
comércio,4782202,Comércio varejista de artigos de viagem,G,47,478,4782,palavra-chave,85,2026-07-28 11:54:10
varejista,4782202,Comércio varejista de artigos de viagem,G,47,478,4782,palavra-chave,85,2026-07-28 11:54:10
artigos,4782202,Comércio varejista de artigos de viagem,G,47,478,4782,palavra-chave,85,2026-07-28 11:54:10
viagem,4782202,Comércio varejista de artigos de viagem,G,47,478,4782,palavra-chave,85,2026-07-28 11:54:10
venda,4782202,Comércio varejista de artigos de viagem,G,47,478,4782,sinônimo,70,2026-07-28 11:54:10
negócio,4782202,Comércio varejista de artigos de viagem,G,47,478,4782,sinônimo,70,2026-07-28 11:54:10
Comércio varejista de artigos de joalheria,4783101,Comércio varejista de artigos de joalheria,G,47,478,4783,descricao-oficial,100,2026-07-28 11:54:10
comércio,4783101,Comércio varejista de artigos de joalheria,G,47,478,4783,palavra-chave,85,2026-07-28 11:54:10
varejista,4783101,Comércio varejista de artigos de joalheria,G,47,478,4783,palavra-chave,85,2026-07-28 11:54:10
artigos,4783101,Comércio varejista de artigos de joalheria,G,47,478,4783,palavra-chave,85,2026-07-28 11:54:10
joalheria,4783101,Comércio varejista de artigos de joalheria,G,47,478,4783,palavra-chave,85,2026-07-28 11:54:10
venda,4783101,Comércio varejista de artigos de joalheria,G,47,478,4783,sinônimo,70,2026-07-28 11:54:10
negócio,4783101,Comércio varejista de artigos de joalheria,G,47,478,4783,sinônimo,70,2026-07-28 11:54:10
Comércio varejista de artigos de relojoaria,4783102,Comércio varejista de artigos de relojoaria,G,47,478,4783,descricao-oficial,100,2026-07-28 11:54:10
comércio,4783102,Comércio varejista de artigos de relojoaria,G,47,478,4783,palavra-chave,85,2026-07-28 11:54:10
varejista,4783102,Comércio varejista de artigos de relojoaria,G,47,478,4783,palavra-chave,85,2026-07-28 11:54:10
artigos,4783102,Comércio varejista de artigos de relojoaria,G,47,478,4783,palavra-chave,85,2026-07-28 11:54:10
relojoaria,4783102,Comércio varejista de artigos de relojoaria,G,47,478,4783,palavra-chave,85,2026-07-28 11:54:10
venda,4783102,Comércio varejista de artigos de relojoaria,G,47,478,4783,sinônimo,70,2026-07-28 11:54:10
negócio,4783102,Comércio varejista de artigos de relojoaria,G,47,478,4783,sinônimo,70,2026-07-28 11:54:10
Comércio varejista de gás liqüefeito de petróleo (GLP),4784900,Comércio varejista de gás liqüefeito de petróleo (GLP),G,47,478,4784,descricao-oficial,100,2026-07-28 11:54:10
comércio,4784900,Comércio varejista de gás liqüefeito de petróleo (GLP),G,47,478,4784,palavra-chave,85,2026-07-28 11:54:10
varejista,4784900,Comércio varejista de gás liqüefeito de petróleo (GLP),G,47,478,4784,palavra-chave,85,2026-07-28 11:54:10
liqüefeito,4784900,Comércio varejista de gás liqüefeito de petróleo (GLP),G,47,478,4784,palavra-chave,85,2026-07-28 11:54:10
petróleo,4784900,Comércio varejista de gás liqüefeito de petróleo (GLP),G,47,478,4784,palavra-chave,85,2026-07-28 11:54:10
(glp),4784900,Comércio varejista de gás liqüefeito de petróleo (GLP),G,47,478,4784,palavra-chave,85,2026-07-28 11:54:10
venda,4784900,Comércio varejista de gás liqüefeito de petróleo (GLP),G,47,478,4784,sinônimo,70,2026-07-28 11:54:10
negócio,4784900,Comércio varejista de gás liqüefeito de petróleo (GLP),G,47,478,4784,sinônimo,70,2026-07-28 11:54:10
Comércio varejista de antigüidades,4785701,Comércio varejista de antigüidades,G,47,478,4785,descricao-oficial,100,2026-07-28 11:54:10
comércio,4785701,Comércio varejista de antigüidades,G,47,478,4785,palavra-chave,85,2026-07-28 11:54:10
varejista,4785701,Comércio varejista de antigüidades,G,47,478,4785,palavra-chave,85,2026-07-28 11:54:10
antigüidades,4785701,Comércio varejista de antigüidades,G,47,478,4785,palavra-chave,85,2026-07-28 11:54:10
venda,4785701,Comércio varejista de antigüidades,G,47,478,4785,sinônimo,70,2026-07-28 11:54:10
negócio,4785701,Comércio varejista de antigüidades,G,47,478,4785,sinônimo,70,2026-07-28 11:54:10
Comércio varejista de outros artigos usados,4785799,Comércio varejista de outros artigos usados,G,47,478,4785,descricao-oficial,100,2026-07-28 11:54:10
comércio,4785799,Comércio varejista de outros artigos usados,G,47,478,4785,palavra-chave,85,2026-07-28 11:54:10
varejista,4785799,Comércio varejista de outros artigos usados,G,47,478,4785,palavra-chave,85,2026-07-28 11:54:10
artigos,4785799,Comércio varejista de outros artigos usados,G,47,478,4785,palavra-chave,85,2026-07-28 11:54:10
usados,4785799,Comércio varejista de outros artigos usados,G,47,478,4785,palavra-chave,85,2026-07-28 11:54:10
venda,4785799,Comércio varejista de outros artigos usados,G,47,478,4785,sinônimo,70,2026-07-28 11:54:10
negócio,4785799,Comércio varejista de outros artigos usados,G,47,478,4785,sinônimo,70,2026-07-28 11:54:10
"Comércio varejista de suvenires, bijuterias e artesanatos",4789001,"Comércio varejista de suvenires, bijuterias e artesanatos",G,47,478,4789,descricao-oficial,100,2026-07-28 11:54:10
comércio,4789001,"Comércio varejista de suvenires, bijuterias e artesanatos",G,47,478,4789,palavra-chave,85,2026-07-28 11:54:10
varejista,4789001,"Comércio varejista de suvenires, bijuterias e artesanatos",G,47,478,4789,palavra-chave,85,2026-07-28 11:54:10
"suvenires,",4789001,"Comércio varejista de suvenires, bijuterias e artesanatos",G,47,478,4789,palavra-chave,85,2026-07-28 11:54:10
bijuterias,4789001,"Comércio varejista de suvenires, bijuterias e artesanatos",G,47,478,4789,palavra-chave,85,2026-07-28 11:54:10
artesanatos,4789001,"Comércio varejista de suvenires, bijuterias e artesanatos",G,47,478,4789,palavra-chave,85,2026-07-28 11:54:10
venda,4789001,"Comércio varejista de suvenires, bijuterias e artesanatos",G,47,478,4789,sinônimo,70,2026-07-28 11:54:10
negócio,4789001,"Comércio varejista de suvenires, bijuterias e artesanatos",G,47,478,4789,sinônimo,70,2026-07-28 11:54:10
Comércio varejista de plantas e flores naturais,4789002,Comércio varejista de plantas e flores naturais,G,47,478,4789,descricao-oficial,100,2026-07-28 11:54:10
comércio,4789002,Comércio varejista de plantas e flores naturais,G,47,478,4789,palavra-chave,85,2026-07-28 11:54:10
varejista,4789002,Comércio varejista de plantas e flores naturais,G,47,478,4789,palavra-chave,85,2026-07-28 11:54:10
plantas,4789002,Comércio varejista de plantas e flores naturais,G,47,478,4789,palavra-chave,85,2026-07-28 11:54:10
flores,4789002,Comércio varejista de plantas e flores naturais,G,47,478,4789,palavra-chave,85,2026-07-28 11:54:10
naturais,4789002,Comércio varejista de plantas e flores naturais,G,47,478,4789,palavra-chave,85,2026-07-28 11:54:10
venda,4789002,Comércio varejista de plantas e flores naturais,G,47,478,4789,sinônimo,70,2026-07-28 11:54:10
negócio,4789002,Comércio varejista de plantas e flores naturais,G,47,478,4789,sinônimo,70,2026-07-28 11:54:10
Comércio varejista de objetos de arte,4789003,Comércio varejista de objetos de arte,G,47,478,4789,descricao-oficial,100,2026-07-28 11:54:10
comércio,4789003,Comércio varejista de objetos de arte,G,47,478,4789,palavra-chave,85,2026-07-28 11:54:10
varejista,4789003,Comércio varejista de objetos de arte,G,47,478,4789,palavra-chave,85,2026-07-28 11:54:10
objetos,4789003,Comércio varejista de objetos de arte,G,47,478,4789,palavra-chave,85,2026-07-28 11:54:10
arte,4789003,Comércio varejista de objetos de arte,G,47,478,4789,palavra-chave,85,2026-07-28 11:54:10
venda,4789003,Comércio varejista de objetos de arte,G,47,478,4789,sinônimo,70,2026-07-28 11:54:10
negócio,4789003,Comércio varejista de objetos de arte,G,47,478,4789,sinônimo,70,2026-07-28 11:54:10
Comércio varejista de animais vivos e de artigos e alimentos para animais de estimação,4789004,Comércio varejista de animais vivos e de artigos e alimentos para animais de estimação,G,47,478,4789,descricao-oficial,100,2026-07-28 11:54:10
comércio,4789004,Comércio varejista de animais vivos e de artigos e alimentos para animais de estimação,G,47,478,4789,palavra-chave,85,2026-07-28 11:54:10
varejista,4789004,Comércio varejista de animais vivos e de artigos e alimentos para animais de estimação,G,47,478,4789,palavra-chave,85,2026-07-28 11:54:10
animais,4789004,Comércio varejista de animais vivos e de artigos e alimentos para animais de estimação,G,47,478,4789,palavra-chave,85,2026-07-28 11:54:10
vivos,4789004,Comércio varejista de animais vivos e de artigos e alimentos para animais de estimação,G,47,478,4789,palavra-chave,85,2026-07-28 11:54:10
artigos,4789004,Comércio varejista de animais vivos e de artigos e alimentos para animais de estimação,G,47,478,4789,palavra-chave,85,2026-07-28 11:54:10
venda,4789004,Comércio varejista de animais vivos e de artigos e alimentos para animais de estimação,G,47,478,4789,sinônimo,70,2026-07-28 11:54:10
negócio,4789004,Comércio varejista de animais vivos e de artigos e alimentos para animais de estimação,G,47,478,4789,sinônimo,70,2026-07-28 11:54:10
Comércio varejista de produtos saneantes domissanitários,4789005,Comércio varejista de produtos saneantes domissanitários,G,47,478,4789,descricao-oficial,100,2026-07-28 11:54:10
comércio,4789005,Comércio varejista de produtos saneantes domissanitários,G,47,478,4789,palavra-chave,85,2026-07-28 11:54:10
varejista,4789005,Comércio varejista de produtos saneantes domissanitários,G,47,478,4789,palavra-chave,85,2026-07-28 11:54:10
produtos,4789005,Comércio varejista de produtos saneantes domissanitários,G,47,478,4789,palavra-chave,85,2026-07-28 11:54:10
saneantes,4789005,Comércio varejista de produtos saneantes domissanitários,G,47,478,4789,palavra-chave,85,2026-07-28 11:54:10
domissanitários,4789005,Comércio varejista de produtos saneantes domissanitários,G,47,478,4789,palavra-chave,85,2026-07-28 11:54:10
venda,4789005,Comércio varejista de produtos saneantes domissanitários,G,47,478,4789,sinônimo,70,2026-07-28 11:54:10
negócio,4789005,Comércio varejista de produtos saneantes domissanitários,G,47,478,4789,sinônimo,70,2026-07-28 11:54:10
Comércio varejista de fogos de artifício e artigos pirotécnicos,4789006,Comércio varejista de fogos de artifício e artigos pirotécnicos,G,47,478,4789,descricao-oficial,100,2026-07-28 11:54:10
comércio,4789006,Comércio varejista de fogos de artifício e artigos pirotécnicos,G,47,478,4789,palavra-chave,85,2026-07-28 11:54:10
varejista,4789006,Comércio varejista de fogos de artifício e artigos pirotécnicos,G,47,478,4789,palavra-chave,85,2026-07-28 11:54:10
fogos,4789006,Comércio varejista de fogos de artifício e artigos pirotécnicos,G,47,478,4789,palavra-chave,85,2026-07-28 11:54:10
artifício,4789006,Comércio varejista de fogos de artifício e artigos pirotécnicos,G,47,478,4789,palavra-chave,85,2026-07-28 11:54:10
artigos,4789006,Comércio varejista de fogos de artifício e artigos pirotécnicos,G,47,478,4789,palavra-chave,85,2026-07-28 11:54:10
venda,4789006,Comércio varejista de fogos de artifício e artigos pirotécnicos,G,47,478,4789,sinônimo,70,2026-07-28 11:54:10
negócio,4789006,Comércio varejista de fogos de artifício e artigos pirotécnicos,G,47,478,4789,sinônimo,70,2026-07-28 11:54:10
Comércio varejista de equipamentos para escritório,4789007,Comércio varejista de equipamentos para escritório,G,47,478,4789,descricao-oficial,100,2026-07-28 11:54:10
comércio,4789007,Comércio varejista de equipamentos para escritório,G,47,478,4789,palavra-chave,85,2026-07-28 11:54:10
varejista,4789007,Comércio varejista de equipamentos para escritório,G,47,478,4789,palavra-chave,85,2026-07-28 11:54:10
equipamentos,4789007,Comércio varejista de equipamentos para escritório,G,47,478,4789,palavra-chave,85,2026-07-28 11:54:10
escritório,4789007,Comércio varejista de equipamentos para escritório,G,47,478,4789,palavra-chave,85,2026-07-28 11:54:10
venda,4789007,Comércio varejista de equipamentos para escritório,G,47,478,4789,sinônimo,70,2026-07-28 11:54:10
negócio,4789007,Comércio varejista de equipamentos para escritório,G,47,478,4789,sinônimo,70,2026-07-28 11:54:10
Comércio varejista de artigos fotográficos e para filmagem,4789008,Comércio varejista de artigos fotográficos e para filmagem,G,47,478,4789,descricao-oficial,100,2026-07-28 11:54:10
comércio,4789008,Comércio varejista de artigos fotográficos e para filmagem,G,47,478,4789,palavra-chave,85,2026-07-28 11:54:10
varejista,4789008,Comércio varejista de artigos fotográficos e para filmagem,G,47,478,4789,palavra-chave,85,2026-07-28 11:54:10
artigos,4789008,Comércio varejista de artigos fotográficos e para filmagem,G,47,478,4789,palavra-chave,85,2026-07-28 11:54:10
fotográficos,4789008,Comércio varejista de artigos fotográficos e para filmagem,G,47,478,4789,palavra-chave,85,2026-07-28 11:54:10
filmagem,4789008,Comércio varejista de artigos fotográficos e para filmagem,G,47,478,4789,palavra-chave,85,2026-07-28 11:54:10
venda,4789008,Comércio varejista de artigos fotográficos e para filmagem,G,47,478,4789,sinônimo,70,2026-07-28 11:54:10
negócio,4789008,Comércio varejista de artigos fotográficos e para filmagem,G,47,478,4789,sinônimo,70,2026-07-28 11:54:10
Comércio varejista de armas e munições,4789009,Comércio varejista de armas e munições,G,47,478,4789,descricao-oficial,100,2026-07-28 11:54:10
comércio,4789009,Comércio varejista de armas e munições,G,47,478,4789,palavra-chave,85,2026-07-28 11:54:10
varejista,4789009,Comércio varejista de armas e munições,G,47,478,4789,palavra-chave,85,2026-07-28 11:54:10
armas,4789009,Comércio varejista de armas e munições,G,47,478,4789,palavra-chave,85,2026-07-28 11:54:10
munições,4789009,Comércio varejista de armas e munições,G,47,478,4789,palavra-chave,85,2026-07-28 11:54:10
venda,4789009,Comércio varejista de armas e munições,G,47,478,4789,sinônimo,70,2026-07-28 11:54:10
negócio,4789009,Comércio varejista de armas e munições,G,47,478,4789,sinônimo,70,2026-07-28 11:54:10
Comércio varejista de outros produtos não especificados anteriormente,4789099,Comércio varejista de outros produtos não especificados anteriormente,G,47,478,4789,descricao-oficial,100,2026-07-28 11:54:10
comércio,4789099,Comércio varejista de outros produtos não especificados anteriormente,G,47,478,4789,palavra-chave,85,2026-07-28 11:54:10
varejista,4789099,Comércio varejista de outros produtos não especificados anteriormente,G,47,478,4789,palavra-chave,85,2026-07-28 11:54:10
produtos,4789099,Comércio varejista de outros produtos não especificados anteriormente,G,47,478,4789,palavra-chave,85,2026-07-28 11:54:10
especificados,4789099,Comércio varejista de outros produtos não especificados anteriormente,G,47,478,4789,palavra-chave,85,2026-07-28 11:54:10
anteriormente,4789099,Comércio varejista de outros produtos não especificados anteriormente,G,47,478,4789,palavra-chave,85,2026-07-28 11:54:10
venda,4789099,Comércio varejista de outros produtos não especificados anteriormente,G,47,478,4789,sinônimo,70,2026-07-28 11:54:10
negócio,4789099,Comércio varejista de outros produtos não especificados anteriormente,G,47,478,4789,sinônimo,70,2026-07-28 11:54:10
"Transporte aquaviário para travessia de rios, baías e canais",5099801,"Transporte aquaviário para travessia de rios, baías e canais",H,50,509,5099,descricao-oficial,100,2026-07-28 11:54:10
transporte,5099801,"Transporte aquaviário para travessia de rios, baías e canais",H,50,509,5099,palavra-chave,85,2026-07-28 11:54:10
aquaviário,5099801,"Transporte aquaviário para travessia de rios, baías e canais",H,50,509,5099,palavra-chave,85,2026-07-28 11:54:10
travessia,5099801,"Transporte aquaviário para travessia de rios, baías e canais",H,50,509,5099,palavra-chave,85,2026-07-28 11:54:10
"rios,",5099801,"Transporte aquaviário para travessia de rios, baías e canais",H,50,509,5099,palavra-chave,85,2026-07-28 11:54:10
baías,5099801,"Transporte aquaviário para travessia de rios, baías e canais",H,50,509,5099,palavra-chave,85,2026-07-28 11:54:10
frete,5099801,"Transporte aquaviário para travessia de rios, baías e canais",H,50,509,5099,sinônimo,70,2026-07-28 11:54:10
logística,5099801,"Transporte aquaviário para travessia de rios, baías e canais",H,50,509,5099,sinônimo,70,2026-07-28 11:54:10
Outros transportes aquaviários não especificados anteriormente,5099899,Outros transportes aquaviários não especificados anteriormente,H,50,509,5099,descricao-oficial,100,2026-07-28 11:54:10
transportes,5099899,Outros transportes aquaviários não especificados anteriormente,H,50,509,5099,palavra-chave,85,2026-07-28 11:54:10
aquaviários,5099899,Outros transportes aquaviários não especificados anteriormente,H,50,509,5099,palavra-chave,85,2026-07-28 11:54:10
especificados,5099899,Outros transportes aquaviários não especificados anteriormente,H,50,509,5099,palavra-chave,85,2026-07-28 11:54:10
anteriormente,5099899,Outros transportes aquaviários não especificados anteriormente,H,50,509,5099,palavra-chave,85,2026-07-28 11:54:10
Comissaria de despachos,5250801,Comissaria de despachos,H,52,525,5250,descricao-oficial,100,2026-07-28 11:54:10
comissaria,5250801,Comissaria de despachos,H,52,525,5250,palavra-chave,85,2026-07-28 11:54:10
despachos,5250801,Comissaria de despachos,H,52,525,5250,palavra-chave,85,2026-07-28 11:54:10
Atividades de despachantes aduaneiros,5250802,Atividades de despachantes aduaneiros,H,52,525,5250,descricao-oficial,100,2026-07-28 11:54:10
atividades,5250802,Atividades de despachantes aduaneiros,H,52,525,5250,palavra-chave,85,2026-07-28 11:54:10
despachantes,5250802,Atividades de despachantes aduaneiros,H,52,525,5250,palavra-chave,85,2026-07-28 11:54:10
aduaneiros,5250802,Atividades de despachantes aduaneiros,H,52,525,5250,palavra-chave,85,2026-07-28 11:54:10
"Agenciamento de cargas, exceto para o transporte marítimo",5250803,"Agenciamento de cargas, exceto para o transporte marítimo",H,52,525,5250,descricao-oficial,100,2026-07-28 11:54:10
agenciamento,5250803,"Agenciamento de cargas, exceto para o transporte marítimo",H,52,525,5250,palavra-chave,85,2026-07-28 11:54:10
"cargas,",5250803,"Agenciamento de cargas, exceto para o transporte marítimo",H,52,525,5250,palavra-chave,85,2026-07-28 11:54:10
transporte,5250803,"Agenciamento de cargas, exceto para o transporte marítimo",H,52,525,5250,palavra-chave,85,2026-07-28 11:54:10
marítimo,5250803,"Agenciamento de cargas, exceto para o transporte marítimo",H,52,525,5250,palavra-chave,85,2026-07-28 11:54:10
Organização logística do transporte de carga,5250804,Organização logística do transporte de carga,H,52,525,5250,descricao-oficial,100,2026-07-28 11:54:10
organização,5250804,Organização logística do transporte de carga,H,52,525,5250,palavra-chave,85,2026-07-28 11:54:10
logística,5250804,Organização logística do transporte de carga,H,52,525,5250,palavra-chave,85,2026-07-28 11:54:10
transporte,5250804,Organização logística do transporte de carga,H,52,525,5250,palavra-chave,85,2026-07-28 11:54:10
carga,5250804,Organização logística do transporte de carga,H,52,525,5250,palavra-chave,85,2026-07-28 11:54:10
Operador de transporte multimodal - OTM,5250805,Operador de transporte multimodal - OTM,H,52,525,5250,descricao-oficial,100,2026-07-28 11:54:10
operador,5250805,Operador de transporte multimodal - OTM,H,52,525,5250,palavra-chave,85,2026-07-28 11:54:10
transporte,5250805,Operador de transporte multimodal - OTM,H,52,525,5250,palavra-chave,85,2026-07-28 11:54:10
multimodal,5250805,Operador de transporte multimodal - OTM,H,52,525,5250,palavra-chave,85,2026-07-28 11:54:10
frete,5250805,Operador de transporte multimodal - OTM,H,52,525,5250,sinônimo,70,2026-07-28 11:54:10
logística,5250805,Operador de transporte multimodal - OTM,H,52,525,5250,sinônimo,70,2026-07-28 11:54:10
Edição de livros impressos,5811501,Edição de livros impressos,J,58,581,5811,descricao-oficial,100,2026-07-28 11:54:10
edição,5811501,Edição de livros impressos,J,58,581,5811,palavra-chave,85,2026-07-28 11:54:10
livros,5811501,Edição de livros impressos,J,58,581,5811,palavra-chave,85,2026-07-28 11:54:10
impressos,5811501,Edição de livros impressos,J,58,581,5811,palavra-chave,85,2026-07-28 11:54:10
Edição de livros em meios eletrônicos,5811502,Edição de livros em meios eletrônicos,J,58,581,5811,descricao-oficial,100,2026-07-28 11:54:10
edição,5811502,Edição de livros em meios eletrônicos,J,58,581,5811,palavra-chave,85,2026-07-28 11:54:10
livros,5811502,Edição de livros em meios eletrônicos,J,58,581,5811,palavra-chave,85,2026-07-28 11:54:10
meios,5811502,Edição de livros em meios eletrônicos,J,58,581,5811,palavra-chave,85,2026-07-28 11:54:10
eletrônicos,5811502,Edição de livros em meios eletrônicos,J,58,581,5811,palavra-chave,85,2026-07-28 11:54:10
Edição de livros exclusivamente em meio eletrônico,5811503,Edição de livros exclusivamente em meio eletrônico,J,58,581,5811,descricao-oficial,100,2026-07-28 11:54:10
edição,5811503,Edição de livros exclusivamente em meio eletrônico,J,58,581,5811,palavra-chave,85,2026-07-28 11:54:10
livros,5811503,Edição de livros exclusivamente em meio eletrônico,J,58,581,5811,palavra-chave,85,2026-07-28 11:54:10
exclusivamente,5811503,Edição de livros exclusivamente em meio eletrônico,J,58,581,5811,palavra-chave,85,2026-07-28 11:54:10
meio,5811503,Edição de livros exclusivamente em meio eletrônico,J,58,581,5811,palavra-chave,85,2026-07-28 11:54:10
eletrônico,5811503,Edição de livros exclusivamente em meio eletrônico,J,58,581,5811,palavra-chave,85,2026-07-28 11:54:10
Edição de jornais exclusivamente em meio eletrônico,5812303,Edição de jornais exclusivamente em meio eletrônico,J,58,581,5812,descricao-oficial,100,2026-07-28 11:54:10
edição,5812303,Edição de jornais exclusivamente em meio eletrônico,J,58,581,5812,palavra-chave,85,2026-07-28 11:54:10
jornais,5812303,Edição de jornais exclusivamente em meio eletrônico,J,58,581,5812,palavra-chave,85,2026-07-28 11:54:10
exclusivamente,5812303,Edição de jornais exclusivamente em meio eletrônico,J,58,581,5812,palavra-chave,85,2026-07-28 11:54:10
meio,5812303,Edição de jornais exclusivamente em meio eletrônico,J,58,581,5812,palavra-chave,85,2026-07-28 11:54:10
eletrônico,5812303,Edição de jornais exclusivamente em meio eletrônico,J,58,581,5812,palavra-chave,85,2026-07-28 11:54:10
Edição de revistas impressas,5813101,Edição de revistas impressas,J,58,581,5813,descricao-oficial,100,2026-07-28 11:54:10
edição,5813101,Edição de revistas impressas,J,58,581,5813,palavra-chave,85,2026-07-28 11:54:10
revistas,5813101,Edição de revistas impressas,J,58,581,5813,palavra-chave,85,2026-07-28 11:54:10
impressas,5813101,Edição de revistas impressas,J,58,581,5813,palavra-chave,85,2026-07-28 11:54:10
Edição de revistas em meios eletrônicos,5813102,Edição de revistas em meios eletrônicos,J,58,581,5813,descricao-oficial,100,2026-07-28 11:54:10
edição,5813102,Edição de revistas em meios eletrônicos,J,58,581,5813,palavra-chave,85,2026-07-28 11:54:10
revistas,5813102,Edição de revistas em meios eletrônicos,J,58,581,5813,palavra-chave,85,2026-07-28 11:54:10
meios,5813102,Edição de revistas em meios eletrônicos,J,58,581,5813,palavra-chave,85,2026-07-28 11:54:10
eletrônicos,5813102,Edição de revistas em meios eletrônicos,J,58,581,5813,palavra-chave,85,2026-07-28 11:54:10
"Atividades de produção cinematográfica, de vídeos e de programas de televisão não especificadas anteriormente",5911199,"Atividades de produção cinematográfica, de vídeos e de programas de televisão não especificadas anteriormente",J,59,591,5911,descricao-oficial,100,2026-07-28 11:54:10
atividades,5911199,"Atividades de produção cinematográfica, de vídeos e de programas de televisão não especificadas anteriormente",J,59,591,5911,palavra-chave,85,2026-07-28 11:54:10
produção,5911199,"Atividades de produção cinematográfica, de vídeos e de programas de televisão não especificadas anteriormente",J,59,591,5911,palavra-chave,85,2026-07-28 11:54:10
"cinematográfica,",5911199,"Atividades de produção cinematográfica, de vídeos e de programas de televisão não especificadas anteriormente",J,59,591,5911,palavra-chave,85,2026-07-28 11:54:10
vídeos,5911199,"Atividades de produção cinematográfica, de vídeos e de programas de televisão não especificadas anteriormente",J,59,591,5911,palavra-chave,85,2026-07-28 11:54:10
programas,5911199,"Atividades de produção cinematográfica, de vídeos e de programas de televisão não especificadas anteriormente",J,59,591,5911,palavra-chave,85,2026-07-28 11:54:10
Atividades de pós-produção de programas de televisão,5912003,Atividades de pós-produção de programas de televisão,J,59,591,5912,descricao-oficial,100,2026-07-28 11:54:10
atividades,5912003,Atividades de pós-produção de programas de televisão,J,59,591,5912,palavra-chave,85,2026-07-28 11:54:10
pós-produção,5912003,Atividades de pós-produção de programas de televisão,J,59,591,5912,palavra-chave,85,2026-07-28 11:54:10
programas,5912003,Atividades de pós-produção de programas de televisão,J,59,591,5912,palavra-chave,85,2026-07-28 11:54:10
televisão,5912003,Atividades de pós-produção de programas de televisão,J,59,591,5912,palavra-chave,85,2026-07-28 11:54:10
Atividades de pós-produção cinematográfica e de vídeos não especificadas anteriormente,5912099,Atividades de pós-produção cinematográfica e de vídeos não especificadas anteriormente,J,59,591,5912,descricao-oficial,100,2026-07-28 11:54:10
atividades,5912099,Atividades de pós-produção cinematográfica e de vídeos não especificadas anteriormente,J,59,591,5912,palavra-chave,85,2026-07-28 11:54:10
pós-produção,5912099,Atividades de pós-produção cinematográfica e de vídeos não especificadas anteriormente,J,59,591,5912,palavra-chave,85,2026-07-28 11:54:10
cinematográfica,5912099,Atividades de pós-produção cinematográfica e de vídeos não especificadas anteriormente,J,59,591,5912,palavra-chave,85,2026-07-28 11:54:10
vídeos,5912099,Atividades de pós-produção cinematográfica e de vídeos não especificadas anteriormente,J,59,591,5912,palavra-chave,85,2026-07-28 11:54:10
especificadas,5912099,Atividades de pós-produção cinematográfica e de vídeos não especificadas anteriormente,J,59,591,5912,palavra-chave,85,2026-07-28 11:54:10
Atividades de gravação de som e de edição de música,5920100,Atividades de gravação de som e de edição de música,J,59,592,5920,descricao-oficial,100,2026-07-28 11:54:10
atividades,5920100,Atividades de gravação de som e de edição de música,J,59,592,5920,palavra-chave,85,2026-07-28 11:54:10
gravação,5920100,Atividades de gravação de som e de edição de música,J,59,592,5920,palavra-chave,85,2026-07-28 11:54:10
edição,5920100,Atividades de gravação de som e de edição de música,J,59,592,5920,palavra-chave,85,2026-07-28 11:54:10
música,5920100,Atividades de gravação de som e de edição de música,J,59,592,5920,palavra-chave,85,2026-07-28 11:54:10
"Suporte técnico, manutenção e outros serviços em tecnologia da informação",6209101,"Suporte técnico, manutenção e outros serviços em tecnologia da informação",J,62,620,6209,descricao-oficial,100,2026-07-28 11:54:10
suporte,6209101,"Suporte técnico, manutenção e outros serviços em tecnologia da informação",J,62,620,6209,palavra-chave,85,2026-07-28 11:54:10
"técnico,",6209101,"Suporte técnico, manutenção e outros serviços em tecnologia da informação",J,62,620,6209,palavra-chave,85,2026-07-28 11:54:10
manutenção,6209101,"Suporte técnico, manutenção e outros serviços em tecnologia da informação",J,62,620,6209,palavra-chave,85,2026-07-28 11:54:10
serviços,6209101,"Suporte técnico, manutenção e outros serviços em tecnologia da informação",J,62,620,6209,palavra-chave,85,2026-07-28 11:54:10
tecnologia,6209101,"Suporte técnico, manutenção e outros serviços em tecnologia da informação",J,62,620,6209,palavra-chave,85,2026-07-28 11:54:10
Promoção de vendas de tecnologia da informação,6209102,Promoção de vendas de tecnologia da informação,J,62,620,6209,descricao-oficial,100,2026-07-28 11:54:10
promoção,6209102,Promoção de vendas de tecnologia da informação,J,62,620,6209,palavra-chave,85,2026-07-28 11:54:10
vendas,6209102,Promoção de vendas de tecnologia da informação,J,62,620,6209,palavra-chave,85,2026-07-28 11:54:10
tecnologia,6209102,Promoção de vendas de tecnologia da informação,J,62,620,6209,palavra-chave,85,2026-07-28 11:54:10
informação,6209102,Promoção de vendas de tecnologia da informação,J,62,620,6209,palavra-chave,85,2026-07-28 11:54:10
Suporte e outros serviços em tecnologia da informação,6209103,Suporte e outros serviços em tecnologia da informação,J,62,620,6209,descricao-oficial,100,2026-07-28 11:54:10
suporte,6209103,Suporte e outros serviços em tecnologia da informação,J,62,620,6209,palavra-chave,85,2026-07-28 11:54:10
serviços,6209103,Suporte e outros serviços em tecnologia da informação,J,62,620,6209,palavra-chave,85,2026-07-28 11:54:10
tecnologia,6209103,Suporte e outros serviços em tecnologia da informação,J,62,620,6209,palavra-chave,85,2026-07-28 11:54:10
informação,6209103,Suporte e outros serviços em tecnologia da informação,J,62,620,6209,palavra-chave,85,2026-07-28 11:54:10
Provisionamento de bandas largas,6399201,Provisionamento de bandas largas,J,63,639,6399,descricao-oficial,100,2026-07-28 11:54:10
provisionamento,6399201,Provisionamento de bandas largas,J,63,639,6399,palavra-chave,85,2026-07-28 11:54:10
bandas,6399201,Provisionamento de bandas largas,J,63,639,6399,palavra-chave,85,2026-07-28 11:54:10
largas,6399201,Provisionamento de bandas largas,J,63,639,6399,palavra-chave,85,2026-07-28 11:54:10
Outras atividades de prestação de serviços de informação não especificadas anteriormente,6399299,Outras atividades de prestação de serviços de informação não especificadas anteriormente,J,63,639,6399,descricao-oficial,100,2026-07-28 11:54:10
outras,6399299,Outras atividades de prestação de serviços de informação não especificadas anteriormente,J,63,639,6399,palavra-chave,85,2026-07-28 11:54:10
atividades,6399299,Outras atividades de prestação de serviços de informação não especificadas anteriormente,J,63,639,6399,palavra-chave,85,2026-07-28 11:54:10
prestação,6399299,Outras atividades de prestação de serviços de informação não especificadas anteriormente,J,63,639,6399,palavra-chave,85,2026-07-28 11:54:10
serviços,6399299,Outras atividades de prestação de serviços de informação não especificadas anteriormente,J,63,639,6399,palavra-chave,85,2026-07-28 11:54:10
informação,6399299,Outras atividades de prestação de serviços de informação não especificadas anteriormente,J,63,639,6399,palavra-chave,85,2026-07-28 11:54:10
Banco Central,6410701,Banco Central,K,64,641,6410,descricao-oficial,100,2026-07-28 11:54:10
banco,6410701,Banco Central,K,64,641,6410,palavra-chave,85,2026-07-28 11:54:10
central,6410701,Banco Central,K,64,641,6410,palavra-chave,85,2026-07-28 11:54:10
Sedes de empresas e unidades administrativas locais,7010700,Sedes de empresas e unidades administrativas locais,M,70,701,7010,descricao-oficial,100,2026-07-28 11:54:10
sedes,7010700,Sedes de empresas e unidades administrativas locais,M,70,701,7010,palavra-chave,85,2026-07-28 11:54:10
empresas,7010700,Sedes de empresas e unidades administrativas locais,M,70,701,7010,palavra-chave,85,2026-07-28 11:54:10
unidades,7010700,Sedes de empresas e unidades administrativas locais,M,70,701,7010,palavra-chave,85,2026-07-28 11:54:10
administrativas,7010700,Sedes de empresas e unidades administrativas locais,M,70,701,7010,palavra-chave,85,2026-07-28 11:54:10
locais,7010700,Sedes de empresas e unidades administrativas locais,M,70,701,7010,palavra-chave,85,2026-07-28 11:54:10
Sedes de empresas e unidades administrativas locais,7010701,Sedes de empresas e unidades administrativas locais,M,70,701,7010,descricao-oficial,100,2026-07-28 11:54:10
sedes,7010701,Sedes de empresas e unidades administrativas locais,M,70,701,7010,palavra-chave,85,2026-07-28 11:54:10
empresas,7010701,Sedes de empresas e unidades administrativas locais,M,70,701,7010,palavra-chave,85,2026-07-28 11:54:10
unidades,7010701,Sedes de empresas e unidades administrativas locais,M,70,701,7010,palavra-chave,85,2026-07-28 11:54:10
administrativas,7010701,Sedes de empresas e unidades administrativas locais,M,70,701,7010,palavra-chave,85,2026-07-28 11:54:10
locais,7010701,Sedes de empresas e unidades administrativas locais,M,70,701,7010,palavra-chave,85,2026-07-28 11:54:10
Holdings não institucionais,7010702,Holdings não institucionais,M,70,701,7010,descricao-oficial,100,2026-07-28 11:54:10
holdings,7010702,Holdings não institucionais,M,70,701,7010,palavra-chave,85,2026-07-28 11:54:10
institucionais,7010702,Holdings não institucionais,M,70,701,7010,palavra-chave,85,2026-07-28 11:54:10
Holdings institucionais,7010703,Holdings institucionais,M,70,701,7010,descricao-oficial,100,2026-07-28 11:54:10
holdings,7010703,Holdings institucionais,M,70,701,7010,palavra-chave,85,2026-07-28 11:54:10
institucionais,7010703,Holdings institucionais,M,70,701,7010,palavra-chave,85,2026-07-28 11:54:10
Atividade médica ambulatorial sem recursos para procedimentos cirúrgicos e exames complementares,8630507,Atividade médica ambulatorial sem recursos para procedimentos cirúrgicos e exames complementares,Q,86,863,8630,descricao-oficial,100,2026-07-28 11:54:10
atividade,8630507,Atividade médica ambulatorial sem recursos para procedimentos cirúrgicos e exames complementares,Q,86,863,8630,palavra-chave,85,2026-07-28 11:54:10
médica,8630507,Atividade médica ambulatorial sem recursos para procedimentos cirúrgicos e exames complementares,Q,86,863,8630,palavra-chave,85,2026-07-28 11:54:10
ambulatorial,8630507,Atividade médica ambulatorial sem recursos para procedimentos cirúrgicos e exames complementares,Q,86,863,8630,palavra-chave,85,2026-07-28 11:54:10
recursos,8630507,Atividade médica ambulatorial sem recursos para procedimentos cirúrgicos e exames complementares,Q,86,863,8630,palavra-chave,85,2026-07-28 11:54:10
procedimentos,8630507,Atividade médica ambulatorial sem recursos para procedimentos cirúrgicos e exames complementares,Q,86,863,8630,palavra-chave,85,2026-07-28 11:54:10
"Atividades de assistência psicossocial e à saúde a portadores de distúrbios psíquicos, deficiência mental e dependência química",8720402,"Atividades de assistência psicossocial e à saúde a portadores de distúrbios psíquicos, deficiência mental e dependência química",Q,87,872,8720,descricao-oficial,100,2026-07-28 11:54:10
atividades,8720402,"Atividades de assistência psicossocial e à saúde a portadores de distúrbios psíquicos, deficiência mental e dependência química",Q,87,872,8720,palavra-chave,85,2026-07-28 11:54:10
assistência,8720402,"Atividades de assistência psicossocial e à saúde a portadores de distúrbios psíquicos, deficiência mental e dependência química",Q,87,872,8720,palavra-chave,85,2026-07-28 11:54:10
psicossocial,8720402,"Atividades de assistência psicossocial e à saúde a portadores de distúrbios psíquicos, deficiência mental e dependência química",Q,87,872,8720,palavra-chave,85,2026-07-28 11:54:10
saúde,8720402,"Atividades de assistência psicossocial e à saúde a portadores de distúrbios psíquicos, deficiência mental e dependência química",Q,87,872,8720,palavra-chave,85,2026-07-28 11:54:10
portadores,8720402,"Atividades de assistência psicossocial e à saúde a portadores de distúrbios psíquicos, deficiência mental e dependência química",Q,87,872,8720,palavra-chave,85,2026-07-28 11:54:10
"Atividades de assistência a deficientes psíquicos, mentais e dependentes químicos",8720403,"Atividades de assistência a deficientes psíquicos, mentais e dependentes químicos",Q,87,872,8720,descricao-oficial,100,2026-07-28 11:54:10
atividades,8720403,"Atividades de assistência a deficientes psíquicos, mentais e dependentes químicos",Q,87,872,8720,palavra-chave,85,2026-07-28 11:54:10
assistência,8720403,"Atividades de assistência a deficientes psíquicos, mentais e dependentes químicos",Q,87,872,8720,palavra-chave,85,2026-07-28 11:54:10
deficientes,8720403,"Atividades de assistência a deficientes psíquicos, mentais e dependentes químicos",Q,87,872,8720,palavra-chave,85,2026-07-28 11:54:10
"psíquicos,",8720403,"Atividades de assistência a deficientes psíquicos, mentais e dependentes químicos",Q,87,872,8720,palavra-chave,85,2026-07-28 11:54:10
mentais,8720403,"Atividades de assistência a deficientes psíquicos, mentais e dependentes químicos",Q,87,872,8720,palavra-chave,85,2026-07-28 11:54:10
Atividades de apoio a espetáculos,9002700,Atividades de apoio a espetáculos,R,90,900,9002,descricao-oficial,100,2026-07-28 11:54:10
atividades,9002700,Atividades de apoio a espetáculos,R,90,900,9002,palavra-chave,85,2026-07-28 11:54:10
apoio,9002700,Atividades de apoio a espetáculos,R,90,900,9002,palavra-chave,85,2026-07-28 11:54:10
espetáculos,9002700,Atividades de apoio a espetáculos,R,90,900,9002,palavra-chave,85,2026-07-28 11:54:10
Atividades de museus e de exploração de lugares e prédios históricos e atrações similares,9102300,Atividades de museus e de exploração de lugares e prédios históricos e atrações similares,R,91,910,9102,descricao-oficial,100,2026-07-28 11:54:10
atividades,9102300,Atividades de museus e de exploração de lugares e prédios históricos e atrações similares,R,91,910,9102,palavra-chave,85,2026-07-28 11:54:10
museus,9102300,Atividades de museus e de exploração de lugares e prédios históricos e atrações similares,R,91,910,9102,palavra-chave,85,2026-07-28 11:54:10
exploração,9102300,Atividades de museus e de exploração de lugares e prédios históricos e atrações similares,R,91,910,9102,palavra-chave,85,2026-07-28 11:54:10
lugares,9102300,Atividades de museus e de exploração de lugares e prédios históricos e atrações similares,R,91,910,9102,palavra-chave,85,2026-07-28 11:54:10
prédios,9102300,Atividades de museus e de exploração de lugares e prédios históricos e atrações similares,R,91,910,9102,palavra-chave,85,2026-07-28 11:54:10
